{"type":"FeatureCollection","features":[{"type":"Feature","geometry":{"type":"Polygon","coordinates":[[[38.33,17.08],[38.23,17.15],[38.15,17.23],[38.08,17.32],[38.02,17.43],[37.96,17.55],[37.91,17.67],[37.87,17.8],[37.82,17.92],[37.78,18.04],[37.74,18.17],[37.7,18.3],[37.66,18.42],[37.62,18.55],[37.59,18.68],[37.55,18.81],[37.51,18.93],[37.47,19.06],[37.43,19.19],[37.39,19.31],[37.35,19.44],[37.31,19.56],[37.27,19.69],[37.22,19.82],[37.18,19.94],[37.14,20.07],[37.09,20.19],[37.05,20.31],[37.0,20.44],[36.96,20.56],[36.91,20.69],[36.86,20.82],[36.81,20.95],[36.75,21.09],[36.69,21.23],[36.63,21.37],[36.57,21.51],[36.5,21.66],[36.44,21.8],[36.38,21.95],[36.32,22.1],[36.26,22.25],[36.21,22.4],[36.16,22.55],[36.11,22.7],[36.06,22.86],[36.02,23.01],[35.98,23.16],[35.94,23.32],[35.91,23.48],[35.88,23.63],[35.85,23.79],[35.83,23.95],[35.81,24.11],[35.78,24.27],[35.76,24.42],[35.73,24.58],[35.7,24.74],[35.66,24.89],[35.63,25.05],[35.59,25.2],[35.55,25.36],[35.5,25.51],[35.46,25.67],[35.42,25.82],[35.38,25.98],[35.34,26.13],[35.3,26.29],[35.26,26.45],[35.23,26.6],[35.18,26.76],[35.14,26.91],[35.09,27.06],[35.04,27.22],[34.99,27.37],[34.93,27.52],[34.87,27.66],[34.81,27.81],[34.75,27.96],[34.69,28.11],[34.63,28.26],[34.58,28.41],[34.53,28.57],[34.49,28.72],[34.44,28.87],[34.4,29.03],[34.36,29.18],[34.32,29.34],[34.28,29.49],[34.24,29.65],[34.19,29.8],[34.15,29.96],[34.11,30.11],[34.06,30.26],[34.02,30.41],[33.97,30.56],[33.93,30.71],[33.89,30.85],[33.86,31.0],[33.82,31.14],[33.79,31.27],[33.76,31.41],[33.72,31.54],[33.69,31.68],[33.65,31.81],[33.61,31.94],[33.57,32.07],[33.52,32.2],[33.48,32.33],[33.43,32.46],[33.38,32.59],[33.33,32.72],[33.28,32.85],[33.23,32.98],[33.18,33.11],[33.13,33.24],[33.07,33.37],[33.02,33.5],[32.97,33.63],[32.92,33.75],[32.87,33.88],[32.83,34.01],[32.78,34.14],[32.73,34.28],[32.69,34.41],[32.65,34.54],[32.62,34.67],[32.6,34.8],[32.6,34.93],[32.61,35.06],[32.63,35.19],[32.66,35.32],[32.7,35.44],[32.76,35.57],[32.82,35.7],[32.88,35.82],[32.94,35.95],[33.01,36.07],[33.07,36.2],[33.13,36.32],[33.2,36.45],[33.26,36.57],[33.32,36.7],[33.38,36.82],[33.43,36.95],[33.47,37.08],[33.51,37.21],[33.54,37.35],[33.57,37.49],[33.59,37.62],[33.62,37.76],[33.64,37.9],[33.66,38.04],[33.69,38.17],[33.72,38.31],[33.74,38.45],[33.77,38.58],[33.8,38.72],[33.82,38.85],[33.83,38.98],[33.82,39.1],[33.81,39.22],[33.79,39.33],[33.75,39.43],[33.71,39.53],[33.66,39.63],[33.6,39.72],[33.54,39.82],[33.48,39.91],[33.42,40.0],[33.36,40.09],[33.3,40.18],[33.24,40.27],[33.17,40.36],[33.1,40.45],[33.04,40.53],[32.97,40.62],[32.9,40.71],[32.83,40.79],[32.77,40.88],[32.7,40.96],[32.63,41.05],[32.56,41.13],[32.49,41.22],[32.42,41.3],[32.34,41.38],[32.27,41.47],[32.2,41.55],[32.13,41.63],[32.05,41.71],[31.98,41.79],[31.89,41.88],[31.8,41.96],[31.71,42.04],[31.61,42.12],[31.5,42.2],[31.39,42.28],[31.27,42.35],[31.15,42.43],[31.03,42.51],[30.91,42.58],[30.79,42.66],[30.67,42.73],[30.55,42.8],[30.43,42.87],[30.3,42.93],[30.18,43.01],[30.06,43.08],[29.95,43.16],[29.83,43.24],[29.72,43.33],[29.61,43.42],[29.51,43.51],[29.4,43.61],[29.3,43.71],[29.2,43.8],[29.1,43.91],[29.0,44.01],[28.91,44.11],[28.81,44.21],[28.72,44.32],[28.62,44.43],[28.54,44.53],[28.45,44.63],[28.38,44.73],[28.31,44.83],[28.24,44.92],[28.18,45.01],[28.12,45.1],[28.07,45.18],[28.02,45.27],[27.96,45.35],[27.91,45.43],[27.85,45.51],[27.79,45.59],[27.73,45.67],[27.67,45.75],[27.61,45.83],[27.55,45.9],[27.49,45.99],[27.44,46.07],[27.39,46.15],[27.35,46.24],[27.3,46.33],[27.26,46.42],[27.23,46.51],[27.19,46.6],[27.16,46.7],[27.13,46.79],[27.1,46.88],[27.07,46.98],[27.04,47.07],[27.01,47.17],[26.99,47.26],[26.97,47.36],[26.95,47.46],[26.94,47.56],[26.94,47.67],[26.93,47.77],[26.94,47.88],[26.95,47.99],[26.96,48.1],[26.98,48.21],[26.99,48.32],[27.01,48.43],[27.03,48.54],[27.06,48.65],[27.08,48.76],[27.11,48.87],[27.14,48.97],[27.17,49.08],[27.2,49.19],[27.23,49.3],[27.26,49.41],[27.28,49.51],[27.31,49.62],[27.34,49.73],[27.36,49.84],[27.39,49.95],[27.41,50.06],[27.44,50.17],[27.46,50.27],[27.48,50.38],[27.5,50.49],[27.52,50.6],[27.54,50.71],[27.57,50.83],[27.6,50.94],[27.65,51.05],[27.71,51.16],[27.78,51.28],[27.86,51.39],[27.95,51.51],[28.05,51.63],[28.16,51.74],[28.26,51.86],[28.37,51.97],[28.47,52.09],[28.58,52.2],[28.64,52.25],[28.77,52.28],[29.2,52.37],[29.62,52.46],[30.03,52.52],[30.45,52.57],[30.88,52.6],[31.32,52.62],[31.76,52.62],[32.22,52.61],[32.68,52.58],[33.16,52.53],[33.64,52.47],[34.12,52.41],[34.59,52.35],[35.05,52.27],[35.5,52.19],[35.95,52.11],[36.4,52.02],[36.84,51.92],[36.88,51.91],[37.33,51.83],[37.37,51.83],[37.82,51.77],[37.86,51.76],[38.32,51.72],[38.36,51.72],[38.82,51.7],[38.86,51.7],[39.32,51.7],[39.36,51.71],[39.83,51.73],[39.87,51.73],[40.34,51.77],[40.37,51.78],[40.85,51.84],[41.33,51.9],[41.33,51.91],[41.8,51.97],[41.81,51.98],[42.27,52.05],[42.28,52.05],[42.74,52.12],[42.75,52.12],[43.21,52.2],[43.67,52.29],[43.68,52.29],[44.13,52.37],[44.14,52.37],[44.57,52.46],[44.98,52.52],[45.39,52.56],[45.81,52.58],[46.22,52.59],[46.63,52.58],[47.04,52.55],[47.45,52.5],[47.88,52.42],[48.33,52.35],[48.77,52.27],[49.21,52.2],[49.65,52.12],[50.08,52.05],[50.51,51.98],[50.94,51.9],[51.36,51.83],[51.4,51.82],[51.82,51.76],[51.86,51.76],[52.28,51.72],[52.32,51.72],[52.74,51.69],[52.78,51.69],[53.2,51.68],[53.23,51.68],[53.66,51.7],[53.69,51.7],[54.12,51.73],[54.15,51.73],[54.58,51.77],[54.61,51.78],[55.03,51.84],[55.44,51.89],[55.85,51.94],[56.26,51.97],[56.67,52.0],[57.08,52.03],[57.49,52.04],[57.9,52.05],[59.8,52.05],[59.97,52.07],[60.13,52.11],[60.27,52.19],[60.4,52.3],[60.51,52.43],[60.59,52.57],[60.63,52.73],[60.65,52.9],[60.63,53.07],[60.59,53.23],[60.51,53.37],[60.4,53.5],[60.27,53.61],[60.13,53.69],[59.97,53.73],[59.8,53.75],[57.89,53.75],[57.87,53.75],[57.45,53.74],[57.43,53.74],[57.01,53.73],[56.99,53.73],[56.57,53.7],[56.55,53.7],[56.13,53.67],[56.11,53.67],[55.68,53.63],[55.67,53.63],[55.24,53.58],[55.23,53.58],[54.8,53.52],[54.79,53.52],[54.38,53.46],[53.99,53.42],[53.6,53.39],[53.21,53.38],[52.82,53.39],[52.43,53.41],[52.04,53.45],[51.64,53.5],[51.24,53.57],[51.23,53.57],[50.81,53.65],[50.37,53.72],[50.37,53.73],[49.94,53.8],[49.5,53.88],[49.06,53.95],[48.61,54.03],[48.17,54.1],[48.16,54.1],[47.71,54.18],[47.68,54.18],[47.23,54.24],[47.19,54.24],[46.74,54.27],[46.7,54.28],[46.25,54.29],[46.21,54.29],[45.76,54.28],[45.72,54.28],[45.27,54.26],[45.24,54.25],[44.79,54.21],[44.75,54.2],[44.3,54.13],[44.26,54.13],[43.82,54.04],[43.37,53.96],[42.92,53.88],[42.47,53.8],[42.01,53.73],[41.55,53.66],[41.09,53.59],[40.62,53.52],[40.17,53.46],[39.73,53.42],[39.3,53.4],[38.87,53.4],[38.45,53.42],[38.03,53.46],[37.61,53.51],[37.19,53.58],[36.76,53.68],[36.75,53.68],[36.29,53.78],[36.28,53.78],[35.81,53.87],[35.8,53.87],[35.33,53.95],[35.32,53.95],[34.85,54.03],[34.83,54.03],[34.35,54.1],[34.34,54.1],[33.85,54.16],[33.84,54.16],[33.35,54.22],[33.33,54.22],[32.83,54.27],[32.81,54.27],[32.31,54.31],[32.29,54.31],[31.8,54.32],[31.77,54.32],[31.29,54.32],[31.26,54.32],[30.82,54.3],[30.82,54.31],[30.87,54.42],[30.91,54.52],[30.91,54.62],[30.9,54.72],[30.86,54.82],[30.79,54.91],[30.71,55.0],[30.62,55.08],[30.53,55.17],[30.45,55.26],[30.36,55.35],[30.27,55.44],[30.19,55.52],[30.1,55.61],[30.01,55.7],[29.93,55.79],[29.84,55.88],[29.75,55.97],[29.67,56.06],[29.58,56.14],[29.5,56.23],[29.41,56.32],[29.33,56.41],[29.24,56.5],[29.15,56.59],[29.07,56.68],[28.98,56.77],[28.89,56.85],[28.8,56.94],[28.71,57.02],[28.62,57.11],[28.52,57.2],[28.42,57.29],[28.31,57.39],[28.19,57.5],[28.07,57.61],[27.94,57.73],[27.8,57.85],[27.66,57.98],[27.52,58.1],[27.37,58.23],[27.22,58.35],[27.07,58.47],[26.92,58.58],[26.77,58.7],[26.61,58.81],[26.45,58.92],[26.3,59.02],[26.14,59.13],[25.98,59.23],[25.81,59.33],[25.65,59.43],[25.49,59.53],[25.32,59.63],[25.16,59.73],[24.99,59.82],[24.83,59.92],[24.67,60.02],[24.5,60.12],[24.34,60.22],[24.18,60.33],[24.02,60.43],[23.86,60.53],[23.71,60.64],[23.56,60.76],[23.43,60.87],[23.3,61.0],[23.17,61.12],[23.06,61.25],[22.95,61.39],[22.85,61.53],[22.75,61.67],[22.65,61.8],[22.54,61.94],[22.43,62.07],[22.32,62.2],[22.21,62.32],[22.09,62.45],[21.97,62.57],[21.85,62.7],[21.74,62.82],[21.63,62.95],[21.52,63.08],[21.41,63.22],[21.3,63.35],[21.2,63.48],[21.1,63.62],[20.99,63.76],[20.89,63.89],[20.78,64.03],[20.67,64.16],[20.56,64.29],[20.44,64.41],[20.33,64.54],[20.21,64.66],[20.1,64.79],[19.99,64.92],[19.88,65.06],[19.78,65.2],[19.68,65.34],[19.59,65.49],[19.5,65.64],[19.42,65.8],[19.33,65.95],[19.24,66.1],[19.16,66.26],[19.07,66.41],[18.98,66.56],[18.88,66.71],[18.79,66.86],[18.7,67.01],[18.6,67.16],[18.51,67.31],[18.41,67.46],[18.32,67.61],[18.23,67.76],[18.13,67.91],[18.04,68.06],[17.95,68.21],[17.86,68.36],[17.77,68.51],[17.68,68.66],[17.59,68.82],[17.51,68.97],[17.43,69.13],[17.35,69.29],[17.27,69.44],[17.21,69.6],[17.15,69.76],[17.11,69.92],[17.07,70.07],[17.05,70.23],[17.04,70.39],[17.04,70.54],[17.06,70.69],[17.07,70.85],[17.08,71.0],[17.1,71.16],[17.12,71.31],[17.14,71.46],[17.15,71.62],[17.17,71.77],[17.2,71.92],[17.22,72.08],[17.24,72.23],[17.27,72.38],[17.3,72.54],[17.33,72.69],[17.36,72.84],[17.39,72.99],[17.43,73.14],[17.46,73.29],[17.49,73.44],[17.52,73.6],[17.54,73.75],[17.57,73.9],[17.59,74.05],[17.61,74.21],[17.63,74.36],[17.64,74.51],[17.65,74.66],[17.64,74.81],[17.63,74.96],[17.6,75.1],[17.57,75.25],[17.53,75.39],[17.48,75.53],[17.43,75.67],[17.38,75.8],[17.32,75.94],[17.26,76.07],[17.2,76.21],[17.14,76.34],[17.07,76.47],[17.0,76.6],[16.93,76.73],[16.85,76.85],[16.78,76.98],[16.71,77.11],[16.63,77.24],[16.56,77.36],[16.48,77.49],[16.41,77.62],[16.33,77.74],[16.26,77.87],[16.19,78.0],[16.12,78.13],[16.04,78.25],[15.97,78.38],[15.91,78.51],[15.84,78.64],[15.77,78.78],[15.7,78.91],[15.63,79.05],[15.56,79.19],[15.5,79.34],[15.43,79.49],[15.36,79.64],[15.29,79.79],[15.22,79.94],[15.15,80.1],[15.09,80.25],[15.03,80.41],[14.97,80.57],[14.91,80.73],[14.86,80.88],[14.8,81.04],[14.75,81.2],[14.68,81.36],[14.62,81.51],[14.55,81.66],[14.47,81.81],[14.39,81.96],[14.31,82.1],[14.22,82.25],[14.13,82.39],[14.05,82.54],[13.97,82.69],[13.89,82.84],[13.82,82.99],[13.75,83.14],[13.69,83.3],[13.62,83.45],[13.57,83.61],[13.52,83.77],[13.49,83.94],[13.47,84.1],[13.45,84.27],[13.45,84.44],[13.45,84.61],[13.46,84.79],[13.48,84.96],[13.48,85.14],[13.49,85.31],[13.49,85.49],[13.49,85.66],[13.49,85.84],[13.48,86.01],[13.47,86.19],[13.46,86.36],[13.45,86.54],[13.45,86.71],[13.45,86.89],[13.45,87.06],[13.46,87.24],[13.46,87.41],[13.47,87.59],[13.48,87.76],[13.48,87.94],[13.49,88.11],[13.48,88.29],[13.48,88.46],[13.47,88.64],[13.46,88.81],[13.45,88.99],[13.44,89.16],[13.44,89.33],[13.46,89.5],[13.47,89.67],[13.5,89.83],[13.54,90.0],[13.58,90.16],[13.63,90.32],[13.69,90.48],[13.74,90.64],[13.8,90.8],[13.85,90.96],[13.91,91.12],[13.97,91.27],[14.03,91.43],[14.09,91.59],[14.16,91.74],[14.22,91.9],[14.29,92.05],[14.36,92.2],[14.44,92.35],[14.51,92.5],[14.59,92.65],[14.67,92.8],[14.75,92.95],[14.83,93.1],[14.91,93.24],[14.99,93.39],[15.08,93.54],[15.16,93.69],[15.24,93.84],[15.32,93.98],[15.39,94.13],[15.45,94.28],[15.49,94.43],[15.53,94.58],[15.55,94.73],[15.57,94.88],[15.57,95.04],[15.56,95.19],[15.55,95.34],[15.55,95.49],[15.54,95.65],[15.54,95.8],[15.54,95.95],[15.54,96.11],[15.54,96.26],[15.54,96.41],[15.54,96.57],[15.54,96.72],[15.55,96.87],[15.55,97.03],[15.56,97.18],[15.57,97.33],[15.57,97.49],[15.58,97.64],[15.59,97.79],[15.59,97.94],[15.6,98.1],[15.6,98.25],[15.6,98.4],[15.6,98.56],[15.6,98.71],[15.6,98.86],[15.61,99.01],[15.62,99.16],[15.64,99.31],[15.66,99.45],[15.69,99.59],[15.72,99.73],[15.76,99.86],[15.81,99.99],[15.86,100.12],[15.91,100.25],[15.96,100.38],[16.01,100.51],[16.07,100.63],[16.13,100.76],[16.19,100.88],[16.26,101.01],[16.32,101.13],[16.37,101.26],[16.42,101.39],[16.46,101.52],[16.5,101.65],[16.54,101.78],[16.57,101.92],[16.59,102.06],[16.62,102.19],[16.65,102.33],[16.68,102.46],[16.71,102.6],[16.75,102.73],[16.78,102.87],[16.82,103.0],[16.86,103.13],[16.91,103.27],[16.96,103.4],[17.03,103.54],[17.1,103.67],[17.17,103.81],[17.26,103.95],[17.35,104.09],[17.45,104.23],[17.55,104.36],[17.65,104.5],[17.75,104.64],[17.85,104.78],[17.95,104.92],[18.06,105.05],[18.16,105.19],[18.26,105.33],[18.37,105.46],[18.48,105.59],[18.59,105.73],[18.7,105.85],[18.81,105.98],[18.93,106.11],[19.05,106.23],[19.17,106.35],[19.29,106.47],[19.41,106.6],[19.53,106.72],[19.64,106.84],[19.76,106.97],[19.88,107.1],[19.99,107.22],[20.1,107.35],[20.21,107.48],[20.31,107.61],[20.41,107.73],[20.5,107.86],[20.58,107.99],[20.66,108.11],[20.73,108.24],[20.8,108.36],[20.87,108.49],[20.94,108.61],[21.01,108.73],[21.08,108.85],[21.16,108.97],[21.23,109.09],[21.31,109.21],[21.39,109.33],[21.47,109.44],[21.56,109.55],[21.64,109.66],[21.73,109.77],[21.82,109.88],[21.92,109.99],[22.02,110.09],[22.11,110.19],[22.21,110.29],[22.32,110.39],[22.42,110.49],[22.52,110.58],[22.62,110.68],[22.72,110.78],[22.83,110.87],[22.93,110.97],[23.02,111.06],[23.08,111.16],[23.12,111.26],[23.14,111.37],[23.14,111.47],[23.12,111.58],[23.07,111.68],[23.01,111.79],[22.94,111.9],[22.88,112.02],[22.82,112.13],[22.75,112.24],[22.69,112.35],[22.63,112.46],[22.57,112.57],[22.51,112.69],[22.45,112.8],[22.39,112.91],[22.32,113.02],[22.26,113.13],[22.19,113.24],[22.13,113.35],[22.06,113.46],[21.99,113.56],[21.92,113.67],[21.85,113.78],[21.78,113.89],[21.72,113.99],[21.65,114.1],[21.58,114.21],[21.51,114.32],[21.44,114.42],[21.37,114.55],[21.31,114.68],[21.24,114.83],[21.18,115.0],[21.12,115.17],[21.06,115.37],[21.0,115.57],[20.94,115.8],[20.88,116.02],[20.82,116.24],[20.76,116.46],[20.69,116.67],[20.62,116.89],[20.55,117.11],[20.48,117.33],[20.41,117.54],[20.34,117.76],[20.27,117.98],[20.21,118.2],[20.15,118.42],[20.09,118.64],[20.04,118.86],[19.99,119.09],[19.94,119.31],[19.89,119.53],[19.83,119.75],[19.77,119.97],[19.7,120.19],[19.63,120.41],[19.56,120.63],[19.48,120.84],[19.39,121.05],[19.33,121.26],[19.28,121.47],[19.24,121.68],[19.22,121.88],[19.22,122.08],[19.24,122.28],[19.27,122.48],[19.32,122.67],[19.36,122.86],[19.4,123.06],[19.44,123.25],[19.48,123.45],[19.51,123.64],[19.54,123.84],[19.57,124.04],[19.59,124.23],[19.61,124.43],[19.63,124.63],[19.64,124.83],[19.65,125.03],[19.66,125.22],[19.66,125.42],[19.66,125.62],[19.66,125.82],[19.65,126.02],[19.66,126.22],[19.66,126.42],[19.67,126.61],[19.68,126.81],[19.7,127.01],[19.71,127.21],[19.73,127.41],[19.76,127.59],[19.8,127.76],[19.85,127.91],[19.91,128.05],[19.98,128.17],[20.06,128.27],[20.15,128.36],[20.25,128.44],[20.35,128.52],[20.44,128.59],[20.54,128.67],[20.64,128.75],[20.74,128.82],[20.84,128.9],[20.93,128.98],[21.03,129.06],[21.13,129.14],[21.22,129.22],[21.31,129.3],[21.4,129.39],[21.49,129.47],[21.58,129.56],[21.67,129.65],[21.75,129.74],[21.84,129.84],[21.92,129.93],[22.0,130.03],[22.07,130.13],[22.15,130.23],[22.22,130.33],[22.29,130.43],[22.36,130.53],[22.44,130.62],[22.55,130.69],[22.66,130.74],[22.8,130.78],[22.95,130.79],[23.11,130.79],[23.29,130.77],[23.49,130.74],[23.69,130.7],[23.89,130.67],[24.09,130.64],[24.29,130.62],[24.49,130.59],[24.69,130.57],[24.89,130.56],[25.09,130.54],[25.29,130.53],[25.49,130.52],[25.69,130.51],[25.9,130.5],[26.1,130.5],[26.3,130.49],[26.5,130.49],[26.7,130.48],[26.9,130.48],[27.1,130.47],[27.31,130.45],[27.51,130.44],[27.71,130.41],[27.91,130.39],[28.11,130.36],[28.3,130.32],[28.5,130.28],[28.7,130.25],[28.9,130.21],[29.1,130.16],[29.3,130.12],[29.5,130.07],[29.7,130.03],[29.9,129.98],[30.1,129.93],[30.3,129.89],[30.5,129.85],[30.7,129.81],[30.9,129.78],[31.11,129.75],[31.31,129.72],[31.51,129.7],[31.72,129.68],[31.92,129.65],[32.12,129.63],[32.33,129.6],[32.53,129.57],[32.73,129.54],[32.94,129.5],[33.14,129.47],[33.34,129.43],[33.54,129.39],[33.74,129.34],[33.94,129.29],[34.14,129.23],[34.33,129.17],[34.53,129.11],[34.72,129.04],[34.9,128.96],[35.07,128.88],[35.22,128.79],[35.36,128.69],[35.49,128.58],[35.61,128.46],[35.71,128.34],[35.79,128.21],[35.88,128.08],[35.97,127.94],[36.05,127.81],[36.13,127.67],[36.21,127.54],[36.29,127.4],[36.37,127.26],[36.44,127.12],[36.52,126.99],[36.6,126.85],[36.69,126.72],[36.77,126.59],[36.86,126.46],[36.95,126.33],[37.04,126.2],[37.14,126.07],[37.23,125.95],[37.33,125.82],[37.42,125.69],[37.51,125.56],[37.61,125.44],[37.7,125.31],[37.79,125.18],[37.88,125.05],[37.96,124.91],[38.04,124.77],[38.1,124.61],[38.16,124.45],[38.21,124.27],[38.25,124.09],[38.28,123.9],[38.3,123.7],[38.32,123.49],[38.35,123.29],[38.38,123.09],[38.41,122.89],[38.44,122.69],[38.48,122.5],[38.52,122.3],[38.56,122.1],[38.6,121.9],[38.64,121.7],[38.68,121.5],[38.72,121.31],[38.76,121.11],[38.8,120.91],[38.84,120.71],[38.88,120.51],[38.93,120.31],[38.98,120.12],[39.03,119.92],[39.09,119.73],[39.15,119.54],[39.21,119.34],[39.28,119.15],[39.35,118.96],[39.42,118.79],[39.48,118.63],[39.55,118.49],[39.61,118.36],[39.66,118.25],[39.72,118.16],[39.77,118.08],[39.81,118.02],[39.86,117.95],[39.91,117.89],[39.95,117.83],[40.0,117.76],[40.04,117.7],[40.09,117.63],[40.13,117.56],[40.17,117.5],[40.22,117.43],[40.26,117.37],[40.3,117.3],[40.34,117.23],[40.38,117.16],[40.42,117.09],[40.46,117.02],[40.5,116.96],[40.54,116.89],[40.58,116.82],[40.62,116.75],[40.66,116.68],[40.7,116.62],[40.75,116.55],[40.79,116.49],[40.84,116.42],[40.9,116.37],[40.97,116.33],[41.05,116.3],[41.14,116.29],[41.24,116.28],[41.36,116.29],[41.49,116.31],[41.62,116.34],[41.76,116.37],[41.9,116.4],[42.04,116.43],[42.18,116.46],[42.32,116.49],[42.46,116.51],[42.6,116.53],[42.74,116.56],[42.88,116.58],[43.02,116.61],[43.16,116.65],[43.3,116.68],[43.43,116.72],[43.57,116.77],[43.7,116.82],[43.83,116.87],[43.97,116.92],[44.1,116.98],[44.23,117.04],[44.36,117.1],[44.48,117.16],[44.61,117.22],[44.74,117.29],[44.86,117.36],[44.99,117.41],[45.12,117.43],[45.25,117.43],[45.38,117.41],[45.52,117.37],[45.65,117.31],[45.79,117.23],[45.94,117.12],[46.08,117.01],[46.22,116.91],[46.37,116.82],[46.52,116.72],[46.67,116.63],[46.82,116.54],[46.98,116.45],[47.13,116.37],[47.29,116.29],[47.45,116.21],[47.61,116.13],[47.77,116.05],[47.92,115.97],[48.08,115.9],[48.24,115.82],[48.4,115.75],[48.56,115.67],[48.72,115.59],[48.88,115.51],[49.04,115.43],[49.19,115.35],[49.35,115.27],[49.5,115.19],[49.66,115.1],[49.81,115.02],[49.97,114.95],[50.12,114.88],[50.28,114.81],[50.43,114.76],[50.59,114.7],[50.74,114.66],[50.9,114.62],[51.05,114.57],[51.2,114.53],[51.35,114.48],[51.51,114.43],[51.65,114.37],[51.8,114.31],[51.95,114.25],[52.1,114.19],[52.25,114.13],[52.39,114.07],[52.54,114.01],[52.69,113.96],[52.85,113.91],[53.0,113.87],[53.15,113.83],[53.31,113.79],[53.46,113.75],[53.62,113.71],[53.77,113.68],[53.93,113.64],[54.08,113.61],[54.24,113.57],[54.4,113.54],[54.55,113.51],[54.71,113.49],[54.86,113.47],[55.02,113.46],[55.18,113.47],[55.33,113.47],[55.49,113.49],[55.64,113.52],[55.79,113.55],[55.95,113.58],[56.1,113.61],[56.26,113.64],[56.41,113.67],[56.57,113.7],[56.73,113.72],[56.88,113.75],[57.04,113.77],[57.19,113.8],[57.35,113.82],[57.51,113.84],[57.66,113.85],[57.82,113.87],[57.98,113.89],[58.14,113.9],[58.29,113.92],[58.45,113.93],[58.61,113.94],[58.77,113.96],[58.92,113.97],[59.08,113.99],[59.24,114.01],[59.39,114.02],[59.55,114.04],[59.71,114.05],[59.86,114.06],[60.02,114.06],[60.18,114.05],[60.34,114.04],[60.49,114.03],[60.65,114.01],[60.81,113.98],[60.97,113.95],[61.13,113.93],[61.28,113.9],[61.44,113.87],[61.6,113.84],[61.75,113.81],[61.91,113.78],[62.07,113.75],[62.22,113.71],[62.38,113.67],[62.53,113.63],[62.68,113.58],[62.83,113.53],[62.98,113.47],[63.13,113.42],[63.28,113.35],[63.43,113.29],[63.58,113.23],[63.72,113.17],[63.87,113.11],[64.02,113.06],[64.17,113.0],[64.32,112.94],[64.47,112.89],[64.63,112.84],[64.79,112.79],[64.96,112.75],[65.14,112.71],[65.32,112.67],[65.51,112.64],[65.7,112.61],[65.9,112.58],[66.1,112.55],[66.3,112.52],[66.5,112.49],[66.7,112.45],[66.9,112.41],[67.09,112.37],[67.29,112.33],[67.49,112.28],[67.68,112.24],[67.88,112.2],[68.08,112.17],[68.28,112.15],[68.48,112.12],[68.68,112.11],[68.88,112.09],[69.08,112.08],[69.28,112.08],[69.49,112.07],[69.69,112.06],[69.89,112.05],[70.09,112.05],[70.29,112.04],[70.49,112.03],[70.69,112.02],[70.89,112.01],[71.09,111.98],[71.29,111.94],[71.49,111.89],[71.68,111.83],[71.87,111.75],[72.06,111.67],[72.25,111.57],[72.44,111.48],[72.63,111.39],[72.83,111.31],[73.02,111.22],[73.22,111.14],[73.41,111.06],[73.61,110.98],[73.81,110.91],[74.01,110.84],[74.21,110.77],[74.41,110.7],[74.61,110.63],[74.81,110.56],[75.01,110.49],[75.21,110.43],[75.41,110.36],[75.61,110.3],[75.82,110.25],[76.02,110.2],[76.23,110.15],[76.44,110.11],[76.65,110.07],[76.85,110.03],[77.06,110.0],[77.26,109.96],[77.45,109.9],[77.63,109.83],[77.8,109.75],[77.96,109.65],[78.11,109.54],[78.24,109.41],[78.37,109.27],[78.5,109.13],[78.62,108.99],[78.74,108.84],[78.86,108.7],[78.98,108.55],[79.09,108.4],[79.21,108.25],[79.32,108.1],[79.43,107.94],[79.54,107.79],[79.65,107.64],[79.75,107.48],[79.85,107.32],[79.96,107.16],[80.06,107.0],[80.15,106.84],[80.25,106.68],[80.35,106.52],[80.45,106.36],[80.55,106.2],[80.65,106.04],[80.75,105.88],[80.85,105.72],[80.95,105.56],[81.04,105.4],[81.13,105.24],[81.22,105.08],[81.29,104.92],[81.37,104.76],[81.43,104.6],[81.49,104.44],[81.55,104.28],[81.61,104.12],[81.66,103.96],[81.72,103.8],[81.78,103.64],[81.85,103.48],[81.91,103.33],[81.97,103.17],[82.04,103.01],[82.1,102.86],[82.17,102.7],[82.23,102.54],[82.3,102.39],[82.36,102.23],[82.43,102.07],[82.49,101.92],[82.56,101.76],[82.63,101.6],[82.69,101.45],[82.76,101.29],[82.84,101.14],[82.91,100.99],[82.98,100.83],[83.06,100.68],[83.13,100.53],[83.2,100.38],[83.27,100.22],[83.33,100.06],[83.38,99.9],[83.43,99.74],[83.48,99.57],[83.52,99.4],[83.55,99.23],[83.58,99.06],[83.61,98.89],[83.63,98.72],[83.66,98.54],[83.68,98.37],[83.69,98.2],[83.71,98.03],[83.72,97.85],[83.73,97.68],[83.75,97.51],[83.76,97.33],[83.78,97.16],[83.8,96.99],[83.82,96.81],[83.84,96.64],[83.86,96.47],[83.88,96.3],[83.9,96.12],[83.93,95.95],[83.96,95.78],[83.98,95.61],[84.02,95.44],[84.05,95.27],[84.08,95.1],[84.1,94.93],[84.11,94.76],[84.11,94.6],[84.1,94.44],[84.07,94.28],[84.03,94.12],[83.98,93.97],[83.92,93.81],[83.85,93.66],[83.79,93.51],[83.72,93.36],[83.64,93.21],[83.57,93.07],[83.49,92.92],[83.41,92.78],[83.33,92.63],[83.26,92.49],[83.19,92.34],[83.13,92.19],[83.07,92.03],[83.02,91.88],[82.97,91.72],[82.93,91.56],[82.9,91.4],[82.86,91.24],[82.82,91.08],[82.78,90.92],[82.73,90.76],[82.68,90.6],[82.63,90.45],[82.57,90.29],[82.51,90.14],[82.45,89.99],[82.37,89.85],[82.3,89.72],[82.22,89.6],[82.13,89.49],[82.04,89.38],[81.94,89.28],[81.84,89.19],[81.73,89.1],[81.63,89.01],[81.52,88.93],[81.41,88.84],[81.3,88.76],[81.19,88.69],[81.07,88.61],[80.96,88.54],[80.84,88.47],[80.72,88.4],[80.6,88.34],[80.47,88.28],[80.35,88.23],[80.22,88.18],[80.09,88.14],[79.96,88.09],[79.83,88.05],[79.7,88.01],[79.57,87.96],[79.44,87.91],[79.32,87.86],[79.19,87.81],[79.19,87.8],[79.18,87.83],[79.17,87.89],[79.16,87.95],[79.14,88.0],[79.12,88.06],[79.1,88.11],[79.08,88.17],[79.06,88.22],[79.03,88.27],[79.0,88.31],[78.97,88.36],[78.94,88.41],[78.91,88.45],[78.87,88.49],[78.83,88.53],[78.8,88.56],[78.76,88.6],[78.71,88.63],[78.67,88.66],[78.63,88.68],[78.58,88.71],[78.54,88.73],[78.49,88.75],[78.44,88.76],[78.4,88.78],[78.35,88.79],[78.3,88.79],[78.25,88.8],[78.2,88.8],[78.15,88.8],[78.1,88.79],[78.05,88.79],[78.0,88.78],[77.96,88.76],[77.91,88.75],[77.86,88.73],[77.82,88.71],[77.77,88.68],[77.73,88.66],[77.69,88.63],[77.64,88.6],[77.6,88.56],[77.57,88.53],[77.53,88.49],[77.49,88.45],[77.46,88.41],[77.43,88.36],[77.4,88.31],[77.37,88.27],[77.34,88.22],[77.32,88.17],[77.3,88.11],[77.28,88.06],[77.26,88.0],[77.24,87.95],[77.23,87.89],[77.22,87.83],[77.21,87.78],[77.2,87.72],[77.2,87.66],[77.2,87.6],[77.2,87.54],[77.2,87.48],[77.21,87.42],[77.22,87.37],[77.23,87.31],[77.24,87.25],[77.26,87.2],[77.28,87.14],[77.3,87.09],[77.32,87.03],[77.18,86.97],[77.0,86.89],[76.83,86.82],[76.65,86.75],[76.48,86.67],[76.3,86.59],[76.13,86.52],[75.96,86.44],[75.78,86.37],[75.6,86.3],[75.43,86.23],[75.25,86.16],[75.07,86.09],[74.9,86.02],[74.72,85.96],[74.54,85.9],[74.36,85.84],[74.18,85.78],[73.99,85.72],[73.81,85.67],[73.63,85.62],[73.44,85.57],[73.27,85.52],[73.1,85.47],[72.93,85.43],[72.77,85.38],[72.62,85.33],[72.48,85.29],[72.34,85.24],[72.21,85.2],[72.08,85.15],[71.95,85.11],[71.82,85.06],[71.69,85.02],[71.56,84.97],[71.43,84.93],[71.3,84.88],[71.17,84.83],[71.03,84.79],[70.9,84.75],[70.77,84.71],[70.64,84.67],[70.5,84.63],[70.37,84.59],[70.24,84.56],[70.1,84.53],[69.97,84.49],[69.83,84.45],[69.7,84.41],[69.57,84.37],[69.44,84.33],[69.31,84.28],[69.18,84.23],[69.05,84.18],[68.93,84.12],[68.82,84.06],[68.72,83.99],[68.63,83.92],[68.55,83.84],[68.48,83.75],[68.42,83.66],[68.37,83.56],[68.32,83.47],[68.26,83.37],[68.21,83.28],[68.15,83.18],[68.09,83.09],[68.03,83.0],[67.96,82.91],[67.9,82.82],[67.84,82.73],[67.77,82.64],[67.7,82.55],[67.64,82.47],[67.57,82.38],[67.5,82.29],[67.43,82.21],[67.37,82.12],[67.3,82.04],[67.22,81.95],[67.15,81.87],[67.08,81.79],[67.0,81.71],[66.93,81.63],[66.85,81.55],[66.77,81.47],[66.72,81.39],[66.68,81.32],[66.67,81.24],[66.68,81.16],[66.71,81.08],[66.76,81.0],[66.84,80.92],[66.93,80.85],[67.03,80.77],[67.12,80.69],[67.22,80.61],[67.31,80.53],[67.41,80.45],[67.5,80.37],[67.6,80.29],[67.69,80.21],[67.78,80.12],[67.88,80.04],[67.96,79.95],[68.05,79.86],[68.14,79.78],[68.22,79.69],[68.31,79.59],[68.39,79.5],[68.47,79.41],[68.55,79.31],[68.63,79.22],[68.71,79.12],[68.79,79.03],[68.87,78.93],[68.95,78.83],[69.03,78.74],[69.11,78.65],[69.2,78.56],[69.29,78.49],[69.39,78.41],[69.49,78.35],[69.6,78.29],[69.72,78.24],[69.84,78.19],[69.96,78.14],[70.07,78.09],[70.19,78.03],[70.3,77.98],[70.42,77.92],[70.53,77.86],[70.64,77.79],[70.75,77.73],[70.86,77.66],[70.97,77.59],[71.08,77.52],[71.19,77.45],[71.29,77.38],[71.4,77.31],[71.5,77.24],[71.61,77.16],[71.71,77.09],[71.82,77.01],[71.92,76.94],[72.02,76.86],[72.13,76.79],[72.23,76.71],[72.33,76.64],[72.44,76.56],[72.54,76.49],[72.63,76.41],[72.72,76.33],[72.81,76.25],[72.89,76.17],[72.97,76.09],[73.04,76.0],[73.11,75.92],[73.18,75.83],[73.24,75.74],[73.31,75.66],[73.38,75.57],[73.44,75.48],[73.5,75.39],[73.57,75.3],[73.63,75.21],[73.69,75.13],[73.76,75.04],[73.82,74.95],[73.89,74.86],[73.95,74.77],[74.02,74.68],[74.08,74.6],[74.15,74.51],[74.22,74.42],[74.28,74.34],[74.35,74.25],[74.41,74.16],[74.48,74.07],[74.54,73.98],[74.61,73.9],[74.67,73.81],[74.73,73.71],[74.77,73.61],[74.79,73.5],[74.81,73.38],[74.81,73.25],[74.8,73.11],[74.78,72.97],[74.74,72.81],[74.71,72.66],[74.68,72.51],[74.65,72.35],[74.62,72.2],[74.59,72.05],[74.57,71.89],[74.54,71.74],[74.52,71.58],[74.5,71.43],[74.47,71.27],[74.45,71.12],[74.42,70.97],[74.4,70.81],[74.37,70.66],[74.34,70.5],[74.31,70.35],[74.29,70.2],[74.26,70.04],[74.22,69.89],[74.19,69.74],[74.15,69.58],[74.12,69.43],[74.08,69.28],[74.04,69.13],[74.01,68.98],[73.99,68.84],[73.98,68.69],[73.98,68.55],[73.99,68.42],[74.01,68.28],[74.04,68.15],[74.08,68.03],[74.12,67.9],[74.16,67.77],[74.19,67.64],[74.22,67.51],[74.26,67.38],[74.28,67.25],[74.31,67.12],[74.34,66.99],[74.36,66.86],[74.38,66.73],[74.4,66.59],[74.42,66.46],[74.44,66.33],[74.45,66.2],[74.46,66.06],[74.47,65.93],[74.48,65.8],[74.49,65.66],[74.5,65.53],[74.51,65.4],[74.53,65.26],[74.54,65.13],[74.55,65.0],[74.56,64.87],[74.59,64.74],[74.64,64.64],[74.72,64.54],[74.81,64.45],[74.92,64.38],[75.06,64.32],[75.21,64.27],[75.39,64.23],[75.56,64.19],[75.74,64.15],[75.91,64.1],[76.08,64.05],[76.26,64.0],[76.43,63.95],[76.6,63.89],[76.77,63.83],[76.94,63.77],[77.1,63.71],[77.27,63.65],[77.44,63.59],[77.61,63.52],[77.77,63.45],[77.94,63.38],[78.1,63.31],[78.27,63.24],[78.43,63.16],[78.59,63.08],[78.75,63.0],[78.9,62.91],[79.06,62.82],[79.21,62.73],[79.37,62.63],[79.51,62.55],[79.64,62.47],[79.77,62.41],[79.88,62.35],[79.99,62.3],[80.08,62.26],[80.17,62.24],[80.24,62.22],[80.32,62.2],[80.39,62.18],[80.47,62.16],[80.55,62.14],[80.62,62.12],[80.7,62.1],[80.77,62.08],[80.85,62.06],[80.92,62.03],[81.0,62.01],[81.07,61.99],[81.14,61.96],[81.22,61.94],[81.29,61.92],[81.37,61.89],[81.44,61.87],[81.52,61.84],[81.59,61.82],[81.66,61.79],[81.74,61.77],[81.81,61.74],[81.89,61.72],[81.96,61.7],[82.04,61.68],[82.12,61.67],[82.2,61.66],[82.28,61.67],[82.36,61.69],[82.45,61.72],[82.54,61.76],[82.63,61.81],[82.73,61.87],[82.83,61.93],[82.92,61.98],[83.02,62.04],[83.12,62.09],[83.22,62.14],[83.32,62.19],[83.42,62.24],[83.53,62.29],[83.63,62.33],[83.73,62.38],[83.84,62.42],[83.94,62.46],[84.05,62.51],[84.15,62.55],[84.26,62.59],[84.36,62.63],[84.47,62.66],[84.57,62.7],[84.68,62.74],[84.79,62.77],[84.9,62.8],[85.0,62.84],[85.11,62.87],[85.22,62.9],[85.33,62.92],[85.43,62.93],[85.53,62.93],[85.63,62.92],[85.72,62.91],[85.82,62.88],[85.91,62.84],[85.99,62.8],[86.08,62.76],[86.17,62.71],[86.26,62.67],[86.35,62.63],[86.44,62.59],[86.53,62.55],[86.62,62.52],[86.71,62.48],[86.8,62.44],[86.89,62.41],[86.98,62.37],[87.07,62.33],[87.16,62.29],[87.25,62.25],[87.34,62.21],[87.43,62.17],[87.52,62.13],[87.61,62.09],[87.69,62.04],[87.78,62.0],[87.87,61.95],[87.95,61.9],[88.03,61.84],[88.11,61.79],[88.18,61.73],[88.24,61.66],[88.28,61.59],[88.32,61.5],[88.33,61.41],[88.34,61.32],[88.33,61.22],[88.32,61.11],[88.29,61.0],[88.27,60.89],[88.25,60.78],[88.22,60.67],[88.19,60.56],[88.16,60.46],[88.12,60.35],[88.08,60.25],[88.05,60.14],[88.03,60.03],[88.01,59.93],[88.0,59.82],[87.99,59.71],[87.99,59.6],[87.99,59.49],[88.0,59.38],[88.01,59.27],[88.02,59.16],[88.02,59.05],[88.03,58.93],[88.03,58.82],[88.03,58.71],[88.02,58.6],[88.02,58.49],[88.0,58.39],[87.97,58.3],[87.94,58.23],[87.89,58.16],[87.82,58.11],[87.75,58.07],[87.67,58.04],[87.57,58.02],[87.48,58.0],[87.39,57.98],[87.29,57.96],[87.2,57.94],[87.1,57.92],[87.01,57.9],[86.92,57.88],[86.82,57.85],[86.73,57.83],[86.63,57.81],[86.54,57.79],[86.45,57.77],[86.35,57.75],[86.26,57.73],[86.16,57.71],[86.07,57.69],[85.97,57.67],[85.88,57.65],[85.79,57.63],[85.69,57.61],[85.6,57.58],[85.51,57.56],[85.41,57.53],[85.32,57.5],[85.24,57.47],[85.17,57.42],[85.11,57.38],[85.06,57.32],[85.02,57.26],[84.98,57.2],[84.96,57.12],[84.95,57.04],[84.94,56.96],[84.93,56.88],[84.92,56.81],[84.9,56.73],[84.89,56.65],[84.87,56.57],[84.86,56.49],[84.84,56.41],[84.82,56.34],[84.8,56.26],[84.77,56.19],[84.74,56.11],[84.71,56.04],[84.68,55.97],[84.64,55.9],[84.6,55.83],[84.56,55.76],[84.52,55.69],[84.49,55.62],[84.45,55.55],[84.41,55.47],[84.38,55.4],[84.35,55.33],[84.31,55.26],[84.29,55.17],[84.28,55.07],[84.28,54.95],[84.29,54.82],[84.3,54.68],[84.33,54.52],[84.37,54.35],[84.42,54.16],[84.47,53.97],[84.53,53.79],[84.58,53.61],[84.64,53.42],[84.71,53.24],[84.77,53.06],[84.84,52.88],[84.9,52.7],[84.97,52.51],[85.02,52.33],[85.07,52.14],[85.11,51.96],[85.14,51.77],[85.17,51.58],[85.19,51.39],[85.2,51.2],[85.21,51.0],[85.23,50.81],[85.25,50.62],[85.27,50.43],[85.3,50.24],[85.32,50.05],[85.35,49.86],[85.39,49.67],[85.41,49.48],[85.42,49.29],[85.43,49.11],[85.42,48.93],[85.4,48.75],[85.38,48.57],[85.34,48.4],[85.29,48.23],[85.25,48.06],[85.21,47.89],[85.17,47.71],[85.14,47.54],[85.11,47.37],[85.08,47.19],[85.05,47.02],[85.03,46.84],[85.01,46.67],[84.99,46.49],[84.97,46.31],[84.96,46.14],[84.94,45.96],[84.93,45.79],[84.93,45.61],[84.92,45.43],[84.92,45.26],[84.91,45.08],[84.91,44.9],[84.91,44.73],[84.9,44.55],[84.9,44.37],[84.9,44.2],[84.9,44.02],[84.9,43.84],[84.91,43.67],[84.92,43.5],[84.93,43.34],[84.95,43.17],[84.97,43.01],[84.99,42.85],[85.02,42.7],[85.04,42.54],[85.06,42.38],[85.08,42.23],[85.1,42.07],[85.11,41.91],[85.13,41.76],[85.14,41.6],[85.14,41.44],[85.16,41.28],[85.18,41.13],[85.21,40.97],[85.24,40.82],[85.28,40.67],[85.33,40.52],[85.38,40.37],[85.44,40.23],[85.49,40.08],[85.55,39.93],[85.6,39.78],[85.65,39.63],[85.7,39.48],[85.75,39.33],[85.8,39.18],[85.84,39.03],[85.89,38.88],[85.94,38.73],[85.99,38.58],[86.05,38.43],[86.1,38.28],[86.16,38.14],[86.22,37.99],[86.29,37.84],[86.35,37.7],[86.4,37.55],[86.46,37.4],[86.51,37.25],[86.56,37.1],[86.6,36.94],[86.64,36.79],[86.68,36.64],[86.72,36.48],[86.76,36.33],[86.79,36.17],[86.83,36.02],[86.86,35.86],[86.9,35.71],[86.93,35.55],[86.96,35.39],[86.99,35.24],[87.02,35.08],[87.05,34.93],[87.08,34.77],[87.11,34.61],[87.14,34.46],[87.17,34.3],[87.2,34.15],[87.22,33.99],[87.23,33.84],[87.24,33.7],[87.24,33.56],[87.23,33.42],[87.21,33.28],[87.18,33.15],[87.15,33.02],[87.12,32.89],[87.09,32.76],[87.05,32.63],[87.02,32.5],[86.99,32.37],[86.97,32.24],[86.94,32.11],[86.91,31.98],[86.88,31.85],[86.86,31.72],[86.83,31.59],[86.81,31.46],[86.79,31.32],[86.77,31.19],[86.75,31.06],[86.74,30.93],[86.72,30.79],[86.71,30.66],[86.69,30.53],[86.68,30.4],[86.67,30.26],[86.66,30.13],[86.65,30.0],[86.64,29.87],[86.62,29.74],[86.59,29.62],[86.55,29.52],[86.51,29.42],[86.45,29.33],[86.39,29.24],[86.32,29.17],[86.24,29.1],[86.16,29.03],[86.08,28.97],[86.0,28.9],[85.92,28.83],[85.84,28.77],[85.76,28.7],[85.68,28.63],[85.6,28.56],[85.52,28.5],[85.44,28.43],[85.36,28.36],[85.28,28.29],[85.2,28.23],[85.12,28.16],[85.04,28.09],[84.96,28.03],[84.87,27.96],[84.79,27.9],[84.71,27.83],[84.63,27.77],[84.55,27.7],[84.46,27.64],[84.38,27.58],[84.29,27.52],[84.2,27.46],[84.11,27.42],[84.01,27.38],[83.9,27.35],[83.79,27.32],[83.67,27.31],[83.55,27.3],[83.42,27.3],[83.29,27.3],[83.16,27.3],[83.04,27.3],[82.91,27.3],[82.78,27.3],[82.65,27.31],[82.52,27.31],[82.39,27.32],[82.27,27.33],[82.14,27.34],[82.01,27.36],[81.89,27.38],[81.77,27.41],[81.64,27.44],[81.52,27.48],[81.4,27.52],[81.28,27.56],[81.15,27.6],[81.03,27.65],[80.91,27.69],[80.79,27.73],[80.67,27.77],[80.55,27.81],[80.43,27.85],[80.3,27.9],[80.18,27.95],[80.06,28.0],[79.94,28.05],[79.82,28.11],[79.7,28.17],[79.58,28.23],[79.46,28.3],[79.34,28.36],[79.22,28.43],[79.1,28.49],[78.97,28.56],[78.85,28.63],[78.73,28.69],[78.61,28.76],[78.49,28.82],[78.37,28.89],[78.25,28.94],[78.12,29.0],[77.99,29.05],[77.87,29.1],[77.74,29.15],[77.61,29.19],[77.48,29.23],[77.34,29.27],[77.21,29.32],[77.08,29.36],[76.95,29.41],[76.83,29.46],[76.7,29.51],[76.57,29.56],[76.44,29.61],[76.32,29.66],[76.19,29.69],[76.06,29.72],[75.94,29.74],[75.81,29.75],[75.69,29.76],[75.56,29.75],[75.44,29.74],[75.31,29.72],[75.19,29.71],[75.06,29.7],[74.94,29.68],[74.81,29.66],[74.69,29.65],[74.56,29.63],[74.44,29.62],[74.32,29.6],[74.19,29.59],[74.07,29.58],[73.94,29.57],[73.81,29.56],[73.69,29.55],[73.56,29.55],[73.44,29.55],[73.31,29.55],[73.19,29.54],[73.06,29.53],[72.94,29.52],[72.81,29.51],[72.69,29.5],[72.56,29.48],[72.44,29.46],[72.33,29.44],[72.26,29.41],[72.2,29.38],[72.17,29.34],[72.16,29.3],[72.18,29.25],[72.21,29.2],[72.28,29.14],[72.34,29.08],[72.4,29.02],[72.45,28.95],[72.51,28.89],[72.56,28.83],[72.62,28.76],[72.67,28.7],[72.72,28.63],[72.78,28.56],[72.83,28.5],[72.89,28.44],[72.95,28.38],[73.01,28.33],[73.08,28.27],[73.15,28.22],[73.21,28.17],[73.28,28.12],[73.35,28.08],[73.42,28.03],[73.49,27.98],[73.56,27.93],[73.63,27.88],[73.69,27.83],[73.76,27.78],[73.84,27.73],[73.93,27.69],[74.02,27.64],[74.13,27.61],[74.25,27.57],[74.37,27.54],[74.51,27.52],[74.66,27.49],[74.8,27.47],[74.95,27.44],[75.09,27.42],[75.24,27.4],[75.38,27.38],[75.53,27.36],[75.68,27.33],[75.82,27.31],[75.97,27.29],[76.11,27.26],[76.25,27.22],[76.39,27.18],[76.53,27.14],[76.67,27.09],[76.81,27.03],[76.94,26.97],[77.08,26.91],[77.21,26.86],[77.35,26.8],[77.48,26.74],[77.62,26.68],[77.75,26.62],[77.89,26.56],[78.03,26.5],[78.15,26.45],[78.27,26.39],[78.38,26.33],[78.49,26.28],[78.58,26.22],[78.67,26.17],[78.75,26.12],[78.82,26.07],[78.89,26.02],[78.96,25.97],[79.03,25.92],[79.1,25.87],[79.18,25.82],[79.25,25.78],[79.33,25.73],[79.4,25.69],[79.48,25.64],[79.55,25.59],[79.61,25.54],[79.68,25.49],[79.74,25.43],[79.8,25.37],[79.86,25.3],[79.92,25.23],[79.97,25.17],[80.03,25.1],[80.09,25.04],[80.15,24.97],[80.21,24.91],[80.26,24.84],[80.33,24.78],[80.39,24.72],[80.43,24.66],[80.45,24.61],[80.45,24.56],[80.44,24.51],[80.4,24.47],[80.35,24.43],[80.27,24.4],[80.18,24.37],[80.08,24.34],[79.99,24.3],[79.9,24.27],[79.81,24.23],[79.72,24.2],[79.63,24.16],[79.54,24.12],[79.45,24.08],[79.36,24.03],[79.27,23.99],[79.18,23.95],[79.09,23.9],[79.01,23.86],[78.92,23.81],[78.83,23.76],[78.75,23.72],[78.66,23.67],[78.58,23.62],[78.49,23.57],[78.41,23.52],[78.33,23.46],[78.24,23.41],[78.16,23.35],[78.08,23.3],[77.98,23.25],[77.87,23.2],[77.73,23.17],[77.58,23.14],[77.41,23.11],[77.22,23.09],[77.02,23.08],[76.8,23.08],[76.57,23.07],[76.35,23.06],[76.13,23.05],[75.9,23.03],[75.68,23.01],[75.46,22.99],[75.24,22.97],[75.02,22.94],[74.8,22.91],[74.57,22.88],[74.35,22.84],[74.13,22.81],[73.91,22.77],[73.69,22.73],[73.47,22.68],[73.26,22.63],[73.04,22.59],[72.82,22.55],[72.6,22.52],[72.37,22.49],[72.15,22.47],[71.93,22.45],[71.71,22.44],[71.48,22.43],[71.26,22.42],[71.04,22.41],[70.81,22.41],[70.59,22.4],[70.36,22.39],[70.14,22.39],[69.92,22.38],[69.69,22.37],[69.47,22.36],[69.25,22.35],[69.03,22.33],[68.8,22.3],[68.58,22.28],[68.36,22.24],[68.14,22.21],[67.92,22.16],[67.7,22.13],[67.48,22.09],[67.26,22.06],[67.04,22.03],[66.82,22.0],[66.6,21.98],[66.38,21.95],[66.15,21.94],[65.93,21.92],[65.71,21.9],[65.49,21.88],[65.26,21.86],[65.04,21.84],[64.82,21.82],[64.6,21.8],[64.38,21.78],[64.16,21.76],[63.93,21.75],[63.71,21.74],[63.49,21.73],[63.27,21.73],[63.05,21.74],[62.83,21.74],[62.61,21.76],[62.39,21.77],[62.17,21.79],[61.95,21.81],[61.74,21.83],[61.52,21.86],[61.3,21.88],[61.08,21.91],[60.86,21.94],[60.64,21.97],[60.43,22.0],[60.21,22.02],[59.99,22.05],[59.77,22.07],[59.55,22.1],[59.33,22.12],[59.11,22.14],[58.9,22.16],[58.68,22.18],[58.46,22.2],[58.24,22.23],[58.02,22.25],[57.8,22.27],[57.58,22.29],[57.37,22.32],[57.15,22.33],[56.93,22.34],[56.72,22.33],[56.51,22.32],[56.3,22.3],[56.09,22.26],[55.88,22.22],[55.68,22.17],[55.47,22.12],[55.27,22.07],[55.06,22.02],[54.86,21.96],[54.66,21.91],[54.45,21.85],[54.25,21.8],[54.04,21.74],[53.84,21.69],[53.63,21.65],[53.43,21.6],[53.22,21.57],[53.01,21.53],[52.8,21.51],[52.59,21.49],[52.38,21.47],[52.17,21.45],[51.96,21.42],[51.75,21.39],[51.55,21.36],[51.34,21.32],[51.13,21.27],[50.93,21.23],[50.72,21.18],[50.52,21.13],[50.34,21.08],[50.16,21.04],[49.99,21.0],[49.84,20.96],[49.69,20.92],[49.55,20.88],[49.42,20.85],[49.29,20.82],[49.16,20.78],[49.04,20.75],[48.91,20.71],[48.78,20.68],[48.65,20.65],[48.52,20.61],[48.39,20.58],[48.27,20.54],[48.14,20.5],[48.02,20.46],[47.89,20.41],[47.77,20.36],[47.65,20.31],[47.53,20.25],[47.41,20.19],[47.29,20.13],[47.17,20.08],[47.05,20.02],[46.93,19.97],[46.8,19.92],[46.68,19.87],[46.56,19.82],[46.43,19.77],[46.31,19.72],[46.19,19.66],[46.06,19.61],[45.94,19.55],[45.81,19.49],[45.69,19.43],[45.56,19.36],[45.43,19.29],[45.31,19.22],[45.19,19.15],[45.06,19.07],[44.94,19.0],[44.82,18.92],[44.7,18.84],[44.59,18.75],[44.47,18.67],[44.36,18.58],[44.24,18.5],[44.13,18.41],[44.02,18.32],[43.91,18.22],[43.8,18.13],[43.7,18.03],[43.59,17.94],[43.49,17.84],[43.38,17.74],[43.28,17.64],[43.18,17.54],[43.07,17.44],[42.97,17.35],[42.86,17.25],[42.76,17.15],[42.65,17.06],[42.54,16.99],[42.43,16.92],[42.31,16.87],[42.19,16.83],[42.07,16.81],[41.94,16.79],[41.8,16.79],[41.67,16.79],[41.54,16.78],[41.41,16.78],[41.28,16.77],[41.14,16.76],[41.01,16.75],[40.88,16.73],[40.75,16.72],[40.62,16.71],[40.49,16.71],[40.36,16.71],[40.23,16.72],[40.1,16.73],[39.97,16.75],[39.84,16.78],[39.71,16.81],[39.58,16.84],[39.45,16.87],[39.32,16.89],[39.19,16.91],[39.06,16.93],[38.93,16.94],[38.8,16.96],[38.66,16.97],[38.54,16.99],[38.43,17.03],[38.33,17.08]],[[47.8,72.6],[47.8,72.73],[47.78,72.85],[47.76,72.98],[47.73,73.11],[47.69,73.23],[47.64,73.35],[47.59,73.48],[47.53,73.59],[47.45,73.71],[47.37,73.83],[47.29,73.94],[47.19,74.04],[47.09,74.15],[46.98,74.25],[46.87,74.35],[46.75,74.44],[46.62,74.53],[46.48,74.61],[46.34,74.69],[46.2,74.76],[46.05,74.83],[45.9,74.89],[45.74,74.95],[45.58,75.0],[45.41,75.05],[45.25,75.09],[45.07,75.12],[44.9,75.15],[44.73,75.17],[44.55,75.19],[44.38,75.2],[44.2,75.2],[44.02,75.2],[43.85,75.19],[43.67,75.17],[43.5,75.15],[43.33,75.12],[43.15,75.09],[42.99,75.05],[42.82,75.0],[42.66,74.95],[42.5,74.89],[42.35,74.83],[42.2,74.76],[42.06,74.69],[41.92,74.61],[41.78,74.53],[41.65,74.44],[41.53,74.35],[41.42,74.25],[41.31,74.15],[41.21,74.04],[41.11,73.94],[41.03,73.83],[40.95,73.71],[40.87,73.59],[40.81,73.48],[40.76,73.35],[40.71,73.23],[40.67,73.11],[40.64,72.98],[40.62,72.85],[40.6,72.73],[40.6,72.6],[40.6,72.47],[40.62,72.35],[40.64,72.22],[40.67,72.09],[40.71,71.97],[40.76,71.85],[40.81,71.72],[40.87,71.61],[40.95,71.49],[41.03,71.37],[41.11,71.26],[41.21,71.16],[41.31,71.05],[41.42,70.95],[41.53,70.85],[41.65,70.76],[41.78,70.67],[41.92,70.59],[42.06,70.51],[42.2,70.44],[42.35,70.37],[42.5,70.31],[42.66,70.25],[42.82,70.2],[42.99,70.15],[43.15,70.11],[43.33,70.08],[43.5,70.05],[43.67,70.03],[43.85,70.01],[44.02,70.0],[44.2,70.0],[44.38,70.0],[44.55,70.01],[44.73,70.03],[44.9,70.05],[45.07,70.08],[45.25,70.11],[45.41,70.15],[45.58,70.2],[45.74,70.25],[45.9,70.31],[46.05,70.37],[46.2,70.44],[46.34,70.51],[46.48,70.59],[46.62,70.67],[46.75,70.76],[46.87,70.85],[46.98,70.95],[47.09,71.05],[47.19,71.16],[47.29,71.26],[47.37,71.37],[47.45,71.49],[47.53,71.61],[47.59,71.72],[47.64,71.85],[47.69,71.97],[47.73,72.09],[47.76,72.22],[47.78,72.35],[47.8,72.47],[47.8,72.6]],[[48.7,80.0],[48.7,80.03],[48.69,80.07],[48.69,80.1],[48.68,80.14],[48.67,80.17],[48.65,80.2],[48.64,80.24],[48.62,80.27],[48.59,80.3],[48.57,80.33],[48.54,80.36],[48.51,80.39],[48.48,80.42],[48.45,80.44],[48.42,80.47],[48.38,80.49],[48.34,80.52],[48.3,80.54],[48.26,80.56],[48.21,80.58],[48.17,80.6],[48.12,80.62],[48.07,80.63],[48.02,80.65],[47.97,80.66],[47.92,80.67],[47.87,80.68],[47.81,80.69],[47.76,80.69],[47.71,80.7],[47.65,80.7],[47.6,80.7],[47.55,80.7],[47.49,80.7],[47.44,80.69],[47.39,80.69],[47.33,80.68],[47.28,80.67],[47.23,80.66],[47.18,80.65],[47.13,80.63],[47.08,80.62],[47.03,80.6],[46.99,80.58],[46.94,80.56],[46.9,80.54],[46.86,80.52],[46.82,80.49],[46.78,80.47],[46.75,80.44],[46.72,80.42],[46.69,80.39],[46.66,80.36],[46.63,80.33],[46.61,80.3],[46.58,80.27],[46.56,80.24],[46.55,80.2],[46.53,80.17],[46.52,80.14],[46.51,80.1],[46.51,80.07],[46.5,80.03],[46.5,80.0],[46.5,79.97],[46.51,79.93],[46.51,79.9],[46.52,79.86],[46.53,79.83],[46.55,79.8],[46.56,79.76],[46.58,79.73],[46.61,79.7],[46.63,79.67],[46.66,79.64],[46.69,79.61],[46.72,79.58],[46.75,79.56],[46.78,79.53],[46.82,79.51],[46.86,79.48],[46.9,79.46],[46.94,79.44],[46.99,79.42],[47.03,79.4],[47.08,79.38],[47.13,79.37],[47.18,79.35],[47.23,79.34],[47.28,79.33],[47.33,79.32],[47.39,79.31],[47.44,79.31],[47.49,79.3],[47.55,79.3],[47.6,79.3],[47.65,79.3],[47.71,79.3],[47.76,79.31],[47.81,79.31],[47.87,79.32],[47.92,79.33],[47.97,79.34],[48.02,79.35],[48.07,79.37],[48.12,79.38],[48.17,79.4],[48.21,79.42],[48.26,79.44],[48.3,79.46],[48.34,79.48],[48.38,79.51],[48.42,79.53],[48.45,79.56],[48.48,79.58],[48.51,79.61],[48.54,79.64],[48.57,79.67],[48.59,79.7],[48.62,79.73],[48.64,79.76],[48.65,79.8],[48.67,79.83],[48.68,79.86],[48.69,79.9],[48.69,79.93],[48.7,79.97],[48.7,80.0]],[[49.6,91.57],[49.6,91.6],[49.6,91.63],[49.6,91.67],[49.59,91.7],[49.58,91.74],[49.57,91.77],[49.56,91.8],[49.54,91.84],[49.52,91.87],[49.5,91.9],[49.48,91.93],[49.46,91.96],[49.43,91.99],[49.4,92.02],[49.37,92.04],[49.34,92.07],[49.31,92.09],[49.27,92.12],[49.23,92.14],[49.2,92.16],[49.16,92.18],[49.11,92.2],[49.07,92.22],[49.03,92.23],[48.98,92.25],[48.94,92.26],[48.89,92.27],[48.84,92.28],[48.8,92.29],[48.75,92.29],[48.7,92.3],[48.65,92.3],[48.6,92.3],[48.55,92.3],[48.5,92.3],[48.45,92.29],[48.4,92.29],[48.36,92.28],[48.31,92.27],[48.26,92.26],[48.22,92.25],[48.17,92.23],[48.13,92.22],[48.09,92.2],[48.04,92.18],[48.0,92.16],[47.97,92.14],[47.93,92.12],[47.89,92.09],[47.86,92.07],[47.83,92.04],[47.8,92.02],[47.77,91.99],[47.74,91.96],[47.72,91.93],[47.7,91.9],[47.68,91.87],[47.66,91.84],[47.64,91.8],[47.63,91.77],[47.62,91.74],[47.61,91.7],[47.6,91.67],[47.6,91.63],[47.6,91.6],[47.6,91.57],[47.6,91.53],[47.61,91.5],[47.62,91.46],[47.63,91.43],[47.64,91.4],[47.66,91.36],[47.68,91.33],[47.7,91.3],[47.72,91.27],[47.74,91.24],[47.77,91.21],[47.8,91.18],[47.83,91.16],[47.86,91.13],[47.89,91.11],[47.93,91.08],[47.97,91.06],[48.0,91.04],[48.04,91.02],[48.09,91.0],[48.13,90.98],[48.17,90.97],[48.22,90.95],[48.26,90.94],[48.31,90.93],[48.36,90.92],[48.4,90.91],[48.45,90.91],[48.5,90.9],[48.55,90.9],[48.6,90.9],[48.65,90.9],[48.7,90.9],[48.75,90.91],[48.8,90.91],[48.84,90.92],[48.89,90.93],[48.94,90.94],[48.98,90.95],[49.03,90.97],[49.07,90.98],[49.11,91.0],[49.16,91.02],[49.2,91.04],[49.23,91.06],[49.27,91.08],[49.31,91.11],[49.34,91.13],[49.37,91.16],[49.4,91.18],[49.43,91.21],[49.46,91.24],[49.48,91.27],[49.5,91.3],[49.52,91.33],[49.54,91.36],[49.56,91.4],[49.57,91.43],[49.58,91.46],[49.59,91.5],[49.6,91.53],[49.6,91.57]],[[67.0,109.96],[67.0,110.0],[67.0,110.04],[66.99,110.08],[66.98,110.12],[66.97,110.16],[66.96,110.19],[66.94,110.23],[66.92,110.27],[66.89,110.31],[66.87,110.34],[66.83,110.38],[66.8,110.41],[66.76,110.44],[66.72,110.48],[66.68,110.51],[66.64,110.54],[66.59,110.57],[66.54,110.59],[66.49,110.62],[66.43,110.64],[66.38,110.67],[66.32,110.69],[66.26,110.71],[66.2,110.72],[66.14,110.74],[66.07,110.75],[66.01,110.77],[65.94,110.78],[65.87,110.78],[65.81,110.79],[65.74,110.8],[65.67,110.8],[65.6,110.8],[65.53,110.8],[65.46,110.8],[65.39,110.79],[65.33,110.78],[65.26,110.78],[65.19,110.77],[65.13,110.75],[65.06,110.74],[65.0,110.72],[64.94,110.71],[64.88,110.69],[64.82,110.67],[64.77,110.64],[64.71,110.62],[64.66,110.59],[64.61,110.57],[64.56,110.54],[64.52,110.51],[64.48,110.48],[64.44,110.44],[64.4,110.41],[64.37,110.38],[64.33,110.34],[64.31,110.31],[64.28,110.27],[64.26,110.23],[64.24,110.19],[64.23,110.16],[64.22,110.12],[64.21,110.08],[64.2,110.04],[64.2,110.0],[64.2,109.96],[64.21,109.92],[64.22,109.88],[64.23,109.84],[64.24,109.81],[64.26,109.77],[64.28,109.73],[64.31,109.69],[64.33,109.66],[64.37,109.62],[64.4,109.59],[64.44,109.56],[64.48,109.52],[64.52,109.49],[64.56,109.46],[64.61,109.43],[64.66,109.41],[64.71,109.38],[64.77,109.36],[64.82,109.33],[64.88,109.31],[64.94,109.29],[65.0,109.28],[65.06,109.26],[65.13,109.25],[65.19,109.23],[65.26,109.22],[65.33,109.22],[65.39,109.21],[65.46,109.2],[65.53,109.2],[65.6,109.2],[65.67,109.2],[65.74,109.2],[65.81,109.21],[65.87,109.22],[65.94,109.22],[66.01,109.23],[66.07,109.25],[66.14,109.26],[66.2,109.28],[66.26,109.29],[66.32,109.31],[66.38,109.33],[66.43,109.36],[66.49,109.38],[66.54,109.41],[66.59,109.43],[66.64,109.46],[66.68,109.49],[66.72,109.52],[66.76,109.56],[66.8,109.59],[66.83,109.62],[66.87,109.66],[66.89,109.69],[66.92,109.73],[66.94,109.77],[66.96,109.81],[66.97,109.84],[66.98,109.88],[66.99,109.92],[67.0,109.96]]]},"properties":{"l":"land","n":"Gotham","k":"island"}},{"type":"Feature","geometry":{"type":"Polygon","coordinates":[[[18.78,30.58],[18.71,30.67],[18.64,30.76],[18.59,30.88],[18.55,31.0],[18.51,31.15],[18.49,31.3],[18.46,31.46],[18.43,31.61],[18.4,31.77],[18.37,31.92],[18.34,32.08],[18.3,32.23],[18.26,32.39],[18.22,32.54],[18.19,32.69],[18.15,32.85],[18.12,33.0],[18.09,33.16],[18.07,33.31],[18.05,33.47],[18.03,33.63],[18.01,33.78],[18.0,33.94],[17.99,34.1],[17.98,34.26],[17.98,34.41],[17.98,34.57],[17.98,34.73],[17.98,34.89],[17.98,35.05],[17.99,35.2],[18.01,35.36],[18.03,35.52],[18.05,35.67],[18.08,35.83],[18.11,35.98],[18.15,36.14],[18.19,36.29],[18.23,36.45],[18.27,36.6],[18.31,36.76],[18.34,36.91],[18.38,37.07],[18.41,37.22],[18.45,37.38],[18.48,37.53],[18.51,37.69],[18.55,37.85],[18.58,38.0],[18.61,38.16],[18.64,38.32],[18.67,38.47],[18.7,38.63],[18.73,38.79],[18.76,38.94],[18.79,39.1],[18.82,39.26],[18.84,39.41],[18.87,39.57],[18.89,39.73],[18.91,39.89],[18.93,40.05],[18.96,40.19],[18.99,40.32],[19.03,40.44],[19.08,40.55],[19.13,40.65],[19.19,40.73],[19.26,40.8],[19.34,40.85],[19.41,40.91],[19.49,40.96],[19.56,41.02],[19.64,41.07],[19.71,41.13],[19.79,41.18],[19.86,41.24],[19.94,41.29],[20.01,41.35],[20.09,41.41],[20.16,41.47],[20.23,41.53],[20.3,41.59],[20.36,41.66],[20.43,41.72],[20.49,41.79],[20.56,41.86],[20.62,41.93],[20.68,42.0],[20.75,42.07],[20.81,42.14],[20.87,42.21],[20.93,42.28],[20.99,42.35],[21.05,42.41],[21.11,42.45],[21.18,42.47],[21.25,42.48],[21.31,42.47],[21.38,42.45],[21.45,42.41],[21.52,42.35],[21.6,42.3],[21.67,42.24],[21.74,42.18],[21.81,42.13],[21.88,42.07],[21.95,42.01],[22.01,41.95],[22.08,41.89],[22.15,41.83],[22.22,41.78],[22.3,41.72],[22.37,41.67],[22.45,41.63],[22.52,41.58],[22.6,41.54],[22.68,41.5],[22.76,41.45],[22.84,41.41],[22.93,41.37],[23.01,41.33],[23.09,41.29],[23.16,41.24],[23.24,41.2],[23.32,41.15],[23.4,41.1],[23.47,41.03],[23.54,40.95],[23.6,40.86],[23.66,40.75],[23.71,40.63],[23.76,40.5],[23.81,40.36],[23.86,40.22],[23.9,40.08],[23.95,39.94],[24.0,39.8],[24.05,39.66],[24.1,39.52],[24.15,39.38],[24.2,39.24],[24.25,39.1],[24.29,38.95],[24.33,38.81],[24.36,38.67],[24.39,38.52],[24.42,38.38],[24.44,38.23],[24.46,38.08],[24.48,37.93],[24.5,37.78],[24.52,37.64],[24.55,37.49],[24.58,37.34],[24.61,37.2],[24.64,37.05],[24.68,36.91],[24.71,36.76],[24.73,36.61],[24.75,36.46],[24.77,36.31],[24.78,36.16],[24.79,36.01],[24.79,35.85],[24.79,35.69],[24.78,35.54],[24.77,35.38],[24.76,35.22],[24.74,35.07],[24.72,34.91],[24.7,34.76],[24.68,34.6],[24.65,34.45],[24.62,34.29],[24.59,34.14],[24.57,33.98],[24.54,33.83],[24.52,33.67],[24.49,33.51],[24.47,33.36],[24.45,33.2],[24.43,33.05],[24.41,32.89],[24.4,32.74],[24.39,32.58],[24.38,32.42],[24.38,32.27],[24.38,32.11],[24.38,31.95],[24.38,31.8],[24.36,31.67],[24.33,31.55],[24.29,31.44],[24.24,31.34],[24.18,31.25],[24.1,31.18],[24.02,31.11],[23.93,31.05],[23.85,30.98],[23.77,30.91],[23.69,30.84],[23.61,30.77],[23.53,30.69],[23.46,30.62],[23.38,30.54],[23.31,30.46],[23.23,30.39],[23.16,30.31],[23.08,30.24],[23.0,30.17],[22.92,30.09],[22.85,30.02],[22.77,29.95],[22.69,29.88],[22.6,29.81],[22.52,29.75],[22.44,29.68],[22.36,29.61],[22.27,29.55],[22.19,29.48],[22.1,29.42],[22.01,29.37],[21.92,29.33],[21.83,29.31],[21.74,29.3],[21.64,29.3],[21.55,29.32],[21.45,29.35],[21.35,29.39],[21.25,29.44],[21.15,29.48],[21.05,29.53],[20.95,29.57],[20.85,29.62],[20.75,29.67],[20.66,29.72],[20.56,29.76],[20.46,29.81],[20.36,29.86],[20.26,29.91],[20.16,29.95],[20.06,30.0],[19.96,30.04],[19.86,30.08],[19.76,30.12],[19.66,30.17],[19.56,30.21],[19.46,30.25],[19.36,30.29],[19.26,30.33],[19.16,30.37],[19.06,30.42],[18.95,30.46],[18.86,30.51],[18.78,30.58]]]},"properties":{"l":"land","n":"The Narrows","k":"island"}},{"type":"Feature","geometry":{"type":"Polygon","coordinates":[[[61.86,118.54],[61.76,118.62],[61.68,118.69],[61.62,118.78],[61.57,118.87],[61.54,118.97],[61.52,119.08],[61.51,119.18],[61.5,119.29],[61.49,119.4],[61.48,119.5],[61.47,119.61],[61.47,119.72],[61.47,119.82],[61.47,119.93],[61.47,120.04],[61.46,120.15],[61.45,120.25],[61.44,120.36],[61.43,120.46],[61.41,120.57],[61.39,120.68],[61.37,120.78],[61.35,120.89],[61.33,120.99],[61.31,121.1],[61.3,121.2],[61.28,121.31],[61.27,121.41],[61.25,121.52],[61.24,121.63],[61.24,121.73],[61.24,121.84],[61.26,121.95],[61.28,122.06],[61.31,122.18],[61.35,122.29],[61.4,122.4],[61.46,122.52],[61.51,122.64],[61.57,122.75],[61.64,122.86],[61.7,122.97],[61.76,123.09],[61.83,123.2],[61.9,123.31],[61.97,123.42],[62.03,123.53],[62.1,123.64],[62.16,123.75],[62.22,123.86],[62.28,123.98],[62.34,124.09],[62.39,124.21],[62.45,124.33],[62.5,124.44],[62.56,124.56],[62.62,124.67],[62.68,124.78],[62.75,124.89],[62.81,125.01],[62.88,125.11],[62.95,125.22],[63.03,125.33],[63.12,125.43],[63.21,125.54],[63.31,125.64],[63.42,125.74],[63.54,125.84],[63.66,125.94],[63.79,126.04],[63.92,126.14],[64.05,126.23],[64.18,126.33],[64.31,126.43],[64.44,126.53],[64.58,126.63],[64.71,126.73],[64.84,126.82],[64.97,126.92],[65.1,127.02],[65.23,127.11],[65.37,127.21],[65.5,127.3],[65.64,127.39],[65.77,127.48],[65.91,127.57],[66.05,127.66],[66.19,127.74],[66.33,127.82],[66.48,127.9],[66.62,127.97],[66.77,128.04],[66.92,128.11],[67.07,128.17],[67.22,128.23],[67.38,128.27],[67.53,128.31],[67.69,128.33],[67.85,128.34],[68.01,128.34],[68.17,128.33],[68.34,128.32],[68.5,128.29],[68.66,128.27],[68.83,128.25],[68.99,128.22],[69.15,128.19],[69.31,128.15],[69.47,128.12],[69.63,128.08],[69.79,128.04],[69.95,128.01],[70.11,127.97],[70.27,127.94],[70.44,127.91],[70.6,127.88],[70.76,127.86],[70.92,127.83],[71.09,127.81],[71.25,127.79],[71.41,127.76],[71.57,127.74],[71.74,127.72],[71.9,127.7],[72.06,127.68],[72.23,127.66],[72.38,127.63],[72.53,127.58],[72.68,127.52],[72.81,127.45],[72.94,127.35],[73.06,127.25],[73.18,127.13],[73.29,126.99],[73.4,126.86],[73.51,126.73],[73.62,126.6],[73.73,126.46],[73.85,126.33],[73.96,126.2],[74.07,126.07],[74.19,125.95],[74.3,125.82],[74.42,125.68],[74.53,125.55],[74.64,125.42],[74.74,125.28],[74.85,125.14],[74.95,125.01],[75.06,124.87],[75.16,124.73],[75.27,124.59],[75.38,124.46],[75.49,124.33],[75.61,124.2],[75.72,124.07],[75.84,123.95],[75.97,123.83],[76.07,123.7],[76.16,123.58],[76.22,123.46],[76.27,123.34],[76.3,123.21],[76.31,123.09],[76.3,122.97],[76.27,122.84],[76.25,122.72],[76.23,122.59],[76.21,122.47],[76.19,122.34],[76.17,122.22],[76.16,122.09],[76.15,121.97],[76.15,121.84],[76.14,121.71],[76.13,121.59],[76.12,121.46],[76.11,121.33],[76.11,121.21],[76.1,121.08],[76.09,120.95],[76.08,120.83],[76.06,120.7],[76.05,120.58],[76.03,120.45],[76.01,120.33],[75.99,120.2],[75.96,120.08],[75.94,119.95],[75.91,119.83],[75.86,119.72],[75.8,119.61],[75.73,119.52],[75.65,119.43],[75.55,119.35],[75.43,119.29],[75.31,119.23],[75.17,119.18],[75.03,119.13],[74.89,119.08],[74.75,119.03],[74.61,118.97],[74.47,118.92],[74.33,118.86],[74.19,118.8],[74.05,118.75],[73.92,118.68],[73.78,118.62],[73.65,118.56],[73.52,118.49],[73.39,118.42],[73.26,118.35],[73.13,118.27],[73.0,118.19],[72.87,118.12],[72.75,118.03],[72.62,117.95],[72.5,117.87],[72.38,117.78],[72.25,117.7],[72.13,117.61],[72.02,117.52],[71.89,117.43],[71.76,117.36],[71.62,117.3],[71.47,117.24],[71.32,117.19],[71.16,117.15],[70.99,117.12],[70.82,117.1],[70.64,117.08],[70.47,117.06],[70.29,117.05],[70.12,117.04],[69.94,117.03],[69.76,117.03],[69.59,117.03],[69.41,117.03],[69.24,117.03],[69.06,117.03],[68.89,117.02],[68.71,117.01],[68.54,117.0],[68.36,116.98],[68.19,116.96],[68.01,116.94],[67.84,116.92],[67.66,116.91],[67.49,116.89],[67.31,116.88],[67.14,116.86],[66.96,116.85],[66.79,116.84],[66.61,116.83],[66.44,116.83],[66.28,116.83],[66.11,116.84],[65.95,116.86],[65.8,116.89],[65.65,116.92],[65.5,116.96],[65.36,117.0],[65.22,117.05],[65.08,117.1],[64.94,117.15],[64.8,117.2],[64.66,117.26],[64.53,117.32],[64.39,117.38],[64.26,117.45],[64.12,117.51],[63.99,117.58],[63.86,117.64],[63.72,117.7],[63.59,117.77],[63.45,117.83],[63.32,117.9],[63.19,117.96],[63.05,118.03],[62.92,118.09],[62.78,118.15],[62.64,118.21],[62.51,118.26],[62.37,118.32],[62.23,118.37],[62.09,118.42],[61.96,118.48],[61.86,118.54]]]},"properties":{"l":"land","n":"Blackgate Isle","k":"island"}},{"type":"Feature","geometry":{"type":"Polygon","coordinates":[[[46.59,120.17],[46.53,120.21],[46.48,120.26],[46.45,120.32],[46.43,120.38],[46.43,120.44],[46.43,120.51],[46.44,120.58],[46.44,120.65],[46.45,120.72],[46.45,120.79],[46.46,120.85],[46.46,120.92],[46.46,120.99],[46.46,121.06],[46.46,121.13],[46.46,121.2],[46.46,121.27],[46.46,121.34],[46.46,121.41],[46.47,121.48],[46.47,121.55],[46.47,121.62],[46.48,121.68],[46.48,121.75],[46.49,121.82],[46.5,121.89],[46.51,121.96],[46.52,122.03],[46.54,122.09],[46.55,122.16],[46.57,122.23],[46.6,122.29],[46.64,122.34],[46.69,122.4],[46.74,122.45],[46.81,122.49],[46.88,122.53],[46.96,122.57],[47.04,122.61],[47.11,122.65],[47.19,122.7],[47.27,122.74],[47.34,122.79],[47.42,122.83],[47.49,122.88],[47.57,122.93],[47.64,122.98],[47.72,123.02],[47.79,123.06],[47.87,123.1],[47.95,123.13],[48.04,123.16],[48.12,123.19],[48.2,123.21],[48.29,123.23],[48.38,123.25],[48.46,123.27],[48.55,123.29],[48.63,123.31],[48.72,123.32],[48.81,123.34],[48.89,123.35],[48.98,123.36],[49.08,123.37],[49.17,123.37],[49.27,123.38],[49.37,123.37],[49.48,123.37],[49.58,123.36],[49.69,123.35],[49.8,123.34],[49.91,123.32],[50.02,123.31],[50.13,123.3],[50.24,123.28],[50.35,123.27],[50.46,123.26],[50.56,123.24],[50.67,123.23],[50.78,123.21],[50.89,123.19],[51.0,123.17],[51.1,123.14],[51.21,123.12],[51.32,123.09],[51.42,123.06],[51.53,123.02],[51.63,122.99],[51.74,122.95],[51.84,122.92],[51.94,122.88],[52.04,122.84],[52.15,122.8],[52.25,122.75],[52.33,122.71],[52.41,122.66],[52.47,122.6],[52.52,122.55],[52.56,122.49],[52.59,122.42],[52.6,122.36],[52.6,122.29],[52.6,122.22],[52.61,122.15],[52.61,122.08],[52.61,122.01],[52.61,121.94],[52.62,121.87],[52.62,121.81],[52.63,121.74],[52.63,121.67],[52.64,121.6],[52.64,121.53],[52.65,121.46],[52.66,121.39],[52.67,121.32],[52.67,121.25],[52.68,121.19],[52.69,121.12],[52.7,121.05],[52.71,120.98],[52.72,120.91],[52.73,120.84],[52.74,120.78],[52.75,120.71],[52.76,120.64],[52.76,120.58],[52.74,120.52],[52.71,120.47],[52.66,120.42],[52.6,120.38],[52.53,120.34],[52.44,120.31],[52.34,120.29],[52.24,120.27],[52.14,120.24],[52.04,120.21],[51.93,120.19],[51.83,120.16],[51.73,120.13],[51.63,120.11],[51.53,120.08],[51.43,120.05],[51.33,120.02],[51.23,119.99],[51.13,119.96],[51.03,119.93],[50.93,119.9],[50.83,119.87],[50.73,119.83],[50.63,119.8],[50.53,119.76],[50.43,119.73],[50.33,119.69],[50.23,119.65],[50.13,119.62],[50.04,119.58],[49.94,119.54],[49.84,119.51],[49.75,119.49],[49.65,119.47],[49.55,119.47],[49.45,119.47],[49.35,119.48],[49.25,119.5],[49.16,119.53],[49.06,119.56],[48.96,119.59],[48.86,119.61],[48.76,119.64],[48.66,119.66],[48.55,119.68],[48.45,119.7],[48.35,119.72],[48.25,119.74],[48.15,119.76],[48.05,119.78],[47.95,119.8],[47.85,119.82],[47.74,119.84],[47.64,119.86],[47.54,119.89],[47.44,119.91],[47.34,119.93],[47.24,119.96],[47.14,119.98],[47.04,120.01],[46.94,120.04],[46.84,120.07],[46.75,120.1],[46.66,120.13],[46.59,120.17]]]},"properties":{"l":"land","n":"Paris Island","k":"island"}},{"type":"Feature","geometry":{"type":"Polygon","coordinates":[[[3.0,140.0],[3.01,139.94],[3.04,139.83],[3.09,139.65],[3.15,139.42],[3.22,139.13],[3.31,138.78],[3.41,138.38],[3.53,137.91],[3.65,137.45],[3.76,136.99],[3.87,136.52],[3.98,136.05],[4.09,135.59],[4.19,135.12],[4.3,134.65],[4.4,134.19],[4.5,133.72],[4.59,133.25],[4.68,132.78],[4.76,132.31],[4.84,131.84],[4.92,131.37],[4.99,130.89],[5.06,130.42],[5.13,129.95],[5.21,129.47],[5.28,129.0],[5.36,128.53],[5.44,128.06],[5.52,127.59],[5.61,127.12],[5.69,126.65],[5.77,126.18],[5.83,125.71],[5.88,125.24],[5.92,124.77],[5.94,124.3],[5.95,123.83],[5.95,123.36],[5.93,122.89],[5.91,122.42],[5.89,121.95],[5.87,121.48],[5.85,121.01],[5.82,120.54],[5.79,120.07],[5.76,119.6],[5.73,119.13],[5.7,118.66],[5.66,118.2],[5.62,117.73],[5.58,117.26],[5.53,116.79],[5.48,116.32],[5.43,115.86],[5.38,115.39],[5.33,114.92],[5.28,114.46],[5.24,113.99],[5.2,113.52],[5.17,113.05],[5.14,112.58],[5.11,112.11],[5.08,111.64],[5.07,111.19],[5.08,110.76],[5.1,110.35],[5.13,109.96],[5.17,109.59],[5.23,109.23],[5.31,108.9],[5.4,108.58],[5.49,108.27],[5.58,107.96],[5.68,107.65],[5.79,107.34],[5.9,107.03],[6.01,106.72],[6.12,106.42],[6.24,106.11],[6.36,105.81],[6.46,105.5],[6.56,105.19],[6.65,104.88],[6.74,104.56],[6.81,104.24],[6.88,103.93],[6.95,103.6],[7.02,103.29],[7.09,102.97],[7.17,102.65],[7.25,102.33],[7.34,102.02],[7.43,101.71],[7.53,101.4],[7.64,101.09],[7.73,100.77],[7.8,100.46],[7.87,100.15],[7.91,99.84],[7.95,99.53],[7.97,99.21],[7.98,98.9],[7.97,98.58],[7.96,98.27],[7.95,97.96],[7.94,97.64],[7.93,97.33],[7.91,97.01],[7.89,96.7],[7.87,96.39],[7.84,96.07],[7.82,95.76],[7.79,95.44],[7.76,95.13],[7.74,94.82],[7.71,94.5],[7.68,94.19],[7.65,93.88],[7.61,93.56],[7.58,93.25],[7.54,92.94],[7.5,92.63],[7.45,92.32],[7.4,92.01],[7.34,91.7],[7.28,91.39],[7.22,91.08],[7.17,90.77],[7.15,90.46],[7.13,90.15],[7.14,89.83],[7.16,89.52],[7.2,89.2],[7.25,88.89],[7.33,88.57],[7.4,88.25],[7.48,87.93],[7.56,87.62],[7.65,87.3],[7.73,86.99],[7.83,86.67],[7.92,86.36],[8.02,86.05],[8.11,85.74],[8.21,85.42],[8.3,85.11],[8.4,84.8],[8.49,84.49],[8.58,84.17],[8.67,83.86],[8.77,83.55],[8.86,83.23],[8.96,82.92],[9.06,82.61],[9.16,82.3],[9.27,81.99],[9.38,81.68],[9.49,81.38],[9.6,81.07],[9.7,80.76],[9.77,80.46],[9.82,80.15],[9.86,79.84],[9.87,79.53],[9.86,79.22],[9.83,78.91],[9.79,78.6],[9.75,78.29],[9.71,77.98],[9.68,77.66],[9.65,77.35],[9.63,77.04],[9.62,76.72],[9.61,76.41],[9.6,76.09],[9.59,75.78],[9.58,75.46],[9.57,75.15],[9.55,74.84],[9.53,74.52],[9.51,74.21],[9.48,73.9],[9.45,73.58],[9.42,73.27],[9.38,72.96],[9.35,72.65],[9.31,72.34],[9.27,72.02],[9.23,71.71],[9.19,71.4],[9.15,71.09],[9.13,70.78],[9.12,70.47],[9.13,70.16],[9.16,69.84],[9.21,69.53],[9.27,69.22],[9.35,68.91],[9.45,68.6],[9.56,68.29],[9.66,67.98],[9.77,67.67],[9.88,67.37],[9.99,67.06],[10.1,66.75],[10.22,66.45],[10.34,66.14],[10.45,65.83],[10.55,65.53],[10.65,65.21],[10.74,64.9],[10.82,64.59],[10.9,64.27],[10.9,64.24],[10.8,64.22],[10.66,64.17],[8.98,63.33],[8.95,63.31],[8.54,63.08],[8.52,63.07],[8.08,62.81],[8.06,62.79],[7.59,62.49],[7.58,62.48],[7.08,62.13],[7.06,62.12],[6.53,61.74],[6.52,61.73],[5.96,61.31],[5.95,61.3],[5.35,60.84],[5.34,60.84],[4.74,60.35],[4.13,59.93],[3.48,59.55],[2.81,59.21],[2.11,58.92],[1.38,58.67],[0.61,58.46],[-0.19,58.3],[-1.04,58.18],[-1.13,58.16],[-2.02,57.93],[-2.09,57.9],[-3.0,57.56],[-3.07,57.53],[-3.99,57.08],[-4.04,57.05],[-4.98,56.49],[-5.03,56.46],[-5.98,55.78],[-6.02,55.76],[-6.99,54.97],[-7.02,54.95],[-8.0,54.06],[-8.03,54.03],[-9.01,53.05],[-9.98,52.24],[-10.98,51.57],[-12.0,51.03],[-13.04,50.62],[-14.11,50.35],[-15.21,50.2],[-16.34,50.19],[-17.55,50.31],[-17.65,50.31],[-18.93,50.27],[-19.03,50.26],[-20.34,50.04],[-20.43,50.02],[-21.77,49.63],[-21.85,49.6],[-23.22,49.04],[-23.28,49.01],[-24.69,48.27],[-24.74,48.24],[-26.18,47.34],[-26.23,47.31],[-27.69,46.23],[-27.73,46.2],[-29.2,44.97],[-30.68,43.95],[-32.18,43.11],[-33.7,42.45],[-35.24,41.98],[-36.82,41.68],[-38.42,41.56],[-40.06,41.62],[-41.77,41.87],[-41.86,41.87],[-43.64,41.91],[-43.73,41.9],[-45.55,41.71],[-45.63,41.7],[-47.47,41.29],[-47.55,41.27],[-49.42,40.65],[-49.49,40.62],[-51.4,39.78],[-51.45,39.75],[-53.39,38.69],[-53.44,38.66],[-55.41,37.38],[-55.45,37.35],[-57.42,35.87],[-59.39,34.66],[-61.38,33.69],[-63.4,32.97],[-65.44,32.49],[-67.51,32.25],[-69.61,32.25],[-71.75,32.49],[-73.96,32.98],[-74.04,33.0],[-76.36,33.25],[-76.44,33.25],[-78.81,33.25],[-78.89,33.25],[-81.33,33.0],[-81.4,32.99],[-83.9,32.49],[-83.96,32.47],[-86.52,31.72],[-86.58,31.7],[-89.2,30.7],[-89.25,30.68],[-91.94,29.43],[-91.98,29.41],[-94.71,27.92],[-97.46,26.7],[-100.28,25.72],[-103.15,24.98],[-106.09,24.49],[-109.09,24.25],[-112.16,24.25],[-115.29,24.5],[-118.51,24.99],[-118.55,25.0],[-121.87,25.31],[-121.91,25.31],[-125.28,25.44],[-125.33,25.44],[-128.76,25.37],[-128.8,25.37],[-132.3,25.12],[-132.34,25.12],[-135.9,24.68],[-135.94,24.68],[-139.56,24.05],[-139.6,24.04],[-143.29,23.23],[-143.32,23.22],[-160.19,18.72],[-160.33,18.67],[-160.46,18.6],[-160.56,18.5],[-160.65,18.38],[-160.71,18.24],[-160.74,18.1],[-160.75,17.95],[-160.72,17.81],[-160.67,17.67],[-160.6,17.54],[-160.5,17.44],[-160.38,17.35],[-160.24,17.29],[-160.1,17.26],[-159.95,17.25],[-159.81,17.28],[-142.95,21.77],[-139.29,22.58],[-135.7,23.2],[-132.18,23.63],[-128.72,23.88],[-125.32,23.94],[-121.99,23.81],[-118.72,23.51],[-115.49,23.01],[-115.43,23.0],[-112.25,22.75],[-112.19,22.75],[-109.06,22.75],[-109.0,22.75],[-105.94,23.0],[-105.88,23.01],[-102.88,23.51],[-102.81,23.52],[-99.88,24.27],[-99.82,24.29],[-96.94,25.29],[-96.88,25.31],[-94.07,26.56],[-94.02,26.59],[-91.29,28.08],[-88.65,29.31],[-86.07,30.29],[-83.57,31.02],[-81.14,31.51],[-78.77,31.75],[-76.48,31.75],[-74.25,31.51],[-72.04,31.02],[-71.96,31.0],[-69.74,30.75],[-69.66,30.75],[-67.47,30.75],[-67.38,30.75],[-65.23,31.0],[-65.14,31.02],[-63.02,31.52],[-62.93,31.54],[-60.84,32.29],[-60.77,32.33],[-58.7,33.33],[-58.64,33.36],[-56.61,34.61],[-56.55,34.65],[-54.57,36.14],[-52.65,37.39],[-50.76,38.42],[-48.92,39.24],[-47.11,39.84],[-45.35,40.23],[-43.62,40.41],[-41.93,40.38],[-40.23,40.13],[-40.15,40.13],[-38.43,40.06],[-38.35,40.06],[-36.66,40.19],[-36.58,40.2],[-34.92,40.51],[-34.84,40.53],[-33.22,41.03],[-33.14,41.06],[-31.55,41.75],[-31.48,41.78],[-29.91,42.66],[-29.85,42.7],[-28.32,43.76],[-28.27,43.8],[-26.79,45.03],[-25.36,46.08],[-23.97,46.96],[-22.62,47.66],[-21.32,48.2],[-20.05,48.56],[-18.83,48.77],[-17.65,48.81],[-16.45,48.69],[-16.37,48.69],[-15.15,48.7],[-15.06,48.71],[-13.87,48.87],[-13.78,48.88],[-12.63,49.18],[-12.54,49.21],[-11.42,49.64],[-11.34,49.68],[-10.24,50.26],[-10.17,50.3],[-9.11,51.02],[-9.05,51.06],[-8.02,51.92],[-7.97,51.97],[-6.98,52.96],[-6.03,53.82],[-5.09,54.57],[-4.18,55.21],[-3.3,55.75],[-2.44,56.17],[-1.6,56.49],[-0.79,56.7],[0.04,56.82],[0.09,56.83],[0.93,57.0],[0.98,57.01],[1.79,57.23],[1.84,57.24],[2.62,57.51],[2.66,57.53],[3.41,57.84],[3.46,57.86],[4.18,58.22],[4.23,58.24],[4.91,58.65],[4.96,58.68],[5.61,59.13],[5.66,59.16],[6.28,59.66],[6.86,60.11],[7.41,60.53],[7.93,60.9],[8.42,61.24],[8.87,61.53],[9.28,61.78],[9.66,61.99],[11.22,62.77],[11.24,62.67],[11.32,62.36],[11.4,62.04],[11.49,61.72],[11.58,61.41],[11.67,61.1],[11.75,60.78],[11.81,60.47],[11.85,60.15],[11.88,59.84],[11.89,59.52],[11.88,59.21],[11.85,58.89],[11.81,58.58],[11.77,58.26],[11.73,57.94],[11.68,57.63],[11.63,57.31],[11.58,57.0],[11.53,56.68],[11.48,56.37],[11.42,56.05],[11.37,55.74],[11.31,55.43],[11.25,55.11],[11.18,54.8],[11.12,54.49],[11.05,54.18],[10.98,53.87],[10.91,53.56],[10.83,53.25],[10.76,52.93],[10.68,52.63],[10.6,52.32],[10.53,52.01],[10.45,51.7],[10.37,51.39],[10.28,51.08],[10.23,50.77],[10.19,50.46],[10.17,50.15],[10.18,49.84],[10.21,49.53],[10.26,49.22],[10.33,48.91],[10.42,48.59],[10.52,48.28],[10.61,47.97],[10.71,47.66],[10.81,47.35],[10.9,47.04],[11.0,46.72],[11.1,46.41],[11.2,46.1],[11.3,45.79],[11.39,45.48],[11.48,45.16],[11.57,44.85],[11.65,44.53],[11.73,44.22],[11.81,43.9],[11.89,43.58],[11.97,43.27],[12.05,42.95],[12.14,42.64],[12.23,42.32],[12.32,42.01],[12.42,41.7],[12.52,41.39],[12.63,41.08],[12.71,40.77],[12.78,40.46],[12.82,40.15],[12.83,39.84],[12.83,39.53],[12.8,39.22],[12.76,38.91],[12.69,38.6],[12.62,38.29],[12.54,37.98],[12.47,37.67],[12.39,37.36],[12.32,37.05],[12.24,36.74],[12.16,36.43],[12.08,36.12],[12.0,35.81],[11.93,35.5],[11.86,35.19],[11.79,34.88],[11.73,34.57],[11.68,34.25],[11.63,33.94],[11.58,33.62],[11.53,33.31],[11.48,32.99],[11.44,32.68],[11.39,32.36],[11.34,32.05],[11.29,31.73],[11.23,31.42],[11.18,31.1],[11.15,30.79],[11.13,30.47],[11.13,30.16],[11.15,29.84],[11.18,29.53],[11.24,29.21],[11.31,28.9],[11.39,28.59],[11.48,28.27],[11.57,27.96],[11.66,27.64],[11.75,27.33],[11.84,27.02],[11.93,26.7],[12.03,26.39],[12.12,26.08],[12.21,25.77],[12.3,25.45],[12.39,25.14],[12.48,24.82],[12.57,24.51],[12.65,24.19],[12.74,23.88],[12.82,23.56],[12.91,23.25],[13.0,22.93],[13.09,22.62],[13.19,22.31],[13.29,22.0],[13.39,21.69],[13.5,21.38],[13.61,21.07],[13.7,20.77],[13.78,20.46],[13.84,20.14],[13.89,19.83],[13.91,19.52],[13.92,19.2],[13.91,18.88],[13.89,18.56],[13.86,18.25],[13.83,17.93],[13.79,17.61],[13.75,17.3],[13.7,16.98],[13.65,16.66],[13.59,16.35],[13.53,16.04],[13.46,15.72],[13.4,15.41],[13.34,15.1],[13.27,14.78],[13.21,14.47],[13.14,14.16],[13.08,13.84],[13.01,13.53],[12.94,13.22],[12.87,12.91],[12.79,12.6],[12.71,12.29],[12.62,11.98],[12.53,11.68],[12.44,11.37],[12.34,11.07],[12.27,10.78],[12.23,10.5],[12.21,10.24],[12.22,9.99],[12.26,9.75],[12.32,9.53],[12.41,9.33],[12.53,9.13],[12.65,8.94],[12.76,8.75],[12.88,8.55],[12.99,8.35],[13.1,8.16],[13.21,7.96],[13.32,7.76],[13.42,7.56],[13.53,7.36],[13.65,7.17],[13.77,6.98],[13.9,6.8],[14.04,6.62],[14.18,6.45],[14.33,6.28],[14.48,6.11],[14.63,5.94],[14.78,5.77],[14.92,5.59],[15.06,5.41],[15.19,5.23],[15.32,5.05],[15.45,4.86],[15.57,4.67],[15.71,4.51],[15.86,4.38],[16.03,4.28],[16.22,4.22],[16.42,4.18],[16.64,4.18],[16.88,4.21],[17.13,4.27],[17.38,4.32],[17.63,4.38],[17.88,4.44],[18.14,4.49],[18.39,4.55],[18.64,4.6],[18.89,4.65],[19.14,4.71],[19.4,4.76],[19.65,4.81],[19.9,4.87],[20.15,4.93],[20.4,4.99],[20.65,5.05],[20.9,5.11],[21.15,5.17],[21.4,5.24],[21.65,5.3],[21.9,5.37],[22.15,5.44],[22.4,5.51],[22.64,5.58],[22.89,5.66],[23.14,5.73],[23.38,5.79],[23.63,5.83],[23.88,5.86],[24.13,5.87],[24.38,5.86],[24.63,5.83],[24.88,5.78],[25.13,5.72],[25.38,5.67],[25.64,5.61],[25.89,5.56],[26.14,5.52],[26.4,5.48],[26.66,5.44],[26.91,5.41],[27.17,5.38],[27.43,5.34],[27.68,5.3],[27.93,5.26],[28.19,5.21],[28.44,5.15],[28.69,5.08],[28.93,5.02],[29.18,4.94],[29.43,4.86],[29.67,4.79],[29.92,4.71],[30.17,4.63],[30.41,4.55],[30.66,4.46],[30.9,4.38],[31.15,4.3],[31.39,4.23],[31.64,4.19],[31.88,4.18],[32.13,4.18],[32.38,4.21],[32.63,4.25],[32.88,4.32],[33.13,4.42],[33.38,4.51],[33.63,4.6],[33.88,4.69],[34.13,4.79],[34.38,4.88],[34.63,4.97],[34.88,5.06],[35.13,5.15],[35.38,5.24],[35.63,5.33],[35.89,5.43],[36.14,5.52],[36.39,5.61],[36.64,5.7],[36.89,5.8],[37.14,5.89],[37.39,5.98],[37.64,6.08],[37.89,6.17],[38.14,6.27],[38.39,6.36],[38.63,6.46],[38.88,6.56],[39.13,6.66],[39.38,6.75],[39.62,6.84],[39.85,6.93],[40.09,7.01],[40.31,7.1],[40.54,7.17],[40.76,7.25],[40.98,7.32],[41.2,7.38],[41.42,7.44],[41.64,7.5],[41.86,7.55],[42.08,7.6],[42.31,7.64],[42.53,7.68],[42.76,7.71],[42.98,7.75],[43.21,7.79],[43.43,7.85],[43.65,7.9],[43.86,7.97],[44.08,8.04],[44.29,8.12],[44.5,8.21],[44.71,8.29],[44.93,8.37],[45.14,8.45],[45.36,8.52],[45.57,8.59],[45.79,8.66],[46.01,8.73],[46.23,8.79],[46.45,8.84],[46.67,8.89],[46.89,8.93],[47.11,8.97],[47.33,8.99],[47.55,9.02],[47.77,9.03],[48.0,9.04],[48.22,9.05],[48.44,9.07],[48.66,9.09],[48.88,9.11],[49.1,9.14],[49.32,9.17],[49.53,9.21],[49.75,9.25],[49.97,9.29],[50.19,9.33],[50.41,9.38],[50.62,9.42],[50.84,9.47],[51.05,9.52],[51.27,9.57],[51.48,9.62],[51.7,9.67],[51.92,9.72],[52.13,9.76],[52.35,9.8],[52.57,9.83],[52.79,9.87],[53.01,9.89],[53.23,9.92],[53.45,9.94],[53.68,9.96],[53.91,9.98],[54.15,9.99],[54.39,10.01],[54.63,10.02],[54.88,10.04],[55.13,10.05],[55.38,10.06],[55.63,10.08],[55.88,10.11],[56.13,10.14],[56.38,10.18],[56.63,10.22],[56.88,10.27],[57.12,10.32],[57.37,10.37],[57.62,10.41],[57.86,10.45],[58.11,10.48],[58.36,10.5],[58.61,10.52],[58.86,10.53],[59.11,10.54],[59.36,10.54],[59.62,10.54],[59.87,10.55],[60.12,10.55],[60.37,10.54],[60.62,10.54],[60.87,10.53],[61.12,10.53],[61.37,10.52],[61.62,10.51],[61.87,10.51],[62.13,10.51],[62.38,10.5],[62.63,10.5],[62.88,10.5],[63.13,10.5],[63.38,10.51],[63.63,10.51],[63.88,10.52],[64.13,10.53],[64.38,10.54],[64.63,10.55],[64.88,10.57],[65.13,10.58],[65.38,10.6],[65.63,10.62],[65.88,10.65],[66.13,10.67],[66.38,10.7],[66.63,10.73],[66.88,10.76],[67.13,10.79],[67.37,10.82],[67.62,10.85],[67.87,10.87],[68.12,10.89],[68.37,10.91],[68.62,10.93],[68.87,10.95],[69.12,10.96],[69.37,10.97],[69.62,11.0],[69.87,11.02],[70.12,11.05],[70.37,11.09],[70.62,11.12],[70.87,11.17],[71.12,11.22],[71.37,11.26],[71.61,11.3],[71.86,11.33],[72.11,11.36],[72.37,11.38],[72.62,11.4],[72.87,11.42],[73.12,11.42],[73.37,11.44],[73.63,11.45],[73.88,11.47],[74.13,11.49],[74.38,11.52],[74.63,11.55],[74.88,11.58],[75.13,11.61],[75.38,11.65],[75.63,11.68],[75.88,11.72],[76.13,11.75],[76.38,11.79],[76.63,11.82],[76.88,11.85],[77.13,11.89],[77.37,11.92],[77.62,11.97],[77.87,12.02],[78.12,12.07],[78.37,12.14],[78.61,12.2],[78.86,12.28],[79.11,12.35],[79.35,12.43],[79.6,12.5],[79.85,12.57],[80.1,12.64],[80.35,12.71],[80.6,12.77],[80.85,12.83],[81.1,12.88],[81.35,12.94],[81.6,12.99],[81.86,13.04],[82.11,13.09],[82.37,13.13],[82.62,13.17],[82.87,13.21],[83.13,13.25],[83.38,13.3],[83.64,13.34],[83.89,13.4],[84.14,13.45],[84.39,13.52],[84.64,13.58],[84.89,13.66],[85.14,13.73],[85.38,13.8],[85.61,13.85],[85.83,13.89],[86.05,13.93],[86.26,13.95],[86.47,13.95],[86.67,13.95],[86.86,13.94],[87.05,13.92],[87.24,13.91],[87.42,13.89],[87.61,13.87],[87.8,13.85],[87.99,13.83],[88.18,13.8],[88.37,13.78],[88.56,13.75],[88.75,13.72],[88.93,13.68],[89.12,13.64],[89.3,13.6],[89.49,13.55],[89.67,13.5],[89.85,13.44],[90.04,13.39],[90.22,13.34],[90.41,13.29],[90.59,13.25],[90.78,13.21],[90.96,13.17],[91.15,13.14],[91.34,13.11],[91.53,13.07],[91.72,13.02],[91.9,12.97],[92.09,12.9],[92.28,12.83],[92.47,12.75],[92.65,12.67],[92.84,12.57],[93.03,12.48],[93.21,12.38],[93.4,12.29],[93.59,12.19],[93.78,12.1],[93.96,12.0],[94.15,11.91],[94.34,11.82],[94.53,11.73],[94.71,11.63],[94.9,11.54],[95.09,11.44],[95.27,11.34],[95.46,11.25],[95.64,11.15],[95.83,11.05],[96.02,10.95],[96.2,10.86],[96.39,10.76],[96.58,10.67],[96.76,10.58],[96.95,10.49],[97.14,10.4],[97.33,10.31],[97.53,10.22],[97.73,10.13],[97.94,10.04],[98.16,9.95],[98.38,9.85],[98.61,9.76],[98.84,9.66],[99.08,9.57],[99.32,9.47],[99.57,9.39],[99.81,9.3],[100.06,9.22],[100.3,9.15],[100.55,9.08],[100.8,9.01],[101.05,8.95],[101.31,8.9],[101.56,8.84],[101.81,8.79],[102.07,8.74],[102.32,8.7],[102.58,8.65],[102.83,8.62],[103.09,8.58],[103.34,8.54],[103.6,8.5],[103.85,8.46],[104.11,8.41],[104.36,8.36],[104.61,8.31],[104.87,8.26],[105.12,8.2],[105.36,8.14],[105.6,8.07],[105.82,7.99],[106.04,7.91],[106.25,7.83],[106.45,7.73],[106.64,7.63],[106.82,7.53],[107.0,7.43],[107.19,7.33],[107.38,7.24],[107.57,7.14],[107.76,7.06],[107.95,6.97],[108.14,6.89],[108.34,6.81],[108.53,6.73],[108.72,6.65],[108.91,6.56],[109.1,6.47],[109.29,6.38],[109.47,6.28],[109.66,6.18],[109.84,6.07],[110.02,5.97],[110.21,5.87],[110.39,5.77],[110.58,5.68],[110.77,5.58],[110.95,5.49],[111.14,5.4],[111.33,5.31],[111.52,5.22],[111.71,5.13],[111.89,5.04],[112.08,4.95],[112.26,4.86],[112.44,4.77],[112.62,4.67],[112.79,4.58],[112.97,4.49],[113.15,4.4],[113.33,4.32],[113.51,4.24],[113.69,4.16],[113.88,4.09],[114.06,4.02],[114.25,3.95],[114.44,3.89],[114.63,3.83],[114.82,3.77],[114.97,3.73],[114.85,3.31],[114.66,2.7],[114.45,2.01],[114.2,1.27],[113.92,0.46],[113.61,-0.41],[113.27,-1.34],[112.89,-2.34],[112.88,-2.37],[112.57,-3.37],[112.56,-3.39],[112.31,-4.39],[112.31,-4.42],[112.12,-5.42],[112.12,-5.44],[111.99,-6.44],[111.99,-6.47],[111.93,-7.47],[111.93,-7.5],[111.93,-8.5],[111.93,-8.53],[111.99,-9.53],[111.99,-9.56],[112.11,-10.54],[112.16,-11.53],[112.13,-12.56],[112.02,-13.63],[111.84,-14.73],[111.58,-15.86],[111.24,-17.02],[110.83,-18.22],[110.33,-19.46],[110.32,-19.49],[109.91,-20.77],[109.91,-20.8],[109.59,-22.11],[109.59,-22.15],[109.37,-23.49],[109.36,-23.52],[109.24,-24.9],[109.24,-24.93],[109.21,-26.33],[109.21,-26.36],[109.27,-27.8],[109.27,-27.83],[109.43,-29.3],[109.43,-29.32],[109.68,-30.81],[109.82,-32.28],[109.85,-33.74],[109.77,-35.21],[109.59,-36.68],[109.3,-38.15],[108.9,-39.62],[108.39,-41.09],[107.77,-42.58],[107.76,-42.61],[107.26,-44.14],[107.25,-44.18],[106.87,-45.74],[106.87,-45.77],[106.62,-47.37],[106.61,-47.4],[106.49,-49.03],[106.49,-49.06],[106.49,-50.72],[106.49,-50.75],[106.61,-52.44],[106.62,-52.47],[106.87,-54.19],[106.87,-54.22],[107.24,-55.95],[107.49,-57.73],[107.61,-59.58],[107.61,-61.49],[107.49,-63.46],[107.24,-65.5],[106.87,-67.6],[106.38,-69.76],[103.57,-79.88],[103.55,-79.97],[103.55,-80.05],[103.57,-80.14],[103.61,-80.22],[103.66,-80.29],[103.72,-80.35],[103.8,-80.4],[103.88,-80.43],[103.97,-80.45],[104.05,-80.45],[104.14,-80.43],[104.22,-80.39],[104.29,-80.34],[104.35,-80.28],[104.4,-80.2],[104.43,-80.12],[107.25,-70.0],[107.25,-69.98],[107.75,-67.79],[107.76,-67.77],[108.13,-65.64],[108.13,-65.62],[108.38,-63.55],[108.39,-63.53],[108.51,-61.53],[108.51,-61.5],[108.51,-59.56],[108.51,-59.53],[108.39,-57.66],[108.38,-57.63],[108.13,-55.81],[108.13,-55.78],[107.76,-54.05],[107.51,-52.36],[107.39,-50.7],[107.39,-49.08],[107.51,-47.49],[107.75,-45.93],[108.12,-44.4],[108.61,-42.91],[109.23,-41.42],[109.24,-41.4],[109.75,-39.9],[109.76,-39.87],[110.17,-38.37],[110.18,-38.34],[110.47,-36.84],[110.48,-36.81],[110.67,-35.31],[110.67,-35.27],[110.75,-33.77],[110.75,-33.74],[110.72,-32.24],[110.71,-32.21],[110.57,-30.71],[110.57,-30.68],[110.32,-29.19],[110.17,-27.75],[110.11,-26.34],[110.14,-24.96],[110.26,-23.62],[110.47,-22.31],[110.78,-21.03],[111.17,-19.78],[111.67,-18.54],[111.68,-18.52],[112.1,-17.3],[112.1,-17.28],[112.45,-16.09],[112.45,-16.07],[112.72,-14.91],[112.73,-14.89],[112.91,-13.76],[112.92,-13.73],[113.03,-12.64],[113.03,-12.61],[113.06,-11.54],[113.06,-11.51],[113.01,-10.48],[113.01,-10.44],[112.89,-9.46],[112.83,-8.49],[112.83,-7.51],[112.89,-6.54],[113.01,-5.57],[113.19,-4.6],[113.43,-3.62],[113.74,-2.65],[114.11,-1.66],[114.11,-1.65],[114.45,-0.72],[114.46,-0.71],[114.77,0.16],[114.77,0.17],[115.05,0.98],[115.3,1.73],[115.3,1.74],[115.52,2.43],[115.71,3.06],[115.71,3.07],[115.84,3.53],[115.98,3.5],[116.17,3.46],[116.36,3.41],[116.56,3.37],[116.75,3.32],[116.94,3.28],[117.14,3.23],[117.33,3.18],[117.53,3.13],[117.73,3.07],[117.94,3.02],[118.16,2.97],[118.39,2.91],[118.62,2.86],[118.86,2.8],[119.11,2.75],[119.36,2.69],[119.6,2.64],[119.85,2.59],[120.1,2.55],[120.35,2.5],[120.6,2.46],[120.84,2.42],[121.09,2.38],[121.34,2.34],[121.59,2.3],[121.84,2.26],[122.09,2.23],[122.34,2.19],[122.59,2.16],[122.85,2.12],[123.1,2.08],[123.35,2.05],[123.6,2.03],[123.85,2.01],[124.1,1.99],[124.36,1.98],[124.61,1.98],[124.86,1.98],[125.11,1.98],[125.37,1.98],[125.62,1.96],[125.86,1.92],[126.11,1.88],[126.36,1.82],[126.6,1.75],[126.84,1.67],[127.08,1.58],[127.33,1.49],[127.57,1.4],[127.82,1.32],[128.06,1.25],[128.31,1.18],[128.56,1.11],[128.81,1.05],[129.07,1.0],[129.32,0.94],[129.57,0.89],[129.82,0.83],[130.08,0.77],[130.33,0.71],[130.58,0.65],[130.83,0.59],[131.08,0.53],[131.33,0.47],[131.58,0.41],[131.83,0.36],[132.09,0.31],[132.34,0.26],[132.6,0.21],[132.85,0.17],[133.11,0.13],[133.33,0.1],[133.52,0.07],[133.68,0.05],[133.81,0.03],[133.9,0.01],[133.97,0.0],[134.0,0.0],[400.0,-2.0],[400.0,-400.0],[-400.0,-400.0],[-400.0,400.0],[4.0,400.0],[3.0,140.0]],[[0.2,5.91],[0.2,6.0],[0.2,6.09],[0.18,6.18],[0.17,6.26],[0.14,6.35],[0.1,6.44],[0.06,6.52],[0.01,6.61],[-0.04,6.69],[-0.11,6.77],[-0.18,6.85],[-0.26,6.93],[-0.34,7.0],[-0.43,7.07],[-0.53,7.14],[-0.63,7.21],[-0.74,7.27],[-0.85,7.33],[-0.97,7.39],[-1.09,7.45],[-1.22,7.5],[-1.35,7.54],[-1.49,7.59],[-1.63,7.63],[-1.78,7.66],[-1.92,7.69],[-2.07,7.72],[-2.22,7.75],[-2.38,7.77],[-2.53,7.78],[-2.69,7.79],[-2.84,7.8],[-3.0,7.8],[-3.16,7.8],[-3.31,7.79],[-3.47,7.78],[-3.62,7.77],[-3.78,7.75],[-3.93,7.72],[-4.08,7.69],[-4.22,7.66],[-4.37,7.63],[-4.51,7.59],[-4.65,7.54],[-4.78,7.5],[-4.91,7.45],[-5.03,7.39],[-5.15,7.33],[-5.26,7.27],[-5.37,7.21],[-5.47,7.14],[-5.57,7.07],[-5.66,7.0],[-5.74,6.93],[-5.82,6.85],[-5.89,6.77],[-5.96,6.69],[-6.01,6.61],[-6.06,6.52],[-6.1,6.44],[-6.14,6.35],[-6.17,6.26],[-6.18,6.18],[-6.2,6.09],[-6.2,6.0],[-6.2,5.91],[-6.18,5.82],[-6.17,5.74],[-6.14,5.65],[-6.1,5.56],[-6.06,5.48],[-6.01,5.39],[-5.96,5.31],[-5.89,5.23],[-5.82,5.15],[-5.74,5.07],[-5.66,5.0],[-5.57,4.93],[-5.47,4.86],[-5.37,4.79],[-5.26,4.73],[-5.15,4.67],[-5.03,4.61],[-4.91,4.55],[-4.78,4.5],[-4.65,4.46],[-4.51,4.41],[-4.37,4.37],[-4.22,4.34],[-4.08,4.31],[-3.93,4.28],[-3.78,4.25],[-3.62,4.23],[-3.47,4.22],[-3.31,4.21],[-3.16,4.2],[-3.0,4.2],[-2.84,4.2],[-2.69,4.21],[-2.53,4.22],[-2.38,4.23],[-2.22,4.25],[-2.07,4.28],[-1.92,4.31],[-1.78,4.34],[-1.63,4.37],[-1.49,4.41],[-1.35,4.46],[-1.22,4.5],[-1.09,4.55],[-0.97,4.61],[-0.85,4.67],[-0.74,4.73],[-0.63,4.79],[-0.53,4.86],[-0.43,4.93],[-0.34,5.0],[-0.26,5.07],[-0.18,5.15],[-0.11,5.23],[-0.04,5.31],[0.01,5.39],[0.06,5.48],[0.1,5.56],[0.14,5.65],[0.17,5.74],[0.18,5.82],[0.2,5.91]],[[-1.41,29.88],[-1.4,30.0],[-1.41,30.12],[-1.42,30.24],[-1.45,30.35],[-1.49,30.47],[-1.54,30.58],[-1.6,30.7],[-1.67,30.81],[-1.75,30.92],[-1.84,31.03],[-1.94,31.13],[-2.05,31.23],[-2.18,31.33],[-2.31,31.43],[-2.44,31.52],[-2.59,31.61],[-2.75,31.7],[-2.91,31.78],[-3.08,31.86],[-3.26,31.93],[-3.44,32.0],[-3.64,32.06],[-3.83,32.12],[-4.03,32.17],[-4.24,32.22],[-4.45,32.26],[-4.66,32.3],[-4.88,32.33],[-5.1,32.35],[-5.33,32.37],[-5.55,32.39],[-5.77,32.4],[-6.0,32.4],[-6.23,32.4],[-6.45,32.39],[-6.67,32.37],[-6.9,32.35],[-7.12,32.33],[-7.34,32.3],[-7.55,32.26],[-7.76,32.22],[-7.97,32.17],[-8.17,32.12],[-8.36,32.06],[-8.56,32.0],[-8.74,31.93],[-8.92,31.86],[-9.09,31.78],[-9.25,31.7],[-9.41,31.61],[-9.56,31.52],[-9.69,31.43],[-9.82,31.33],[-9.95,31.23],[-10.06,31.13],[-10.16,31.03],[-10.25,30.92],[-10.33,30.81],[-10.4,30.7],[-10.46,30.58],[-10.51,30.47],[-10.55,30.35],[-10.58,30.24],[-10.59,30.12],[-10.6,30.0],[-10.59,29.88],[-10.58,29.76],[-10.55,29.65],[-10.51,29.53],[-10.46,29.42],[-10.4,29.3],[-10.33,29.19],[-10.25,29.08],[-10.16,28.97],[-10.06,28.87],[-9.95,28.77],[-9.82,28.67],[-9.69,28.57],[-9.56,28.48],[-9.41,28.39],[-9.25,28.3],[-9.09,28.22],[-8.92,28.14],[-8.74,28.07],[-8.56,28.0],[-8.36,27.94],[-8.17,27.88],[-7.97,27.83],[-7.76,27.78],[-7.55,27.74],[-7.34,27.7],[-7.12,27.67],[-6.9,27.65],[-6.67,27.63],[-6.45,27.61],[-6.23,27.6],[-6.0,27.6],[-5.77,27.6],[-5.55,27.61],[-5.33,27.63],[-5.1,27.65],[-4.88,27.67],[-4.66,27.7],[-4.45,27.74],[-4.24,27.78],[-4.03,27.83],[-3.83,27.88],[-3.64,27.94],[-3.44,28.0],[-3.26,28.07],[-3.08,28.14],[-2.91,28.22],[-2.75,28.3],[-2.59,28.39],[-2.44,28.48],[-2.31,28.57],[-2.18,28.67],[-2.05,28.77],[-1.94,28.87],[-1.84,28.97],[-1.75,29.08],[-1.67,29.19],[-1.6,29.3],[-1.54,29.42],[-1.49,29.53],[-1.45,29.65],[-1.42,29.76],[-1.41,29.88]]]},"properties":{"l":"land","n":"Gotham County","k":"mainland"}},{"type":"Feature","geometry":{"type":"Polygon","coordinates":[[[139.93,11.5],[139.79,11.5],[139.58,11.5],[139.3,11.5],[138.94,11.5],[138.52,11.5],[138.03,11.5],[137.46,11.5],[136.9,11.5],[136.34,11.49],[135.77,11.48],[135.21,11.46],[134.65,11.44],[134.08,11.41],[133.52,11.38],[132.96,11.34],[132.39,11.3],[131.83,11.26],[131.27,11.22],[130.71,11.17],[130.15,11.12],[129.59,11.07],[129.03,11.01],[128.46,10.96],[127.9,10.9],[127.34,10.85],[126.78,10.8],[126.22,10.76],[125.66,10.72],[125.1,10.68],[124.53,10.64],[123.97,10.61],[123.42,10.59],[122.89,10.57],[122.38,10.57],[121.88,10.57],[121.39,10.58],[120.92,10.6],[120.47,10.62],[120.03,10.66],[119.59,10.69],[119.16,10.72],[118.72,10.75],[118.28,10.77],[117.84,10.79],[117.4,10.81],[116.97,10.83],[116.53,10.84],[116.09,10.85],[115.65,10.88],[115.21,10.9],[114.78,10.93],[114.34,10.97],[113.9,11.01],[113.47,11.06],[113.03,11.11],[112.59,11.15],[112.16,11.2],[111.72,11.24],[111.28,11.28],[110.85,11.32],[110.41,11.35],[109.97,11.38],[109.53,11.41],[109.12,11.44],[108.75,11.47],[108.4,11.51],[108.08,11.56],[107.79,11.61],[107.53,11.67],[107.3,11.73],[107.1,11.79],[106.9,11.85],[106.69,11.91],[106.49,11.96],[106.28,12.01],[106.08,12.05],[105.87,12.09],[105.67,12.12],[105.46,12.16],[105.25,12.19],[105.04,12.22],[104.83,12.26],[104.63,12.29],[104.42,12.33],[104.21,12.37],[104.0,12.41],[103.8,12.45],[103.59,12.49],[103.39,12.54],[103.18,12.6],[102.98,12.66],[102.78,12.72],[102.58,12.79],[102.38,12.86],[102.19,12.93],[102.01,13.03],[101.84,13.14],[101.68,13.26],[101.54,13.4],[101.41,13.56],[101.3,13.74],[101.2,13.93],[101.11,14.14],[101.03,14.35],[100.95,14.56],[100.87,14.78],[100.79,14.99],[100.71,15.2],[100.64,15.42],[100.57,15.63],[100.5,15.85],[100.43,16.06],[100.36,16.28],[100.28,16.49],[100.2,16.7],[100.11,16.91],[100.03,17.12],[99.94,17.33],[99.84,17.54],[99.76,17.74],[99.67,17.95],[99.59,18.16],[99.51,18.38],[99.43,18.59],[99.36,18.81],[99.29,19.02],[99.23,19.24],[99.16,19.48],[99.1,19.75],[99.04,20.03],[98.98,20.35],[98.92,20.68],[98.86,21.04],[98.8,21.43],[98.75,21.83],[98.69,22.24],[98.64,22.65],[98.59,23.06],[98.53,23.46],[98.48,23.87],[98.44,24.28],[98.39,24.69],[98.34,25.1],[98.29,25.51],[98.25,25.91],[98.2,26.32],[98.15,26.73],[98.1,27.14],[98.04,27.55],[97.99,27.96],[97.94,28.36],[97.88,28.77],[97.82,29.18],[97.75,29.58],[97.67,29.99],[97.6,30.39],[97.51,30.79],[97.42,31.2],[97.33,31.6],[97.24,31.99],[97.15,32.38],[97.07,32.76],[96.99,33.13],[96.91,33.49],[96.84,33.85],[96.77,34.2],[96.7,34.54],[96.63,34.89],[96.56,35.23],[96.49,35.57],[96.41,35.91],[96.34,36.25],[96.26,36.6],[96.18,36.94],[96.1,37.28],[96.02,37.62],[95.95,37.96],[95.88,38.3],[95.81,38.64],[95.75,38.99],[95.69,39.33],[95.64,39.68],[95.59,40.02],[95.54,40.37],[95.48,40.71],[95.43,41.06],[95.38,41.41],[95.33,41.75],[95.28,42.1],[95.23,42.44],[95.18,42.79],[95.14,43.14],[95.13,43.5],[95.13,43.87],[95.14,44.25],[95.17,44.63],[95.22,45.02],[95.29,45.42],[95.37,45.83],[95.45,46.23],[95.53,46.64],[95.6,47.05],[95.66,47.46],[95.72,47.87],[95.78,48.28],[95.83,48.69],[95.88,49.1],[95.94,49.51],[95.99,49.92],[96.05,50.33],[96.11,50.74],[96.17,51.15],[96.24,51.56],[96.3,51.97],[96.38,52.37],[96.45,52.78],[96.53,53.19],[96.62,53.59],[96.71,54.0],[96.8,54.4],[96.9,54.8],[97.01,55.2],[97.12,55.6],[97.21,56.0],[97.27,56.4],[97.32,56.81],[97.35,57.21],[97.35,57.61],[97.34,58.02],[97.3,58.42],[97.24,58.83],[97.18,59.24],[97.12,59.65],[97.06,60.05],[97.0,60.46],[96.93,60.86],[96.87,61.27],[96.8,61.67],[96.73,62.08],[96.67,62.49],[96.6,62.89],[96.54,63.3],[96.48,63.71],[96.43,64.11],[96.38,64.52],[96.33,64.93],[96.28,65.34],[96.23,65.75],[96.18,66.15],[96.12,66.56],[96.06,66.97],[95.99,67.37],[95.92,67.78],[95.85,68.18],[95.77,68.59],[95.71,68.99],[95.66,69.41],[95.63,69.82],[95.62,70.25],[95.62,70.67],[95.64,71.1],[95.67,71.54],[95.72,71.98],[95.77,72.42],[95.83,72.86],[95.88,73.29],[95.95,73.73],[96.01,74.17],[96.08,74.6],[96.15,75.04],[96.23,75.48],[96.31,75.91],[96.38,76.35],[96.46,76.78],[96.54,77.22],[96.62,77.65],[96.69,78.09],[96.77,78.52],[96.85,78.96],[96.93,79.39],[97.0,79.83],[97.07,80.27],[97.13,80.7],[97.19,81.14],[97.24,81.58],[97.29,82.02],[97.34,82.46],[97.37,82.9],[97.38,83.34],[97.38,83.78],[97.36,84.22],[97.32,84.65],[97.27,85.09],[97.2,85.53],[97.11,85.96],[97.03,86.4],[96.95,86.84],[96.88,87.28],[96.81,87.72],[96.75,88.16],[96.69,88.6],[96.64,89.04],[96.59,89.48],[96.53,89.92],[96.48,90.36],[96.41,90.8],[96.35,91.24],[96.27,91.68],[96.2,92.12],[96.11,92.56],[96.03,92.99],[95.94,93.43],[95.85,93.86],[95.76,94.3],[95.68,94.74],[95.59,95.17],[95.5,95.61],[95.41,96.04],[95.32,96.48],[95.25,96.91],[95.2,97.35],[95.17,97.78],[95.17,98.22],[95.18,98.65],[95.22,99.09],[95.28,99.52],[95.36,99.96],[95.44,100.39],[95.52,100.83],[95.6,101.26],[95.68,101.7],[95.77,102.13],[95.85,102.57],[95.93,103.0],[96.02,103.44],[96.1,103.87],[96.18,104.31],[96.25,104.74],[96.31,105.18],[96.38,105.62],[96.43,106.05],[96.49,106.49],[96.54,106.93],[96.59,107.37],[96.63,107.81],[96.68,108.25],[96.72,108.69],[96.76,109.13],[96.8,109.57],[96.84,110.02],[96.87,110.46],[96.91,110.9],[96.96,111.34],[97.01,111.78],[97.06,112.22],[97.11,112.65],[97.17,113.09],[97.24,113.53],[97.31,113.97],[97.38,114.4],[97.44,114.84],[97.51,115.28],[97.58,115.71],[97.65,116.15],[97.71,116.59],[97.78,117.02],[97.85,117.46],[97.91,117.9],[97.98,118.33],[98.05,118.77],[98.12,119.21],[98.19,119.64],[98.26,120.08],[98.33,120.52],[98.4,120.95],[98.47,121.39],[98.53,121.83],[98.59,122.26],[98.65,122.7],[98.71,123.14],[98.76,123.58],[98.8,124.02],[98.85,124.46],[98.9,124.94],[98.95,125.46],[99.0,126.01],[99.07,126.61],[99.13,127.24],[99.2,127.91],[99.28,128.62],[99.36,129.37],[99.43,130.12],[99.5,130.87],[99.57,131.62],[99.62,132.37],[99.68,133.12],[99.73,133.87],[99.77,134.62],[99.81,135.37],[99.85,136.12],[99.89,136.88],[99.93,137.63],[99.98,138.38],[100.02,139.13],[100.07,139.88],[100.12,140.63],[100.17,141.38],[100.22,142.14],[100.28,142.89],[100.34,143.64],[100.41,144.39],[100.48,145.13],[100.55,145.88],[100.63,146.63],[100.71,147.38],[100.78,148.04],[100.85,148.6],[100.9,149.06],[100.94,149.44],[100.97,149.72],[100.99,149.91],[101.0,150.0],[104.0,400.0],[400.0,400.0],[400.0,14.0],[140.0,11.5],[139.93,11.5]]]},"properties":{"l":"land","n":"Burnside","k":"mainland"}},{"type":"Feature","geometry":{"type":"Polygon","coordinates":[[[24.29,52.9],[24.49,52.96],[24.75,53.03],[25.06,53.12],[25.42,53.21],[25.83,53.33],[25.84,53.33],[26.26,53.44],[26.68,53.55],[26.69,53.55],[27.11,53.65],[27.12,53.65],[27.54,53.75],[27.55,53.75],[27.98,53.85],[27.99,53.85],[28.42,53.95],[28.86,54.04],[29.3,54.13],[29.34,54.13],[29.78,54.2],[29.82,54.21],[30.27,54.26],[30.3,54.26],[30.76,54.3],[30.79,54.3],[31.26,54.32],[31.29,54.32],[31.77,54.32],[31.8,54.32],[32.29,54.31],[32.31,54.31],[32.81,54.27],[32.83,54.27],[33.33,54.22],[33.35,54.22],[33.84,54.16],[33.85,54.16],[34.34,54.1],[34.35,54.1],[34.83,54.03],[34.85,54.03],[35.32,53.95],[35.33,53.95],[35.8,53.87],[35.81,53.87],[36.28,53.78],[36.29,53.78],[36.75,53.68],[36.76,53.68],[37.19,53.58],[37.61,53.51],[38.03,53.46],[38.45,53.42],[38.87,53.4],[39.3,53.4],[39.73,53.42],[40.17,53.46],[40.62,53.52],[41.09,53.59],[41.55,53.66],[42.01,53.73],[42.47,53.8],[42.92,53.88],[43.37,53.96],[43.82,54.04],[44.26,54.13],[44.3,54.13],[44.75,54.2],[44.79,54.21],[45.24,54.25],[45.27,54.26],[45.72,54.28],[45.76,54.28],[46.21,54.29],[46.25,54.29],[46.7,54.28],[46.74,54.27],[47.19,54.24],[47.23,54.24],[47.68,54.18],[47.71,54.18],[48.16,54.1],[48.17,54.1],[48.61,54.03],[49.06,53.95],[49.5,53.88],[49.94,53.8],[50.37,53.73],[50.37,53.72],[50.81,53.65],[51.23,53.57],[51.24,53.57],[51.64,53.5],[52.04,53.45],[52.43,53.41],[52.82,53.39],[53.21,53.38],[53.6,53.39],[53.99,53.42],[54.38,53.46],[54.79,53.52],[54.8,53.52],[55.23,53.58],[55.24,53.58],[55.67,53.63],[55.68,53.63],[56.11,53.67],[56.13,53.67],[56.55,53.7],[56.57,53.7],[56.99,53.73],[57.01,53.73],[57.43,53.74],[57.45,53.74],[57.87,53.75],[57.89,53.75],[59.8,53.75],[59.97,53.73],[60.13,53.69],[60.27,53.61],[60.4,53.5],[60.51,53.37],[60.59,53.23],[60.63,53.07],[60.65,52.9],[60.63,52.73],[60.59,52.57],[60.51,52.43],[60.4,52.3],[60.27,52.19],[60.13,52.11],[59.97,52.07],[59.8,52.05],[57.9,52.05],[57.49,52.04],[57.08,52.03],[56.67,52.0],[56.26,51.97],[55.85,51.94],[55.44,51.89],[55.03,51.84],[54.61,51.78],[54.58,51.77],[54.15,51.73],[54.12,51.73],[53.69,51.7],[53.66,51.7],[53.23,51.68],[53.2,51.68],[52.78,51.69],[52.74,51.69],[52.32,51.72],[52.28,51.72],[51.86,51.76],[51.82,51.76],[51.4,51.82],[51.36,51.83],[50.94,51.9],[50.51,51.98],[50.08,52.05],[49.65,52.12],[49.21,52.2],[48.77,52.27],[48.33,52.35],[47.88,52.42],[47.45,52.5],[47.04,52.55],[46.63,52.58],[46.22,52.59],[45.81,52.58],[45.39,52.56],[44.98,52.52],[44.57,52.46],[44.14,52.37],[44.13,52.37],[43.68,52.29],[43.67,52.29],[43.21,52.2],[42.75,52.12],[42.74,52.12],[42.28,52.05],[42.27,52.05],[41.81,51.98],[41.8,51.97],[41.33,51.91],[41.33,51.9],[40.85,51.84],[40.37,51.78],[40.34,51.77],[39.87,51.73],[39.83,51.73],[39.36,51.71],[39.32,51.7],[38.86,51.7],[38.82,51.7],[38.36,51.72],[38.32,51.72],[37.86,51.76],[37.82,51.77],[37.37,51.83],[37.33,51.83],[36.88,51.91],[36.84,51.92],[36.4,52.02],[35.95,52.11],[35.5,52.19],[35.05,52.27],[34.59,52.35],[34.12,52.41],[33.64,52.47],[33.16,52.53],[32.68,52.58],[32.22,52.61],[31.76,52.62],[31.32,52.62],[30.88,52.6],[30.45,52.57],[30.03,52.52],[29.62,52.46],[29.2,52.37],[28.77,52.28],[28.35,52.19],[27.93,52.1],[27.51,52.0],[27.1,51.9],[26.68,51.79],[26.28,51.69],[25.87,51.57],[25.51,51.48],[25.2,51.39],[24.94,51.32],[24.73,51.26],[24.58,51.22],[24.48,51.19],[24.42,51.18],[24.26,51.15],[24.09,51.16],[23.93,51.19],[23.78,51.26],[23.64,51.36],[23.53,51.48],[23.44,51.62],[23.38,51.78],[23.35,51.94],[23.36,52.11],[23.39,52.27],[23.46,52.42],[23.56,52.56],[23.68,52.67],[23.82,52.76],[23.98,52.82],[24.03,52.83],[24.13,52.86],[24.29,52.9]]]},"properties":{"l":"water","n":"Sprang River"}},{"type":"Feature","geometry":{"type":"Polygon","coordinates":[[[-139.6,24.04],[-139.56,24.05],[-135.94,24.68],[-135.9,24.68],[-132.34,25.12],[-132.3,25.12],[-128.8,25.37],[-128.76,25.37],[-125.33,25.44],[-125.28,25.44],[-121.91,25.31],[-121.87,25.31],[-118.55,25.0],[-118.51,24.99],[-115.29,24.5],[-112.16,24.25],[-109.09,24.25],[-106.09,24.49],[-103.15,24.98],[-100.28,25.72],[-97.46,26.7],[-94.71,27.92],[-91.98,29.41],[-91.94,29.43],[-89.25,30.68],[-89.2,30.7],[-86.58,31.7],[-86.52,31.72],[-83.96,32.47],[-83.9,32.49],[-81.4,32.99],[-81.33,33.0],[-78.89,33.25],[-78.81,33.25],[-76.44,33.25],[-76.36,33.25],[-74.04,33.0],[-73.96,32.98],[-71.75,32.49],[-69.61,32.25],[-67.51,32.25],[-65.44,32.49],[-63.4,32.97],[-61.38,33.69],[-59.39,34.66],[-57.42,35.87],[-55.45,37.35],[-55.41,37.38],[-53.44,38.66],[-53.39,38.69],[-51.45,39.75],[-51.4,39.78],[-49.49,40.62],[-49.42,40.65],[-47.55,41.27],[-47.47,41.29],[-45.63,41.7],[-45.55,41.71],[-43.73,41.9],[-43.64,41.91],[-41.86,41.87],[-41.77,41.87],[-40.06,41.62],[-38.42,41.56],[-36.82,41.68],[-35.24,41.98],[-33.7,42.45],[-32.18,43.11],[-30.68,43.95],[-29.2,44.97],[-27.73,46.2],[-27.69,46.23],[-26.23,47.31],[-26.18,47.34],[-24.74,48.24],[-24.69,48.27],[-23.28,49.01],[-23.22,49.04],[-21.85,49.6],[-21.77,49.63],[-20.43,50.02],[-20.34,50.04],[-19.03,50.26],[-18.93,50.27],[-17.65,50.31],[-17.55,50.31],[-16.34,50.19],[-15.21,50.2],[-14.11,50.35],[-13.04,50.62],[-12.0,51.03],[-10.98,51.57],[-9.98,52.24],[-9.01,53.05],[-8.03,54.03],[-8.0,54.06],[-7.02,54.95],[-6.99,54.97],[-6.02,55.76],[-5.98,55.78],[-5.03,56.46],[-4.98,56.49],[-4.04,57.05],[-3.99,57.08],[-3.07,57.53],[-3.0,57.56],[-2.09,57.9],[-2.02,57.93],[-1.13,58.16],[-1.04,58.18],[-0.19,58.3],[0.61,58.46],[1.38,58.67],[2.11,58.92],[2.81,59.21],[3.48,59.55],[4.13,59.93],[4.74,60.35],[5.34,60.84],[5.35,60.84],[5.95,61.3],[5.96,61.31],[6.52,61.73],[6.53,61.74],[7.06,62.12],[7.08,62.13],[7.58,62.48],[7.59,62.49],[8.06,62.79],[8.08,62.81],[8.52,63.07],[8.54,63.08],[8.95,63.31],[8.98,63.33],[10.66,64.17],[10.8,64.22],[10.95,64.25],[11.09,64.24],[11.24,64.21],[11.37,64.15],[11.49,64.07],[11.59,63.96],[11.67,63.84],[11.72,63.7],[11.75,63.55],[11.74,63.41],[11.71,63.26],[11.65,63.13],[11.57,63.01],[11.46,62.91],[11.34,62.83],[9.66,61.99],[9.28,61.78],[8.87,61.53],[8.42,61.24],[7.93,60.9],[7.41,60.53],[6.86,60.11],[6.28,59.66],[5.66,59.16],[5.61,59.13],[4.96,58.68],[4.91,58.65],[4.23,58.24],[4.18,58.22],[3.46,57.86],[3.41,57.84],[2.66,57.53],[2.62,57.51],[1.84,57.24],[1.79,57.23],[0.98,57.01],[0.93,57.0],[0.09,56.83],[0.04,56.82],[-0.79,56.7],[-1.6,56.49],[-2.44,56.17],[-3.3,55.75],[-4.18,55.21],[-5.09,54.57],[-6.03,53.82],[-6.98,52.96],[-7.97,51.97],[-8.02,51.92],[-9.05,51.06],[-9.11,51.02],[-10.17,50.3],[-10.24,50.26],[-11.34,49.68],[-11.42,49.64],[-12.54,49.21],[-12.63,49.18],[-13.78,48.88],[-13.87,48.87],[-15.06,48.71],[-15.15,48.7],[-16.37,48.69],[-16.45,48.69],[-17.65,48.81],[-18.83,48.77],[-20.05,48.56],[-21.32,48.2],[-22.62,47.66],[-23.97,46.96],[-25.36,46.08],[-26.79,45.03],[-28.27,43.8],[-28.32,43.76],[-29.85,42.7],[-29.91,42.66],[-31.48,41.78],[-31.55,41.75],[-33.14,41.06],[-33.22,41.03],[-34.84,40.53],[-34.92,40.51],[-36.58,40.2],[-36.66,40.19],[-38.35,40.06],[-38.43,40.06],[-40.15,40.13],[-40.23,40.13],[-41.93,40.38],[-43.62,40.41],[-45.35,40.23],[-47.11,39.84],[-48.92,39.24],[-50.76,38.42],[-52.65,37.39],[-54.57,36.14],[-56.55,34.65],[-56.61,34.61],[-58.64,33.36],[-58.7,33.33],[-60.77,32.33],[-60.84,32.29],[-62.93,31.54],[-63.02,31.52],[-65.14,31.02],[-65.23,31.0],[-67.38,30.75],[-67.47,30.75],[-69.66,30.75],[-69.74,30.75],[-71.96,31.0],[-72.04,31.02],[-74.25,31.51],[-76.48,31.75],[-78.77,31.75],[-81.14,31.51],[-83.57,31.02],[-86.07,30.29],[-88.65,29.31],[-91.29,28.08],[-94.02,26.59],[-94.07,26.56],[-96.88,25.31],[-96.94,25.29],[-99.82,24.29],[-99.88,24.27],[-102.81,23.52],[-102.88,23.51],[-105.88,23.01],[-105.94,23.0],[-109.0,22.75],[-109.06,22.75],[-112.19,22.75],[-112.25,22.75],[-115.43,23.0],[-115.49,23.01],[-118.72,23.51],[-121.99,23.81],[-125.32,23.94],[-128.72,23.88],[-132.18,23.63],[-135.7,23.2],[-139.29,22.58],[-142.95,21.77],[-159.81,17.28],[-159.95,17.25],[-160.1,17.26],[-160.24,17.29],[-160.38,17.35],[-160.5,17.44],[-160.6,17.54],[-160.67,17.67],[-160.72,17.81],[-160.75,17.95],[-160.74,18.1],[-160.71,18.24],[-160.65,18.38],[-160.56,18.5],[-160.46,18.6],[-160.33,18.67],[-160.19,18.72],[-143.32,23.22],[-143.29,23.23],[-139.6,24.04]]]},"properties":{"l":"water","n":"Kane River"}},{"type":"Feature","geometry":{"type":"Polygon","coordinates":[[[107.24,-65.5],[107.49,-63.46],[107.61,-61.49],[107.61,-59.58],[107.49,-57.73],[107.24,-55.95],[106.87,-54.22],[106.87,-54.19],[106.62,-52.47],[106.61,-52.44],[106.49,-50.75],[106.49,-50.72],[106.49,-49.06],[106.49,-49.03],[106.61,-47.4],[106.62,-47.37],[106.87,-45.77],[106.87,-45.74],[107.25,-44.18],[107.26,-44.14],[107.76,-42.61],[107.77,-42.58],[108.39,-41.09],[108.9,-39.62],[109.3,-38.15],[109.59,-36.68],[109.77,-35.21],[109.85,-33.74],[109.82,-32.28],[109.68,-30.81],[109.43,-29.32],[109.43,-29.3],[109.27,-27.83],[109.27,-27.8],[109.21,-26.36],[109.21,-26.33],[109.24,-24.93],[109.24,-24.9],[109.36,-23.52],[109.37,-23.49],[109.59,-22.15],[109.59,-22.11],[109.91,-20.8],[109.91,-20.77],[110.32,-19.49],[110.33,-19.46],[110.83,-18.22],[111.24,-17.02],[111.58,-15.86],[111.84,-14.73],[112.02,-13.63],[112.13,-12.56],[112.16,-11.53],[112.11,-10.54],[111.99,-9.56],[111.99,-9.53],[111.93,-8.53],[111.93,-8.5],[111.93,-7.5],[111.93,-7.47],[111.99,-6.47],[111.99,-6.44],[112.12,-5.44],[112.12,-5.42],[112.31,-4.42],[112.31,-4.39],[112.56,-3.39],[112.57,-3.37],[112.88,-2.37],[112.89,-2.34],[113.27,-1.34],[113.61,-0.41],[113.92,0.46],[114.2,1.27],[114.45,2.01],[114.66,2.7],[114.85,3.31],[115.0,3.86],[115.56,6.11],[115.59,6.19],[115.64,6.27],[115.7,6.33],[115.77,6.39],[115.85,6.42],[115.93,6.45],[116.02,6.45],[116.11,6.44],[116.19,6.41],[116.27,6.36],[116.33,6.3],[116.39,6.23],[116.42,6.15],[116.45,6.07],[116.45,5.98],[116.44,5.89],[115.87,3.64],[115.87,3.63],[115.71,3.07],[115.71,3.06],[115.52,2.43],[115.3,1.74],[115.3,1.73],[115.05,0.98],[114.77,0.17],[114.77,0.16],[114.46,-0.71],[114.45,-0.72],[114.11,-1.65],[114.11,-1.66],[113.74,-2.65],[113.43,-3.62],[113.19,-4.6],[113.01,-5.57],[112.89,-6.54],[112.83,-7.51],[112.83,-8.49],[112.89,-9.46],[113.01,-10.44],[113.01,-10.48],[113.06,-11.51],[113.06,-11.54],[113.03,-12.61],[113.03,-12.64],[112.92,-13.73],[112.91,-13.76],[112.73,-14.89],[112.72,-14.91],[112.45,-16.07],[112.45,-16.09],[112.1,-17.28],[112.1,-17.3],[111.68,-18.52],[111.67,-18.54],[111.17,-19.78],[110.78,-21.03],[110.47,-22.31],[110.26,-23.62],[110.14,-24.96],[110.11,-26.34],[110.17,-27.75],[110.32,-29.19],[110.57,-30.68],[110.57,-30.71],[110.71,-32.21],[110.72,-32.24],[110.75,-33.74],[110.75,-33.77],[110.67,-35.27],[110.67,-35.31],[110.48,-36.81],[110.47,-36.84],[110.18,-38.34],[110.17,-38.37],[109.76,-39.87],[109.75,-39.9],[109.24,-41.4],[109.23,-41.42],[108.61,-42.91],[108.12,-44.4],[107.75,-45.93],[107.51,-47.49],[107.39,-49.08],[107.39,-50.7],[107.51,-52.36],[107.76,-54.05],[108.13,-55.78],[108.13,-55.81],[108.38,-57.63],[108.39,-57.66],[108.51,-59.53],[108.51,-59.56],[108.51,-61.5],[108.51,-61.53],[108.39,-63.53],[108.38,-63.55],[108.13,-65.62],[108.13,-65.64],[107.76,-67.77],[107.75,-67.79],[107.25,-69.98],[107.25,-70.0],[104.43,-80.12],[104.4,-80.2],[104.35,-80.28],[104.29,-80.34],[104.22,-80.39],[104.14,-80.43],[104.05,-80.45],[103.97,-80.45],[103.88,-80.43],[103.8,-80.4],[103.72,-80.35],[103.66,-80.29],[103.61,-80.22],[103.57,-80.14],[103.55,-80.05],[103.55,-79.97],[103.57,-79.88],[106.38,-69.76],[106.87,-67.6],[107.24,-65.5]]]},"properties":{"l":"water","n":"Blüd Creek"}},{"type":"Feature","geometry":{"type":"Polygon","coordinates":[[[47.8,72.47],[47.78,72.35],[47.76,72.22],[47.73,72.09],[47.69,71.97],[47.64,71.85],[47.59,71.72],[47.53,71.61],[47.45,71.49],[47.37,71.37],[47.29,71.26],[47.19,71.16],[47.09,71.05],[46.98,70.95],[46.87,70.85],[46.75,70.76],[46.62,70.67],[46.48,70.59],[46.34,70.51],[46.2,70.44],[46.05,70.37],[45.9,70.31],[45.74,70.25],[45.58,70.2],[45.41,70.15],[45.25,70.11],[45.07,70.08],[44.9,70.05],[44.73,70.03],[44.55,70.01],[44.38,70.0],[44.2,70.0],[44.02,70.0],[43.85,70.01],[43.67,70.03],[43.5,70.05],[43.33,70.08],[43.15,70.11],[42.99,70.15],[42.82,70.2],[42.66,70.25],[42.5,70.31],[42.35,70.37],[42.2,70.44],[42.06,70.51],[41.92,70.59],[41.78,70.67],[41.65,70.76],[41.53,70.85],[41.42,70.95],[41.31,71.05],[41.21,71.16],[41.11,71.26],[41.03,71.37],[40.95,71.49],[40.87,71.61],[40.81,71.72],[40.76,71.85],[40.71,71.97],[40.67,72.09],[40.64,72.22],[40.62,72.35],[40.6,72.47],[40.6,72.6],[40.6,72.73],[40.62,72.85],[40.64,72.98],[40.67,73.11],[40.71,73.23],[40.76,73.35],[40.81,73.48],[40.87,73.59],[40.95,73.71],[41.03,73.83],[41.11,73.94],[41.21,74.04],[41.31,74.15],[41.42,74.25],[41.53,74.35],[41.65,74.44],[41.78,74.53],[41.92,74.61],[42.06,74.69],[42.2,74.76],[42.35,74.83],[42.5,74.89],[42.66,74.95],[42.82,75.0],[42.99,75.05],[43.15,75.09],[43.33,75.12],[43.5,75.15],[43.67,75.17],[43.85,75.19],[44.02,75.2],[44.2,75.2],[44.38,75.2],[44.55,75.19],[44.73,75.17],[44.9,75.15],[45.07,75.12],[45.25,75.09],[45.41,75.05],[45.58,75.0],[45.74,74.95],[45.9,74.89],[46.05,74.83],[46.2,74.76],[46.34,74.69],[46.48,74.61],[46.62,74.53],[46.75,74.44],[46.87,74.35],[46.98,74.25],[47.09,74.15],[47.19,74.04],[47.29,73.94],[47.37,73.83],[47.45,73.71],[47.53,73.59],[47.59,73.48],[47.64,73.35],[47.69,73.23],[47.73,73.11],[47.76,72.98],[47.78,72.85],[47.8,72.73],[47.8,72.6],[47.8,72.47]]]},"properties":{"l":"water","n":"The Reservoir"}},{"type":"Feature","geometry":{"type":"Polygon","coordinates":[[[0.2,5.91],[0.18,5.82],[0.17,5.74],[0.14,5.65],[0.1,5.56],[0.06,5.48],[0.01,5.39],[-0.04,5.31],[-0.11,5.23],[-0.18,5.15],[-0.26,5.07],[-0.34,5.0],[-0.43,4.93],[-0.53,4.86],[-0.63,4.79],[-0.74,4.73],[-0.85,4.67],[-0.97,4.61],[-1.09,4.55],[-1.22,4.5],[-1.35,4.46],[-1.49,4.41],[-1.63,4.37],[-1.78,4.34],[-1.92,4.31],[-2.07,4.28],[-2.22,4.25],[-2.38,4.23],[-2.53,4.22],[-2.69,4.21],[-2.84,4.2],[-3.0,4.2],[-3.16,4.2],[-3.31,4.21],[-3.47,4.22],[-3.62,4.23],[-3.78,4.25],[-3.93,4.28],[-4.08,4.31],[-4.22,4.34],[-4.37,4.37],[-4.51,4.41],[-4.65,4.46],[-4.78,4.5],[-4.91,4.55],[-5.03,4.61],[-5.15,4.67],[-5.26,4.73],[-5.37,4.79],[-5.47,4.86],[-5.57,4.93],[-5.66,5.0],[-5.74,5.07],[-5.82,5.15],[-5.89,5.23],[-5.96,5.31],[-6.01,5.39],[-6.06,5.48],[-6.1,5.56],[-6.14,5.65],[-6.17,5.74],[-6.18,5.82],[-6.2,5.91],[-6.2,6.0],[-6.2,6.09],[-6.18,6.18],[-6.17,6.26],[-6.14,6.35],[-6.1,6.44],[-6.06,6.52],[-6.01,6.61],[-5.96,6.69],[-5.89,6.77],[-5.82,6.85],[-5.74,6.93],[-5.66,7.0],[-5.57,7.07],[-5.47,7.14],[-5.37,7.21],[-5.26,7.27],[-5.15,7.33],[-5.03,7.39],[-4.91,7.45],[-4.78,7.5],[-4.65,7.54],[-4.51,7.59],[-4.37,7.63],[-4.22,7.66],[-4.08,7.69],[-3.93,7.72],[-3.78,7.75],[-3.62,7.77],[-3.47,7.78],[-3.31,7.79],[-3.16,7.8],[-3.0,7.8],[-2.84,7.8],[-2.69,7.79],[-2.53,7.78],[-2.38,7.77],[-2.22,7.75],[-2.07,7.72],[-1.92,7.69],[-1.78,7.66],[-1.63,7.63],[-1.49,7.59],[-1.35,7.54],[-1.22,7.5],[-1.09,7.45],[-0.97,7.39],[-0.85,7.33],[-0.74,7.27],[-0.63,7.21],[-0.53,7.14],[-0.43,7.07],[-0.34,7.0],[-0.26,6.93],[-0.18,6.85],[-0.11,6.77],[-0.04,6.69],[0.01,6.61],[0.06,6.52],[0.1,6.44],[0.14,6.35],[0.17,6.26],[0.18,6.18],[0.2,6.09],[0.2,6.0],[0.2,5.91]]]},"properties":{"l":"water","n":"Wayne Lake"}},{"type":"Feature","geometry":{"type":"Polygon","coordinates":[[[-1.41,29.88],[-1.42,29.76],[-1.45,29.65],[-1.49,29.53],[-1.54,29.42],[-1.6,29.3],[-1.67,29.19],[-1.75,29.08],[-1.84,28.97],[-1.94,28.87],[-2.05,28.77],[-2.18,28.67],[-2.31,28.57],[-2.44,28.48],[-2.59,28.39],[-2.75,28.3],[-2.91,28.22],[-3.08,28.14],[-3.26,28.07],[-3.44,28.0],[-3.64,27.94],[-3.83,27.88],[-4.03,27.83],[-4.24,27.78],[-4.45,27.74],[-4.66,27.7],[-4.88,27.67],[-5.1,27.65],[-5.33,27.63],[-5.55,27.61],[-5.77,27.6],[-6.0,27.6],[-6.23,27.6],[-6.45,27.61],[-6.67,27.63],[-6.9,27.65],[-7.12,27.67],[-7.34,27.7],[-7.55,27.74],[-7.76,27.78],[-7.97,27.83],[-8.17,27.88],[-8.36,27.94],[-8.56,28.0],[-8.74,28.07],[-8.92,28.14],[-9.09,28.22],[-9.25,28.3],[-9.41,28.39],[-9.56,28.48],[-9.69,28.57],[-9.82,28.67],[-9.95,28.77],[-10.06,28.87],[-10.16,28.97],[-10.25,29.08],[-10.33,29.19],[-10.4,29.3],[-10.46,29.42],[-10.51,29.53],[-10.55,29.65],[-10.58,29.76],[-10.59,29.88],[-10.6,30.0],[-10.59,30.12],[-10.58,30.24],[-10.55,30.35],[-10.51,30.47],[-10.46,30.58],[-10.4,30.7],[-10.33,30.81],[-10.25,30.92],[-10.16,31.03],[-10.06,31.13],[-9.95,31.23],[-9.82,31.33],[-9.69,31.43],[-9.56,31.52],[-9.41,31.61],[-9.25,31.7],[-9.09,31.78],[-8.92,31.86],[-8.74,31.93],[-8.56,32.0],[-8.36,32.06],[-8.17,32.12],[-7.97,32.17],[-7.76,32.22],[-7.55,32.26],[-7.34,32.3],[-7.12,32.33],[-6.9,32.35],[-6.67,32.37],[-6.45,32.39],[-6.23,32.4],[-6.0,32.4],[-5.77,32.4],[-5.55,32.39],[-5.33,32.37],[-5.1,32.35],[-4.88,32.33],[-4.66,32.3],[-4.45,32.26],[-4.24,32.22],[-4.03,32.17],[-3.83,32.12],[-3.64,32.06],[-3.44,32.0],[-3.26,31.93],[-3.08,31.86],[-2.91,31.78],[-2.75,31.7],[-2.59,31.61],[-2.44,31.52],[-2.31,31.43],[-2.18,31.33],[-2.05,31.23],[-1.94,31.13],[-1.84,31.03],[-1.75,30.92],[-1.67,30.81],[-1.6,30.7],[-1.54,30.58],[-1.49,30.47],[-1.45,30.35],[-1.42,30.24],[-1.41,30.12],[-1.4,30.0],[-1.41,29.88]]]},"properties":{"l":"water","n":"Bristol Lake"}},{"type":"Feature","geometry":{"type":"Polygon","coordinates":[[[49.6,91.57],[49.6,91.53],[49.59,91.5],[49.58,91.46],[49.57,91.43],[49.56,91.4],[49.54,91.36],[49.52,91.33],[49.5,91.3],[49.48,91.27],[49.46,91.24],[49.43,91.21],[49.4,91.18],[49.37,91.16],[49.34,91.13],[49.31,91.11],[49.27,91.08],[49.23,91.06],[49.2,91.04],[49.16,91.02],[49.11,91.0],[49.07,90.98],[49.03,90.97],[48.98,90.95],[48.94,90.94],[48.89,90.93],[48.84,90.92],[48.8,90.91],[48.75,90.91],[48.7,90.9],[48.65,90.9],[48.6,90.9],[48.55,90.9],[48.5,90.9],[48.45,90.91],[48.4,90.91],[48.36,90.92],[48.31,90.93],[48.26,90.94],[48.22,90.95],[48.17,90.97],[48.13,90.98],[48.09,91.0],[48.04,91.02],[48.0,91.04],[47.97,91.06],[47.93,91.08],[47.89,91.11],[47.86,91.13],[47.83,91.16],[47.8,91.18],[47.77,91.21],[47.74,91.24],[47.72,91.27],[47.7,91.3],[47.68,91.33],[47.66,91.36],[47.64,91.4],[47.63,91.43],[47.62,91.46],[47.61,91.5],[47.6,91.53],[47.6,91.57],[47.6,91.6],[47.6,91.63],[47.6,91.67],[47.61,91.7],[47.62,91.74],[47.63,91.77],[47.64,91.8],[47.66,91.84],[47.68,91.87],[47.7,91.9],[47.72,91.93],[47.74,91.96],[47.77,91.99],[47.8,92.02],[47.83,92.04],[47.86,92.07],[47.89,92.09],[47.93,92.12],[47.97,92.14],[48.0,92.16],[48.04,92.18],[48.09,92.2],[48.13,92.22],[48.17,92.23],[48.22,92.25],[48.26,92.26],[48.31,92.27],[48.36,92.28],[48.4,92.29],[48.45,92.29],[48.5,92.3],[48.55,92.3],[48.6,92.3],[48.65,92.3],[48.7,92.3],[48.75,92.29],[48.8,92.29],[48.84,92.28],[48.89,92.27],[48.94,92.26],[48.98,92.25],[49.03,92.23],[49.07,92.22],[49.11,92.2],[49.16,92.18],[49.2,92.16],[49.23,92.14],[49.27,92.12],[49.31,92.09],[49.34,92.07],[49.37,92.04],[49.4,92.02],[49.43,91.99],[49.46,91.96],[49.48,91.93],[49.5,91.9],[49.52,91.87],[49.54,91.84],[49.56,91.8],[49.57,91.77],[49.58,91.74],[49.59,91.7],[49.6,91.67],[49.6,91.63],[49.6,91.6],[49.6,91.57]]]},"properties":{"l":"water","n":""}},{"type":"Feature","geometry":{"type":"Polygon","coordinates":[[[67.0,109.96],[66.99,109.92],[66.98,109.88],[66.97,109.84],[66.96,109.81],[66.94,109.77],[66.92,109.73],[66.89,109.69],[66.87,109.66],[66.83,109.62],[66.8,109.59],[66.76,109.56],[66.72,109.52],[66.68,109.49],[66.64,109.46],[66.59,109.43],[66.54,109.41],[66.49,109.38],[66.43,109.36],[66.38,109.33],[66.32,109.31],[66.26,109.29],[66.2,109.28],[66.14,109.26],[66.07,109.25],[66.01,109.23],[65.94,109.22],[65.87,109.22],[65.81,109.21],[65.74,109.2],[65.67,109.2],[65.6,109.2],[65.53,109.2],[65.46,109.2],[65.39,109.21],[65.33,109.22],[65.26,109.22],[65.19,109.23],[65.13,109.25],[65.06,109.26],[65.0,109.28],[64.94,109.29],[64.88,109.31],[64.82,109.33],[64.77,109.36],[64.71,109.38],[64.66,109.41],[64.61,109.43],[64.56,109.46],[64.52,109.49],[64.48,109.52],[64.44,109.56],[64.4,109.59],[64.37,109.62],[64.33,109.66],[64.31,109.69],[64.28,109.73],[64.26,109.77],[64.24,109.81],[64.23,109.84],[64.22,109.88],[64.21,109.92],[64.2,109.96],[64.2,110.0],[64.2,110.04],[64.21,110.08],[64.22,110.12],[64.23,110.16],[64.24,110.19],[64.26,110.23],[64.28,110.27],[64.31,110.31],[64.33,110.34],[64.37,110.38],[64.4,110.41],[64.44,110.44],[64.48,110.48],[64.52,110.51],[64.56,110.54],[64.61,110.57],[64.66,110.59],[64.71,110.62],[64.77,110.64],[64.82,110.67],[64.88,110.69],[64.94,110.71],[65.0,110.72],[65.06,110.74],[65.13,110.75],[65.19,110.77],[65.26,110.78],[65.33,110.78],[65.39,110.79],[65.46,110.8],[65.53,110.8],[65.6,110.8],[65.67,110.8],[65.74,110.8],[65.81,110.79],[65.87,110.78],[65.94,110.78],[66.01,110.77],[66.07,110.75],[66.14,110.74],[66.2,110.72],[66.26,110.71],[66.32,110.69],[66.38,110.67],[66.43,110.64],[66.49,110.62],[66.54,110.59],[66.59,110.57],[66.64,110.54],[66.68,110.51],[66.72,110.48],[66.76,110.44],[66.8,110.41],[66.83,110.38],[66.87,110.34],[66.89,110.31],[66.92,110.27],[66.94,110.23],[66.96,110.19],[66.97,110.16],[66.98,110.12],[66.99,110.08],[67.0,110.04],[67.0,110.0],[67.0,109.96]]]},"properties":{"l":"water","n":""}},{"type":"Feature","geometry":{"type":"Polygon","coordinates":[[[79.2,87.54],[79.2,87.48],[79.19,87.42],[79.18,87.37],[79.17,87.31],[79.16,87.25],[79.14,87.2],[79.12,87.14],[79.1,87.09],[79.08,87.03],[79.06,86.98],[79.03,86.93],[79.0,86.89],[78.97,86.84],[78.94,86.79],[78.91,86.75],[78.87,86.71],[78.83,86.67],[78.8,86.64],[78.76,86.6],[78.71,86.57],[78.67,86.54],[78.63,86.52],[78.58,86.49],[78.54,86.47],[78.49,86.45],[78.44,86.44],[78.4,86.42],[78.35,86.41],[78.3,86.41],[78.25,86.4],[78.2,86.4],[78.15,86.4],[78.1,86.41],[78.05,86.41],[78.0,86.42],[77.96,86.44],[77.91,86.45],[77.86,86.47],[77.82,86.49],[77.77,86.52],[77.73,86.54],[77.69,86.57],[77.64,86.6],[77.6,86.64],[77.57,86.67],[77.53,86.71],[77.49,86.75],[77.46,86.79],[77.43,86.84],[77.4,86.89],[77.37,86.93],[77.34,86.98],[77.32,87.03],[77.3,87.09],[77.28,87.14],[77.26,87.2],[77.24,87.25],[77.23,87.31],[77.22,87.37],[77.21,87.42],[77.2,87.48],[77.2,87.54],[77.2,87.6],[77.2,87.66],[77.2,87.72],[77.21,87.78],[77.22,87.83],[77.23,87.89],[77.24,87.95],[77.26,88.0],[77.28,88.06],[77.3,88.11],[77.32,88.17],[77.34,88.22],[77.37,88.27],[77.4,88.31],[77.43,88.36],[77.46,88.41],[77.49,88.45],[77.53,88.49],[77.57,88.53],[77.6,88.56],[77.64,88.6],[77.69,88.63],[77.73,88.66],[77.77,88.68],[77.82,88.71],[77.86,88.73],[77.91,88.75],[77.96,88.76],[78.0,88.78],[78.05,88.79],[78.1,88.79],[78.15,88.8],[78.2,88.8],[78.25,88.8],[78.3,88.79],[78.35,88.79],[78.4,88.78],[78.44,88.76],[78.49,88.75],[78.54,88.73],[78.58,88.71],[78.63,88.68],[78.67,88.66],[78.71,88.63],[78.76,88.6],[78.8,88.56],[78.83,88.53],[78.87,88.49],[78.91,88.45],[78.94,88.41],[78.97,88.36],[79.0,88.31],[79.03,88.27],[79.06,88.22],[79.08,88.17],[79.1,88.11],[79.12,88.06],[79.14,88.0],[79.16,87.95],[79.17,87.89],[79.18,87.83],[79.19,87.78],[79.2,87.72],[79.2,87.66],[79.2,87.6],[79.2,87.54]]]},"properties":{"l":"water","n":""}},{"type":"Feature","geometry":{"type":"Polygon","coordinates":[[[48.7,79.97],[48.69,79.93],[48.69,79.9],[48.68,79.86],[48.67,79.83],[48.65,79.8],[48.64,79.76],[48.62,79.73],[48.59,79.7],[48.57,79.67],[48.54,79.64],[48.51,79.61],[48.48,79.58],[48.45,79.56],[48.42,79.53],[48.38,79.51],[48.34,79.48],[48.3,79.46],[48.26,79.44],[48.21,79.42],[48.17,79.4],[48.12,79.38],[48.07,79.37],[48.02,79.35],[47.97,79.34],[47.92,79.33],[47.87,79.32],[47.81,79.31],[47.76,79.31],[47.71,79.3],[47.65,79.3],[47.6,79.3],[47.55,79.3],[47.49,79.3],[47.44,79.31],[47.39,79.31],[47.33,79.32],[47.28,79.33],[47.23,79.34],[47.18,79.35],[47.13,79.37],[47.08,79.38],[47.03,79.4],[46.99,79.42],[46.94,79.44],[46.9,79.46],[46.86,79.48],[46.82,79.51],[46.78,79.53],[46.75,79.56],[46.72,79.58],[46.69,79.61],[46.66,79.64],[46.63,79.67],[46.61,79.7],[46.58,79.73],[46.56,79.76],[46.55,79.8],[46.53,79.83],[46.52,79.86],[46.51,79.9],[46.51,79.93],[46.5,79.97],[46.5,80.0],[46.5,80.03],[46.51,80.07],[46.51,80.1],[46.52,80.14],[46.53,80.17],[46.55,80.2],[46.56,80.24],[46.58,80.27],[46.61,80.3],[46.63,80.33],[46.66,80.36],[46.69,80.39],[46.72,80.42],[46.75,80.44],[46.78,80.47],[46.82,80.49],[46.86,80.52],[46.9,80.54],[46.94,80.56],[46.99,80.58],[47.03,80.6],[47.08,80.62],[47.13,80.63],[47.18,80.65],[47.23,80.66],[47.28,80.67],[47.33,80.68],[47.39,80.69],[47.44,80.69],[47.49,80.7],[47.55,80.7],[47.6,80.7],[47.65,80.7],[47.71,80.7],[47.76,80.69],[47.81,80.69],[47.87,80.68],[47.92,80.67],[47.97,80.66],[48.02,80.65],[48.07,80.63],[48.12,80.62],[48.17,80.6],[48.21,80.58],[48.26,80.56],[48.3,80.54],[48.34,80.52],[48.38,80.49],[48.42,80.47],[48.45,80.44],[48.48,80.42],[48.51,80.39],[48.54,80.36],[48.57,80.33],[48.59,80.3],[48.62,80.27],[48.64,80.24],[48.65,80.2],[48.67,80.17],[48.68,80.14],[48.69,80.1],[48.69,80.07],[48.7,80.03],[48.7,80.0],[48.7,79.97]]]},"properties":{"l":"water","n":""}},{"type":"Feature","geometry":{"type":"Polygon","coordinates":[[[40.05,62.17],[39.3,62.43],[38.65,62.78],[38.12,63.22],[37.7,63.74],[37.39,64.36],[37.19,65.06],[37.11,65.84],[37.04,66.66],[37.0,67.52],[36.97,68.4],[36.97,69.32],[37.0,70.27],[37.04,71.26],[37.11,72.28],[37.19,73.32],[37.3,74.35],[37.43,75.36],[37.59,76.34],[37.76,77.31],[37.96,78.25],[38.18,79.17],[38.42,80.06],[38.68,80.94],[39.0,81.74],[39.38,82.46],[39.81,83.1],[40.29,83.67],[40.84,84.16],[41.44,84.58],[42.09,84.92],[42.81,85.18],[43.52,85.42],[44.23,85.64],[44.93,85.84],[45.64,86.01],[46.35,86.17],[47.05,86.3],[47.75,86.41],[48.45,86.49],[49.11,86.53],[49.72,86.5],[50.29,86.43],[50.81,86.3],[51.29,86.11],[51.73,85.87],[52.13,85.57],[52.48,85.23],[52.79,84.81],[53.08,84.33],[53.34,83.78],[53.56,83.17],[53.76,82.49],[53.92,81.75],[54.05,80.94],[54.15,80.06],[54.22,79.19],[54.27,78.31],[54.3,77.44],[54.3,76.56],[54.27,75.69],[54.22,74.81],[54.15,73.94],[54.05,73.06],[53.9,72.21],[53.69,71.38],[53.43,70.57],[53.12,69.78],[52.75,69.02],[52.33,68.27],[51.86,67.55],[51.34,66.85],[50.81,66.19],[50.29,65.58],[49.76,65.01],[49.24,64.49],[48.71,64.01],[48.19,63.57],[47.66,63.18],[47.14,62.83],[46.56,62.53],[45.92,62.29],[45.22,62.1],[44.47,61.97],[43.67,61.9],[42.81,61.87],[41.89,61.91],[40.91,61.99],[40.05,62.17]]]},"properties":{"l":"park","n":"Robinson Park"}},{"type":"Feature","geometry":{"type":"Polygon","coordinates":[[[29.83,43.66],[29.43,44.04],[29.08,44.41],[28.77,44.79],[28.5,45.16],[28.27,45.54],[28.07,45.91],[27.93,46.29],[27.81,46.66],[27.73,47.02],[27.68,47.38],[27.67,47.72],[27.69,48.07],[27.75,48.41],[27.84,48.74],[27.96,49.06],[28.16,49.36],[28.43,49.64],[28.77,49.89],[29.18,50.11],[29.67,50.31],[30.22,50.49],[30.85,50.64],[31.55,50.76],[32.29,50.87],[33.06,50.96],[33.88,51.03],[34.72,51.08],[35.61,51.11],[36.54,51.12],[37.5,51.11],[38.5,51.09],[39.4,51.03],[40.19,50.93],[40.88,50.81],[41.47,50.64],[41.95,50.45],[42.33,50.22],[42.61,49.95],[42.79,49.65],[42.92,49.32],[43.01,48.96],[43.05,48.56],[43.05,48.14],[43.01,47.68],[42.92,47.19],[42.79,46.68],[42.61,46.13],[42.39,45.6],[42.12,45.09],[41.81,44.61],[41.44,44.14],[41.03,43.7],[40.58,43.28],[40.07,42.89],[39.53,42.51],[38.96,42.19],[38.39,41.92],[37.8,41.71],[37.2,41.54],[36.59,41.43],[35.96,41.38],[35.32,41.38],[34.68,41.43],[34.05,41.52],[33.44,41.65],[32.86,41.82],[32.29,42.03],[31.75,42.28],[31.23,42.58],[30.74,42.91],[30.26,43.29],[29.83,43.66]]]},"properties":{"l":"park","n":"Arkham Grounds"}},{"type":"Feature","geometry":{"type":"Polygon","coordinates":[[[3.98,32.82],[3.45,33.07],[3.03,33.38],[2.72,33.77],[2.52,34.23],[2.42,34.76],[2.44,35.36],[2.56,36.04],[2.76,36.62],[3.03,37.1],[3.37,37.48],[3.78,37.77],[4.27,37.96],[4.82,38.05],[5.45,38.05],[6.15,37.95],[6.75,37.78],[7.26,37.53],[7.67,37.22],[7.98,36.83],[8.2,36.37],[8.32,35.84],[8.34,35.24],[8.26,34.56],[8.1,33.98],[7.86,33.5],[7.53,33.12],[7.12,32.83],[6.62,32.64],[6.04,32.55],[5.38,32.55],[4.63,32.65],[3.98,32.82]]]},"properties":{"l":"park","n":"Gotham Cemetery"}},{"type":"Feature","geometry":{"type":"Polygon","coordinates":[[[43.52,107.85],[43.11,108.01],[42.78,108.21],[42.53,108.44],[42.36,108.72],[42.27,109.04],[42.26,109.4],[42.34,109.8],[42.48,110.14],[42.68,110.42],[42.96,110.64],[43.29,110.81],[43.7,110.91],[44.17,110.95],[44.7,110.94],[45.3,110.86],[45.81,110.75],[46.24,110.59],[46.58,110.39],[46.83,110.16],[46.99,109.88],[47.06,109.56],[47.05,109.2],[46.95,108.8],[46.79,108.46],[46.57,108.18],[46.29,107.96],[45.96,107.79],[45.56,107.69],[45.1,107.65],[44.59,107.66],[44.01,107.74],[43.52,107.85]]]},"properties":{"l":"park","n":"Old Gotham Common"}},{"type":"Feature","geometry":{"type":"Polygon","coordinates":[[[65.11,93.52],[64.64,93.67],[64.25,93.86],[63.95,94.09],[63.74,94.38],[63.61,94.71],[63.58,95.09],[63.63,95.51],[63.75,95.88],[63.95,96.18],[64.22,96.43],[64.58,96.62],[65.0,96.75],[65.5,96.82],[66.08,96.83],[66.73,96.78],[67.29,96.68],[67.76,96.53],[68.15,96.34],[68.45,96.11],[68.66,95.82],[68.79,95.49],[68.82,95.11],[68.78,94.69],[68.65,94.32],[68.45,94.02],[68.18,93.77],[67.82,93.58],[67.4,93.45],[66.9,93.38],[66.32,93.38],[65.68,93.43],[65.11,93.52]]]},"properties":{"l":"park","n":"Gotham Zoo"}},{"type":"Feature","geometry":{"type":"Polygon","coordinates":[[[38.23,17.15],[38.15,17.23],[38.08,17.32],[38.02,17.43],[37.96,17.55],[37.91,17.67],[37.87,17.8],[37.82,17.92],[37.78,18.04],[37.74,18.17],[37.7,18.3],[37.66,18.42],[37.62,18.55],[37.59,18.68],[37.55,18.81],[37.51,18.93],[37.47,19.06],[37.43,19.19],[37.39,19.31],[37.35,19.44],[37.31,19.56],[37.27,19.69],[37.22,19.82],[37.18,19.94],[37.14,20.07],[37.09,20.19],[37.05,20.31],[37.0,20.44],[36.96,20.56],[36.91,20.69],[36.86,20.82],[36.81,20.95],[36.75,21.09],[36.69,21.23],[36.63,21.37],[36.57,21.51],[36.5,21.66],[36.44,21.8],[36.38,21.95],[36.32,22.1],[36.26,22.25],[36.21,22.4],[36.16,22.55],[36.11,22.7],[36.06,22.86],[36.02,23.01],[35.98,23.16],[35.94,23.32],[35.91,23.48],[35.88,23.63],[35.85,23.79],[35.83,23.95],[35.81,24.11],[35.78,24.27],[35.76,24.42],[35.73,24.58],[35.7,24.74],[35.66,24.89],[35.63,25.05],[35.59,25.2],[35.55,25.36],[35.5,25.51],[35.46,25.67],[35.42,25.82],[35.38,25.98],[35.34,26.13],[35.3,26.29],[35.26,26.45],[35.23,26.6],[35.18,26.76],[35.14,26.91],[35.09,27.06],[35.04,27.22],[34.99,27.37],[34.93,27.52],[34.87,27.66],[34.81,27.81],[34.75,27.96],[34.69,28.11],[34.63,28.26],[34.58,28.41],[34.53,28.57],[34.49,28.72],[34.44,28.87],[34.4,29.03],[34.36,29.18],[34.32,29.34],[34.28,29.49],[34.24,29.65],[34.19,29.8],[34.15,29.96],[34.11,30.11],[34.06,30.26],[34.02,30.41],[33.97,30.56],[33.93,30.71],[33.89,30.85],[33.86,31.0],[33.82,31.14],[33.79,31.27],[33.76,31.41],[33.72,31.54],[33.69,31.68],[33.65,31.81],[33.61,31.94],[33.57,32.07],[33.52,32.2],[33.48,32.33],[33.43,32.46],[33.38,32.59],[33.33,32.72],[33.28,32.85],[33.23,32.98],[33.18,33.11],[33.13,33.24],[33.07,33.37],[33.02,33.5],[32.97,33.63],[32.92,33.75],[32.87,33.88],[32.83,34.01],[32.78,34.14],[32.73,34.28],[32.69,34.41],[32.65,34.54],[32.62,34.67],[32.6,34.8],[32.6,34.93],[32.61,35.06],[32.63,35.19],[32.66,35.32],[32.7,35.44],[32.76,35.57],[32.82,35.7],[32.88,35.82],[32.94,35.95],[33.01,36.07],[33.07,36.2],[33.13,36.32],[33.2,36.45],[33.26,36.57],[33.32,36.7],[33.37,36.81],[34.23,37.01],[34.19,36.87],[34.18,36.84],[34.14,36.71],[34.13,36.68],[34.08,36.55],[34.07,36.53],[34.01,36.4],[34.0,36.37],[33.94,36.25],[33.93,36.22],[33.86,36.1],[33.8,35.98],[33.74,35.86],[33.68,35.74],[33.62,35.62],[33.56,35.5],[33.5,35.38],[33.44,35.25],[33.4,35.16],[33.38,35.09],[33.36,35.03],[33.35,34.98],[33.35,34.92],[33.35,34.86],[33.36,34.8],[33.37,34.74],[33.4,34.64],[33.45,34.52],[33.49,34.39],[33.53,34.27],[33.58,34.14],[33.62,34.02],[33.67,33.9],[33.72,33.78],[33.77,33.65],[33.82,33.52],[33.87,33.39],[33.93,33.26],[33.93,33.25],[33.98,33.13],[33.98,33.12],[34.03,32.99],[34.08,32.86],[34.13,32.73],[34.18,32.6],[34.18,32.59],[34.23,32.46],[34.23,32.45],[34.28,32.31],[34.28,32.3],[34.32,32.17],[34.33,32.16],[34.37,32.03],[34.37,32.02],[34.41,31.88],[34.41,31.87],[34.45,31.74],[34.45,31.72],[34.48,31.59],[34.49,31.58],[34.52,31.45],[34.55,31.32],[34.58,31.18],[34.62,31.04],[34.66,30.91],[34.7,30.76],[34.74,30.62],[34.78,30.47],[34.82,30.32],[34.83,30.32],[34.87,30.17],[34.87,30.16],[34.92,30.01],[34.92,30.0],[34.96,29.85],[35.0,29.69],[35.05,29.54],[35.05,29.53],[35.09,29.38],[35.09,29.37],[35.13,29.22],[35.17,29.07],[35.21,28.93],[35.25,28.79],[35.29,28.65],[35.34,28.51],[35.39,28.37],[35.44,28.24],[35.5,28.1],[35.56,27.96],[35.56,27.95],[35.62,27.8],[35.63,27.78],[35.69,27.63],[35.69,27.62],[35.75,27.47],[35.75,27.45],[35.8,27.3],[35.81,27.29],[35.85,27.13],[35.86,27.12],[35.9,26.97],[35.91,26.95],[35.95,26.8],[35.95,26.78],[35.99,26.63],[36.03,26.47],[36.07,26.32],[36.11,26.17],[36.15,26.01],[36.19,25.86],[36.23,25.71],[36.27,25.55],[36.31,25.4],[36.32,25.39],[36.35,25.23],[36.36,25.22],[36.39,25.06],[36.4,25.05],[36.43,24.9],[36.43,24.88],[36.46,24.73],[36.47,24.71],[36.49,24.56],[36.5,24.54],[36.52,24.39],[36.52,24.37],[36.55,24.22],[36.55,24.2],[36.57,24.05],[36.59,23.91],[36.61,23.77],[36.64,23.63],[36.67,23.49],[36.71,23.35],[36.74,23.21],[36.78,23.07],[36.82,22.93],[36.87,22.79],[36.92,22.65],[36.97,22.51],[37.02,22.37],[37.07,22.23],[37.13,22.1],[37.19,21.96],[37.25,21.82],[37.25,21.81],[37.32,21.67],[37.32,21.66],[37.38,21.52],[37.44,21.38],[37.45,21.37],[37.5,21.24],[37.5,21.23],[37.56,21.1],[37.56,21.09],[37.61,20.96],[37.61,20.95],[37.66,20.83],[37.66,20.82],[37.71,20.69],[37.75,20.57],[37.8,20.44],[37.84,20.31],[37.89,20.19],[37.93,20.06],[37.98,19.93],[38.02,19.81],[38.06,19.68],[38.11,19.55],[38.11,19.54],[38.15,19.42],[38.15,19.41],[38.19,19.29],[38.19,19.28],[38.23,19.15],[38.27,19.02],[38.31,18.89],[38.31,18.88],[38.35,18.76],[38.35,18.75],[38.38,18.63],[38.41,18.51],[38.45,18.4],[38.49,18.29],[38.53,18.17],[38.57,18.06],[38.61,17.95],[38.66,17.84],[38.69,17.76],[38.7,17.74],[38.71,17.73],[38.72,17.72],[38.73,17.72],[38.76,17.71],[38.85,17.7],[38.87,17.7],[39.0,17.69],[39.01,17.69],[39.15,17.67],[39.16,17.67],[39.29,17.65],[39.31,17.65],[39.44,17.63],[39.45,17.63],[39.58,17.6],[39.6,17.6],[39.73,17.57],[39.75,17.57],[39.87,17.54],[39.89,17.54],[40.0,17.51],[40.1,17.49],[40.2,17.48],[40.29,17.46],[40.39,17.46],[40.49,17.46],[40.58,17.46],[40.68,17.46],[40.8,17.48],[40.81,17.48],[40.94,17.49],[40.95,17.49],[41.08,17.5],[41.09,17.5],[41.22,17.51],[41.23,17.52],[41.36,17.52],[41.37,17.52],[41.5,17.53],[41.51,17.53],[41.64,17.54],[41.65,17.54],[41.78,17.54],[41.79,17.54],[41.89,17.54],[41.95,17.55],[42.0,17.56],[42.05,17.58],[42.1,17.6],[42.15,17.63],[42.21,17.66],[42.26,17.71],[42.35,17.79],[42.45,17.89],[42.55,17.99],[42.56,17.99],[42.66,18.09],[42.76,18.19],[42.87,18.29],[42.97,18.38],[42.98,18.38],[43.08,18.48],[43.19,18.58],[43.19,18.59],[43.3,18.69],[43.31,18.69],[43.42,18.79],[43.42,18.8],[43.53,18.89],[43.54,18.9],[43.65,18.99],[43.66,18.99],[43.77,19.08],[43.78,19.09],[43.9,19.18],[43.91,19.18],[44.02,19.27],[44.03,19.28],[44.15,19.36],[44.16,19.37],[44.27,19.45],[44.28,19.46],[44.4,19.54],[44.41,19.54],[44.53,19.62],[44.54,19.63],[44.66,19.71],[44.67,19.71],[44.79,19.79],[44.8,19.79],[44.93,19.87],[44.94,19.87],[45.06,19.94],[45.07,19.95],[45.12,19.97],[45.24,19.18],[45.19,19.15],[45.06,19.07],[44.94,19.0],[44.82,18.92],[44.7,18.84],[44.59,18.75],[44.47,18.67],[44.36,18.58],[44.24,18.5],[44.13,18.41],[44.02,18.32],[43.91,18.22],[43.8,18.13],[43.7,18.03],[43.59,17.94],[43.49,17.84],[43.38,17.74],[43.28,17.64],[43.18,17.54],[43.07,17.44],[42.97,17.35],[42.86,17.25],[42.76,17.15],[42.65,17.06],[42.54,16.99],[42.43,16.92],[42.31,16.87],[42.19,16.83],[42.07,16.81],[41.94,16.79],[41.8,16.79],[41.67,16.79],[41.54,16.78],[41.41,16.78],[41.28,16.77],[41.14,16.76],[41.01,16.75],[40.88,16.73],[40.75,16.72],[40.62,16.71],[40.49,16.71],[40.36,16.71],[40.23,16.72],[40.1,16.73],[39.97,16.75],[39.84,16.78],[39.71,16.81],[39.58,16.84],[39.45,16.87],[39.32,16.89],[39.19,16.91],[39.06,16.93],[38.93,16.94],[38.8,16.96],[38.66,16.97],[38.54,16.99],[38.43,17.03],[38.33,17.08],[38.23,17.15]]]},"properties":{"l":"park","n":""}},{"type":"Feature","geometry":{"type":"Polygon","coordinates":[[[53.84,21.69],[53.63,21.65],[53.43,21.6],[53.22,21.57],[53.01,21.53],[52.8,21.51],[52.59,21.49],[52.38,21.47],[52.17,21.45],[51.96,21.42],[51.75,21.39],[51.55,21.36],[51.34,21.32],[51.13,21.27],[50.93,21.23],[50.72,21.18],[50.52,21.13],[50.34,21.08],[50.16,21.04],[49.99,21.0],[49.84,20.96],[49.69,20.92],[49.55,20.88],[49.42,20.85],[49.29,20.82],[49.16,20.78],[49.04,20.75],[48.91,20.71],[48.78,20.68],[48.65,20.65],[48.52,20.61],[48.39,20.58],[48.27,20.54],[48.14,20.5],[48.02,20.46],[47.89,20.41],[47.77,20.36],[47.65,20.31],[47.53,20.25],[47.41,20.19],[47.29,20.13],[47.17,20.08],[47.05,20.02],[46.93,19.97],[46.8,19.92],[46.68,19.87],[46.56,19.82],[46.43,19.77],[46.31,19.72],[46.19,19.66],[46.06,19.61],[45.94,19.55],[45.81,19.49],[45.69,19.43],[45.56,19.36],[45.43,19.29],[45.31,19.22],[45.24,19.18],[45.12,19.97],[45.2,20.02],[45.21,20.02],[45.34,20.09],[45.35,20.09],[45.47,20.16],[45.48,20.16],[45.61,20.22],[45.62,20.23],[45.74,20.29],[45.75,20.29],[45.88,20.35],[45.89,20.35],[46.02,20.41],[46.03,20.41],[46.15,20.46],[46.16,20.47],[46.28,20.51],[46.4,20.56],[46.51,20.61],[46.63,20.66],[46.74,20.71],[46.85,20.76],[46.97,20.81],[47.08,20.86],[47.19,20.92],[47.21,20.93],[47.33,20.99],[47.35,20.99],[47.47,21.05],[47.49,21.06],[47.61,21.11],[47.63,21.11],[47.75,21.16],[47.77,21.17],[47.89,21.21],[47.91,21.22],[48.04,21.26],[48.06,21.26],[48.18,21.3],[48.2,21.3],[48.33,21.34],[48.46,21.37],[48.59,21.41],[48.72,21.44],[48.85,21.47],[48.97,21.51],[49.1,21.54],[49.23,21.58],[49.36,21.61],[49.5,21.64],[49.5,21.65],[49.65,21.68],[49.81,21.72],[49.98,21.77],[50.15,21.81],[50.16,21.81],[50.34,21.86],[50.54,21.91],[50.75,21.96],[50.76,21.96],[50.97,22.01],[50.98,22.01],[51.19,22.05],[51.2,22.05],[51.41,22.09],[51.42,22.1],[51.63,22.13],[51.65,22.13],[51.86,22.16],[51.87,22.16],[52.08,22.19],[52.1,22.19],[52.31,22.21],[52.32,22.21],[52.52,22.23],[52.72,22.25],[52.91,22.28],[53.1,22.31],[53.29,22.34],[53.48,22.38],[53.67,22.42],[53.85,22.47],[54.05,22.52],[54.25,22.58],[54.26,22.58],[54.46,22.63],[54.67,22.69],[54.75,22.71],[54.43,21.85],[54.25,21.8],[54.04,21.74],[53.84,21.69]]]},"properties":{"l":"park","n":""}},{"type":"Feature","geometry":{"type":"Polygon","coordinates":[[[79.34,28.36],[79.22,28.43],[79.1,28.49],[78.97,28.56],[78.85,28.63],[78.73,28.69],[78.61,28.76],[78.49,28.82],[78.37,28.89],[78.25,28.94],[78.12,29.0],[77.99,29.05],[77.87,29.1],[77.74,29.15],[77.61,29.19],[77.48,29.23],[77.34,29.27],[77.21,29.32],[77.08,29.36],[76.95,29.41],[76.83,29.46],[76.7,29.51],[76.57,29.56],[76.44,29.61],[76.32,29.66],[76.19,29.69],[76.06,29.72],[75.94,29.74],[75.81,29.75],[75.69,29.76],[75.56,29.75],[75.44,29.74],[75.31,29.72],[75.19,29.71],[75.06,29.7],[74.94,29.68],[74.81,29.66],[74.69,29.65],[74.56,29.63],[74.44,29.62],[74.32,29.6],[74.19,29.59],[74.07,29.58],[73.94,29.57],[73.81,29.56],[73.69,29.55],[73.56,29.55],[73.44,29.55],[73.31,29.55],[73.19,29.54],[73.06,29.53],[72.94,29.52],[72.81,29.51],[72.69,29.5],[72.56,29.48],[72.44,29.46],[72.33,29.44],[72.26,29.41],[72.2,29.38],[72.17,29.34],[72.16,29.3],[72.18,29.25],[72.21,29.2],[72.28,29.14],[72.34,29.08],[72.4,29.02],[72.45,28.95],[72.51,28.89],[72.56,28.83],[72.62,28.76],[72.67,28.7],[72.72,28.63],[72.78,28.56],[72.8,28.54],[71.7,28.65],[71.65,28.7],[71.6,28.76],[71.57,28.81],[71.52,28.88],[71.49,28.95],[71.46,29.03],[71.44,29.08],[71.43,29.15],[71.42,29.22],[71.41,29.29],[71.42,29.37],[71.43,29.44],[71.43,29.48],[71.45,29.56],[71.48,29.63],[71.51,29.69],[71.55,29.76],[71.59,29.82],[71.62,29.86],[71.68,29.92],[71.74,29.97],[71.81,30.02],[71.87,30.05],[71.93,30.09],[72.0,30.12],[72.08,30.15],[72.17,30.17],[72.27,30.19],[72.33,30.21],[72.45,30.22],[72.47,30.22],[72.59,30.24],[72.6,30.24],[72.73,30.26],[72.74,30.26],[72.86,30.27],[72.88,30.27],[73.0,30.28],[73.01,30.28],[73.14,30.29],[73.15,30.29],[73.28,30.3],[73.29,30.3],[73.42,30.3],[73.43,30.3],[73.55,30.3],[73.66,30.3],[73.78,30.31],[73.89,30.32],[74.01,30.32],[74.12,30.33],[74.23,30.35],[74.35,30.36],[74.46,30.38],[74.47,30.38],[74.59,30.39],[74.72,30.41],[74.85,30.42],[74.97,30.44],[74.98,30.44],[75.1,30.45],[75.1,30.46],[75.23,30.47],[75.35,30.48],[75.36,30.48],[75.48,30.5],[75.53,30.5],[75.66,30.51],[75.71,30.51],[75.83,30.5],[75.88,30.5],[76.01,30.49],[76.06,30.48],[76.18,30.46],[76.23,30.45],[76.36,30.43],[76.4,30.41],[76.53,30.38],[76.57,30.36],[76.7,30.32],[76.74,30.3],[76.86,30.25],[76.98,30.2],[77.09,30.16],[77.21,30.11],[77.33,30.07],[77.45,30.03],[77.58,29.99],[77.7,29.95],[77.82,29.91],[77.84,29.9],[77.97,29.86],[77.99,29.86],[78.12,29.81],[78.14,29.8],[78.27,29.75],[78.28,29.75],[78.41,29.69],[78.43,29.69],[78.55,29.63],[78.57,29.62],[78.69,29.56],[78.71,29.55],[78.81,29.5],[79.64,28.2],[79.58,28.23],[79.46,28.3],[79.34,28.36]]]},"properties":{"l":"park","n":""}},{"type":"Feature","geometry":{"type":"MultiPolygon","coordinates":[[[[49.21,52.2],[49.65,52.12],[50.08,52.05],[50.51,51.98],[50.94,51.9],[51.36,51.83],[51.4,51.82],[51.82,51.76],[51.86,51.76],[52.28,51.72],[52.32,51.72],[52.74,51.69],[52.78,51.69],[53.2,51.68],[53.23,51.68],[53.66,51.7],[53.69,51.7],[54.12,51.73],[54.15,51.73],[54.58,51.77],[54.61,51.78],[55.03,51.84],[55.44,51.89],[55.85,51.94],[56.26,51.97],[56.29,51.98],[56.68,51.25],[56.32,51.23],[55.92,51.19],[55.53,51.15],[55.13,51.1],[54.72,51.04],[54.71,51.03],[54.67,51.03],[54.66,51.03],[54.23,50.98],[54.22,50.98],[54.18,50.98],[54.17,50.98],[53.74,50.95],[53.73,50.95],[53.69,50.95],[53.68,50.95],[53.25,50.93],[53.24,50.93],[53.2,50.93],[53.19,50.93],[52.76,50.94],[52.75,50.94],[52.71,50.94],[52.7,50.94],[52.27,50.97],[52.26,50.97],[52.23,50.97],[52.21,50.97],[51.79,51.01],[51.77,51.01],[51.74,51.02],[51.72,51.02],[51.3,51.08],[51.28,51.08],[51.25,51.08],[51.23,51.09],[50.81,51.16],[50.38,51.24],[49.95,51.31],[49.52,51.39],[49.09,51.46],[48.65,51.54],[48.21,51.61],[47.76,51.68],[47.68,51.7],[48.45,52.33],[48.77,52.27],[49.21,52.2]]],[[[54.8,53.52],[54.79,53.52],[54.38,53.46],[53.99,53.42],[53.6,53.39],[53.21,53.38],[52.82,53.39],[52.43,53.41],[52.04,53.45],[51.64,53.5],[51.24,53.57],[51.23,53.57],[50.81,53.65],[50.37,53.72],[50.37,53.73],[50.19,53.76],[50.95,54.39],[51.36,54.31],[51.37,54.31],[51.76,54.24],[52.12,54.19],[52.48,54.16],[52.84,54.14],[53.2,54.13],[53.56,54.14],[53.92,54.17],[54.29,54.21],[54.68,54.26],[54.69,54.27],[54.7,54.27],[54.71,54.27],[55.01,54.31],[55.4,53.6],[55.24,53.58],[55.23,53.58],[54.8,53.52]]]]},"properties":{"l":"park","n":""}},{"type":"Feature","geometry":{"type":"MultiPolygon","coordinates":[[[[57.49,52.04],[57.9,52.05],[59.8,52.05],[59.97,52.07],[60.13,52.11],[60.27,52.19],[60.4,52.3],[60.51,52.43],[60.59,52.57],[60.63,52.73],[60.65,52.9],[60.63,53.07],[60.59,53.23],[60.51,53.37],[60.4,53.5],[60.27,53.61],[60.13,53.69],[59.97,53.73],[59.8,53.75],[57.89,53.75],[57.87,53.75],[57.45,53.74],[57.43,53.74],[57.01,53.73],[56.99,53.73],[56.57,53.7],[56.55,53.7],[56.13,53.67],[56.11,53.67],[55.68,53.63],[55.67,53.63],[55.4,53.6],[55.01,54.31],[55.13,54.32],[55.14,54.32],[55.16,54.33],[55.59,54.37],[55.61,54.38],[55.62,54.38],[56.04,54.42],[56.05,54.42],[56.06,54.42],[56.07,54.42],[56.5,54.45],[56.52,54.45],[56.95,54.47],[56.96,54.47],[56.97,54.48],[56.98,54.48],[57.4,54.49],[57.41,54.49],[57.43,54.49],[57.86,54.5],[57.88,54.5],[57.89,54.5],[59.8,54.5],[59.87,54.5],[60.04,54.48],[60.11,54.47],[60.18,54.45],[60.34,54.4],[60.41,54.38],[60.48,54.35],[60.63,54.27],[60.69,54.23],[60.75,54.19],[60.88,54.08],[60.93,54.03],[60.98,53.98],[61.09,53.85],[61.13,53.79],[61.17,53.73],[61.25,53.58],[61.28,53.51],[61.3,53.44],[61.35,53.28],[61.37,53.21],[61.38,53.14],[61.4,52.97],[61.4,52.9],[61.4,52.83],[61.38,52.66],[61.37,52.59],[61.35,52.52],[61.3,52.36],[61.28,52.29],[61.25,52.22],[61.17,52.07],[61.13,52.01],[61.09,51.95],[60.98,51.82],[60.93,51.77],[60.88,51.72],[60.75,51.61],[60.69,51.57],[60.63,51.53],[60.48,51.45],[60.41,51.42],[60.34,51.4],[60.18,51.35],[60.11,51.33],[60.04,51.32],[59.87,51.3],[59.8,51.3],[57.9,51.3],[57.51,51.29],[57.11,51.28],[56.72,51.26],[56.68,51.25],[56.29,51.98],[56.67,52.0],[57.08,52.03],[57.49,52.04]]],[[[78.43,63.16],[78.59,63.08],[78.75,63.0],[78.9,62.91],[79.06,62.82],[79.21,62.73],[79.37,62.63],[79.51,62.55],[79.64,62.47],[79.77,62.41],[79.88,62.35],[79.99,62.3],[80.08,62.26],[80.17,62.24],[80.24,62.22],[80.32,62.2],[80.39,62.18],[80.47,62.16],[80.55,62.14],[80.62,62.12],[80.65,62.11],[80.33,61.42],[80.28,61.44],[80.21,61.45],[80.14,61.47],[80.07,61.49],[79.99,61.51],[79.94,61.52],[79.85,61.55],[79.81,61.57],[79.71,61.6],[79.68,61.62],[79.57,61.66],[79.55,61.68],[79.43,61.73],[79.41,61.74],[79.29,61.81],[79.27,61.82],[79.14,61.9],[79.12,61.9],[78.98,61.99],[78.97,62.0],[78.82,62.09],[78.68,62.17],[78.54,62.26],[78.39,62.33],[78.25,62.41],[78.1,62.48],[77.95,62.56],[77.8,62.62],[77.64,62.69],[77.49,62.76],[77.33,62.82],[77.17,62.89],[77.01,62.95],[76.87,63.0],[78.14,63.29],[78.27,63.24],[78.43,63.16]]]]},"properties":{"l":"park","n":""}},{"type":"Feature","geometry":{"type":"MultiPolygon","coordinates":[[[[33.43,36.95],[33.47,37.08],[33.51,37.21],[33.54,37.35],[33.57,37.49],[33.59,37.62],[33.62,37.76],[33.64,37.9],[33.66,38.04],[33.69,38.17],[33.72,38.31],[33.74,38.45],[33.77,38.58],[33.8,38.72],[33.82,38.85],[33.83,38.98],[33.82,39.1],[33.81,39.22],[33.79,39.33],[33.75,39.43],[33.71,39.53],[33.66,39.63],[33.6,39.72],[33.54,39.82],[33.48,39.91],[33.42,40.0],[33.36,40.09],[33.3,40.18],[33.24,40.27],[33.17,40.36],[33.1,40.45],[33.04,40.53],[32.97,40.62],[32.9,40.71],[32.83,40.79],[32.77,40.88],[32.7,40.96],[32.63,41.05],[32.56,41.13],[32.49,41.22],[32.42,41.3],[32.34,41.38],[32.27,41.47],[32.2,41.55],[32.13,41.63],[32.05,41.71],[31.98,41.79],[31.89,41.88],[31.8,41.96],[31.71,42.04],[31.61,42.12],[31.5,42.2],[31.39,42.28],[31.27,42.35],[31.15,42.43],[31.03,42.51],[30.91,42.58],[30.79,42.66],[30.67,42.73],[30.55,42.8],[30.43,42.87],[30.3,42.93],[30.18,43.01],[30.06,43.08],[29.95,43.16],[29.83,43.24],[29.72,43.33],[29.61,43.42],[29.51,43.51],[29.4,43.61],[29.3,43.71],[29.2,43.8],[29.1,43.91],[29.0,44.01],[28.91,44.11],[28.81,44.21],[28.72,44.32],[28.62,44.43],[28.54,44.53],[28.45,44.63],[28.38,44.73],[28.31,44.83],[28.24,44.92],[28.18,45.01],[28.12,45.1],[28.07,45.18],[28.02,45.27],[27.96,45.35],[27.91,45.43],[27.85,45.51],[27.79,45.59],[27.73,45.67],[27.67,45.75],[27.61,45.83],[27.55,45.9],[27.49,45.99],[27.44,46.07],[27.39,46.15],[27.35,46.24],[27.3,46.33],[27.26,46.42],[27.23,46.51],[27.19,46.6],[27.16,46.7],[27.13,46.79],[27.1,46.88],[27.07,46.98],[27.04,47.07],[27.01,47.17],[26.99,47.26],[26.97,47.36],[26.95,47.46],[26.94,47.56],[26.94,47.67],[26.93,47.77],[26.94,47.88],[26.95,47.99],[26.96,48.1],[26.98,48.21],[26.99,48.32],[27.01,48.43],[27.03,48.54],[27.06,48.65],[27.08,48.76],[27.11,48.87],[27.14,48.97],[27.17,49.08],[27.2,49.19],[27.23,49.3],[27.26,49.41],[27.28,49.51],[27.31,49.62],[27.34,49.73],[27.36,49.84],[27.39,49.95],[27.41,50.06],[27.44,50.17],[27.46,50.27],[27.48,50.38],[27.5,50.49],[27.52,50.6],[27.54,50.71],[27.57,50.83],[27.6,50.94],[27.65,51.05],[27.71,51.16],[27.78,51.28],[27.86,51.39],[27.95,51.51],[28.05,51.63],[28.16,51.74],[28.26,51.86],[28.37,51.97],[28.47,52.09],[28.58,52.2],[28.64,52.25],[28.77,52.28],[29.2,52.37],[29.62,52.46],[30.03,52.52],[30.45,52.57],[30.88,52.6],[31.32,52.62],[31.76,52.62],[32.22,52.61],[32.68,52.58],[33.16,52.53],[33.64,52.47],[34.12,52.41],[34.59,52.35],[35.05,52.27],[35.5,52.19],[35.95,52.11],[36.4,52.02],[36.84,51.92],[36.88,51.91],[37.16,51.86],[39.32,50.95],[38.86,50.95],[38.85,50.95],[38.81,50.95],[38.79,50.95],[38.33,50.97],[38.31,50.97],[38.27,50.98],[38.26,50.98],[37.8,51.02],[37.78,51.02],[37.74,51.02],[37.73,51.02],[37.27,51.08],[37.26,51.09],[37.22,51.09],[37.2,51.09],[36.75,51.17],[36.73,51.18],[36.69,51.18],[36.68,51.19],[36.24,51.29],[35.81,51.37],[35.37,51.46],[34.93,51.53],[34.47,51.61],[34.02,51.67],[33.55,51.73],[33.08,51.78],[32.62,51.83],[32.18,51.86],[31.75,51.87],[31.33,51.87],[30.92,51.86],[30.52,51.82],[30.13,51.78],[29.75,51.72],[29.35,51.64],[29.02,51.57],[29.01,51.57],[28.91,51.46],[28.81,51.35],[28.72,51.24],[28.62,51.14],[28.53,51.04],[28.47,50.95],[28.41,50.87],[28.37,50.79],[28.33,50.73],[28.3,50.66],[28.28,50.61],[28.27,50.56],[28.26,50.48],[28.24,50.37],[28.24,50.36],[28.22,50.25],[28.22,50.24],[28.2,50.13],[28.19,50.13],[28.17,50.02],[28.17,50.01],[28.15,49.9],[28.15,49.89],[28.12,49.78],[28.09,49.67],[28.09,49.66],[28.07,49.55],[28.04,49.44],[28.01,49.33],[27.98,49.22],[27.95,49.11],[27.92,49.0],[27.89,48.89],[27.86,48.78],[27.84,48.67],[27.81,48.58],[27.79,48.48],[27.77,48.39],[27.75,48.29],[27.73,48.2],[27.72,48.1],[27.7,48.0],[27.69,47.91],[27.69,47.84],[27.68,47.76],[27.69,47.69],[27.69,47.62],[27.7,47.56],[27.71,47.5],[27.72,47.44],[27.74,47.36],[27.76,47.28],[27.79,47.19],[27.81,47.11],[27.84,47.03],[27.87,46.94],[27.9,46.86],[27.93,46.78],[27.96,46.7],[27.98,46.64],[28.01,46.58],[28.05,46.52],[28.08,46.46],[28.12,46.4],[28.16,46.34],[28.2,46.29],[28.25,46.22],[28.26,46.21],[28.32,46.14],[28.33,46.12],[28.39,46.05],[28.4,46.03],[28.46,45.96],[28.46,45.94],[28.52,45.86],[28.53,45.85],[28.58,45.77],[28.59,45.76],[28.65,45.68],[28.65,45.66],[28.71,45.58],[28.71,45.57],[28.76,45.49],[28.8,45.42],[28.85,45.35],[28.91,45.27],[28.97,45.19],[29.04,45.1],[29.12,45.01],[29.19,44.91],[29.28,44.82],[29.37,44.72],[29.46,44.62],[29.55,44.52],[29.64,44.43],[29.73,44.34],[29.83,44.24],[29.92,44.15],[30.01,44.07],[30.1,43.99],[30.19,43.91],[30.28,43.84],[30.38,43.77],[30.47,43.71],[30.57,43.65],[30.67,43.59],[30.79,43.53],[30.79,43.52],[30.92,43.45],[31.05,43.38],[31.05,43.37],[31.17,43.3],[31.18,43.3],[31.3,43.22],[31.31,43.22],[31.43,43.14],[31.44,43.14],[31.56,43.06],[31.68,42.98],[31.69,42.98],[31.81,42.9],[31.82,42.89],[31.93,42.81],[31.95,42.8],[32.06,42.72],[32.07,42.7],[32.17,42.62],[32.19,42.61],[32.29,42.53],[32.31,42.51],[32.39,42.43],[32.41,42.42],[32.5,42.33],[32.52,42.31],[32.6,42.23],[32.62,42.21],[32.69,42.13],[32.76,42.04],[32.77,42.04],[32.84,41.96],[32.91,41.87],[32.98,41.79],[32.99,41.79],[33.06,41.7],[33.13,41.62],[33.13,41.61],[33.2,41.53],[33.27,41.44],[33.28,41.44],[33.35,41.35],[33.42,41.26],[33.49,41.17],[33.56,41.08],[33.63,40.99],[33.7,40.9],[33.77,40.81],[33.84,40.72],[33.84,40.71],[33.91,40.62],[33.92,40.61],[33.98,40.52],[33.98,40.51],[34.05,40.42],[34.05,40.41],[34.11,40.32],[34.12,40.31],[34.18,40.22],[34.18,40.21],[34.24,40.11],[34.25,40.11],[34.3,40.01],[34.31,40.0],[34.36,39.91],[34.4,39.83],[34.44,39.73],[34.47,39.66],[34.5,39.56],[34.52,39.48],[34.54,39.37],[34.56,39.3],[34.57,39.18],[34.57,39.12],[34.58,38.99],[34.57,38.93],[34.57,38.81],[34.56,38.75],[34.54,38.62],[34.53,38.57],[34.51,38.43],[34.48,38.3],[34.45,38.17],[34.43,38.03],[34.4,37.9],[34.38,37.77],[34.36,37.64],[34.33,37.5],[34.31,37.37],[34.31,37.34],[34.28,37.2],[34.27,37.17],[34.24,37.04],[34.23,37.01],[33.37,36.81],[33.38,36.82],[33.43,36.95]]],[[[30.82,54.3],[30.82,54.31],[30.87,54.42],[30.9,54.5],[31.32,54.32],[31.29,54.32],[31.26,54.32],[30.82,54.3]]]]},"properties":{"l":"park","n":""}},{"type":"Feature","geometry":{"type":"MultiPolygon","coordinates":[[[[37.82,51.77],[37.86,51.76],[38.32,51.72],[38.36,51.72],[38.82,51.7],[38.86,51.7],[39.32,51.7],[39.36,51.71],[39.83,51.73],[39.87,51.73],[40.34,51.77],[40.37,51.78],[40.85,51.84],[41.33,51.9],[41.33,51.91],[41.8,51.97],[41.81,51.98],[42.27,52.05],[42.28,52.05],[42.74,52.12],[42.75,52.12],[43.21,52.2],[43.67,52.29],[43.68,52.29],[44.13,52.37],[44.14,52.37],[44.57,52.46],[44.98,52.52],[45.39,52.56],[45.81,52.58],[46.22,52.59],[46.63,52.58],[47.04,52.55],[47.45,52.5],[47.88,52.42],[48.33,52.35],[48.45,52.33],[47.68,51.7],[47.35,51.75],[46.97,51.8],[46.59,51.83],[46.21,51.84],[45.83,51.84],[45.46,51.81],[45.08,51.77],[44.7,51.72],[44.28,51.64],[44.27,51.63],[43.81,51.55],[43.8,51.55],[43.35,51.47],[43.34,51.46],[43.33,51.46],[42.87,51.39],[42.87,51.38],[42.86,51.38],[42.4,51.31],[42.39,51.31],[41.92,51.23],[41.91,51.23],[41.44,51.16],[41.43,51.16],[40.96,51.1],[40.95,51.1],[40.95,51.09],[40.47,51.03],[40.46,51.03],[40.42,51.03],[40.4,51.03],[39.93,50.98],[39.92,50.98],[39.88,50.98],[39.87,50.98],[39.4,50.96],[39.38,50.96],[39.34,50.95],[39.33,50.95],[39.32,50.95],[37.16,51.86],[37.33,51.83],[37.37,51.83],[37.82,51.77]]],[[[49.5,53.88],[49.06,53.95],[48.61,54.03],[48.17,54.1],[48.16,54.1],[47.71,54.18],[47.68,54.18],[47.23,54.24],[47.19,54.24],[46.74,54.27],[46.7,54.28],[46.25,54.29],[46.21,54.29],[45.76,54.28],[45.72,54.28],[45.27,54.26],[45.24,54.25],[44.79,54.21],[44.75,54.2],[44.3,54.13],[44.26,54.13],[43.82,54.04],[43.37,53.96],[42.92,53.88],[42.47,53.8],[42.01,53.73],[41.55,53.66],[41.09,53.59],[40.62,53.52],[40.17,53.46],[39.73,53.42],[39.3,53.4],[38.87,53.4],[38.45,53.42],[38.03,53.46],[37.61,53.51],[37.19,53.58],[36.76,53.68],[36.75,53.68],[36.29,53.78],[36.28,53.78],[35.81,53.87],[35.8,53.87],[35.33,53.95],[35.32,53.95],[34.85,54.03],[34.83,54.03],[34.35,54.1],[34.34,54.1],[33.85,54.16],[33.84,54.16],[33.35,54.22],[33.33,54.22],[32.83,54.27],[32.81,54.27],[32.31,54.31],[32.29,54.31],[31.8,54.32],[31.77,54.32],[31.32,54.32],[30.9,54.5],[30.91,54.52],[30.91,54.62],[30.9,54.72],[30.86,54.82],[30.79,54.91],[30.71,55.0],[30.62,55.08],[30.53,55.17],[30.45,55.26],[30.36,55.35],[30.27,55.44],[30.19,55.52],[30.1,55.61],[30.01,55.7],[29.93,55.79],[29.84,55.88],[29.75,55.97],[29.67,56.06],[29.58,56.14],[29.5,56.23],[29.41,56.32],[29.33,56.41],[29.24,56.5],[29.15,56.59],[29.07,56.68],[28.98,56.77],[28.89,56.85],[28.8,56.94],[28.71,57.02],[28.62,57.11],[28.52,57.2],[28.42,57.29],[28.31,57.39],[28.19,57.5],[28.07,57.61],[27.94,57.73],[27.8,57.85],[27.66,57.98],[27.6,58.03],[28.16,58.54],[28.17,58.53],[28.31,58.41],[28.44,58.28],[28.57,58.16],[28.7,58.05],[28.81,57.95],[28.81,57.94],[28.92,57.84],[29.03,57.75],[29.13,57.66],[29.22,57.57],[29.31,57.48],[29.32,57.48],[29.41,57.39],[29.5,57.3],[29.59,57.21],[29.6,57.21],[29.68,57.12],[29.69,57.12],[29.78,57.03],[29.78,57.02],[29.87,56.93],[29.95,56.84],[30.04,56.75],[30.12,56.66],[30.21,56.58],[30.29,56.49],[30.38,56.4],[30.46,56.31],[30.55,56.22],[30.63,56.14],[30.72,56.05],[30.81,55.96],[30.89,55.87],[30.98,55.79],[31.07,55.7],[31.15,55.61],[31.24,55.52],[31.33,55.44],[31.37,55.39],[31.41,55.33],[31.47,55.24],[31.52,55.18],[31.55,55.1],[31.56,55.07],[31.77,55.07],[31.78,55.07],[31.81,55.07],[31.83,55.07],[32.31,55.06],[32.32,55.06],[32.35,55.06],[32.36,55.05],[32.86,55.02],[32.87,55.02],[32.9,55.02],[32.91,55.02],[33.41,54.97],[33.43,54.97],[33.43,54.96],[33.92,54.91],[33.93,54.91],[33.94,54.91],[33.95,54.91],[34.43,54.84],[34.44,54.84],[34.45,54.84],[34.46,54.84],[34.94,54.77],[34.96,54.77],[35.44,54.69],[35.46,54.69],[35.93,54.61],[35.94,54.61],[35.95,54.6],[36.42,54.52],[36.42,54.51],[36.44,54.51],[36.9,54.42],[36.92,54.41],[37.34,54.32],[37.72,54.25],[38.11,54.2],[38.49,54.17],[38.89,54.15],[39.28,54.15],[39.68,54.17],[40.09,54.21],[40.52,54.27],[40.98,54.33],[41.44,54.4],[41.89,54.47],[42.34,54.54],[42.79,54.62],[43.24,54.7],[43.68,54.78],[44.12,54.86],[44.14,54.87],[44.17,54.87],[44.19,54.88],[44.64,54.94],[44.66,54.95],[44.69,54.95],[44.71,54.95],[45.16,55.0],[45.18,55.0],[45.21,55.0],[45.23,55.01],[45.68,55.03],[45.7,55.03],[45.74,55.03],[45.75,55.03],[46.2,55.04],[46.22,55.04],[46.26,55.04],[46.27,55.04],[46.72,55.03],[46.74,55.03],[46.78,55.02],[46.8,55.02],[47.25,54.99],[47.26,54.99],[47.3,54.98],[47.32,54.98],[47.77,54.93],[47.78,54.92],[47.82,54.92],[47.84,54.92],[48.29,54.84],[48.74,54.77],[49.18,54.69],[49.63,54.61],[50.06,54.54],[50.07,54.54],[50.5,54.46],[50.93,54.39],[50.94,54.39],[50.95,54.39],[50.19,53.76],[49.94,53.8],[49.5,53.88]]],[[[47.32,70.26],[47.2,70.16],[47.17,70.14],[47.04,70.06],[47.01,70.04],[46.88,69.95],[46.85,69.94],[46.71,69.86],[46.68,69.84],[46.54,69.77],[46.51,69.76],[46.36,69.69],[46.33,69.68],[46.18,69.61],[46.15,69.6],[46.0,69.54],[45.97,69.54],[45.81,69.48],[45.78,69.48],[45.61,69.43],[45.59,69.42],[45.42,69.38],[45.39,69.38],[45.22,69.34],[45.19,69.34],[45.02,69.31],[45.0,69.31],[44.82,69.28],[44.79,69.28],[44.62,69.27],[44.59,69.26],[44.42,69.25],[44.39,69.25],[44.21,69.25],[44.19,69.25],[44.01,69.25],[43.98,69.25],[43.81,69.26],[43.78,69.27],[43.61,69.28],[43.58,69.28],[43.4,69.31],[43.38,69.31],[43.21,69.34],[43.18,69.34],[43.01,69.38],[42.98,69.38],[42.81,69.42],[42.79,69.43],[42.62,69.48],[42.59,69.48],[42.43,69.54],[42.4,69.54],[42.25,69.6],[42.22,69.61],[42.07,69.68],[42.04,69.69],[41.89,69.76],[41.86,69.77],[41.72,69.84],[41.69,69.86],[41.55,69.94],[41.52,69.95],[41.39,70.04],[41.36,70.06],[41.23,70.14],[41.2,70.16],[41.08,70.26],[41.05,70.28],[41.03,70.3],[41.59,70.81],[41.65,70.76],[41.78,70.67],[41.92,70.59],[42.06,70.51],[42.2,70.44],[42.35,70.37],[42.5,70.31],[42.66,70.25],[42.82,70.2],[42.99,70.15],[43.15,70.11],[43.33,70.08],[43.5,70.05],[43.67,70.03],[43.85,70.01],[44.02,70.0],[44.2,70.0],[44.38,70.0],[44.55,70.01],[44.73,70.03],[44.9,70.05],[45.07,70.08],[45.25,70.11],[45.41,70.15],[45.58,70.2],[45.74,70.25],[45.9,70.31],[46.05,70.37],[46.2,70.44],[46.34,70.51],[46.48,70.59],[46.62,70.67],[46.75,70.76],[46.87,70.85],[46.98,70.95],[47.01,70.97],[47.37,70.29],[47.35,70.28],[47.32,70.26]]]]},"properties":{"l":"park","n":""}},{"type":"Feature","geometry":{"type":"MultiPolygon","coordinates":[[[[27.22,58.35],[27.07,58.47],[26.92,58.58],[26.77,58.7],[26.61,58.81],[26.45,58.92],[26.3,59.02],[26.14,59.13],[25.98,59.23],[25.81,59.33],[25.65,59.43],[25.49,59.53],[25.32,59.63],[25.16,59.73],[24.99,59.82],[24.83,59.92],[24.67,60.02],[24.5,60.12],[24.34,60.22],[24.18,60.33],[24.02,60.43],[23.86,60.53],[23.71,60.64],[23.56,60.76],[23.43,60.87],[23.3,61.0],[23.17,61.12],[23.06,61.25],[22.95,61.39],[22.85,61.53],[22.75,61.67],[22.65,61.8],[22.54,61.94],[22.43,62.07],[22.32,62.2],[22.21,62.32],[22.09,62.45],[21.97,62.57],[21.85,62.7],[21.74,62.82],[21.63,62.95],[21.52,63.08],[21.41,63.22],[21.3,63.35],[21.2,63.48],[21.1,63.62],[20.99,63.76],[20.89,63.89],[20.78,64.03],[20.67,64.16],[20.56,64.29],[20.44,64.41],[20.33,64.54],[20.21,64.66],[20.1,64.79],[19.99,64.92],[19.88,65.06],[19.78,65.2],[19.68,65.34],[19.59,65.49],[19.5,65.64],[19.42,65.8],[19.33,65.95],[19.24,66.1],[19.16,66.26],[19.07,66.41],[18.98,66.56],[18.88,66.71],[18.79,66.86],[18.7,67.01],[18.6,67.16],[18.51,67.31],[18.41,67.46],[18.32,67.61],[18.23,67.76],[18.13,67.91],[18.04,68.06],[17.95,68.21],[17.86,68.36],[17.77,68.51],[17.68,68.66],[17.59,68.82],[17.51,68.97],[17.43,69.13],[17.35,69.29],[17.27,69.44],[17.21,69.6],[17.15,69.76],[17.11,69.92],[17.07,70.07],[17.05,70.23],[17.04,70.39],[17.04,70.54],[17.06,70.69],[17.07,70.85],[17.08,71.0],[17.1,71.16],[17.12,71.31],[17.14,71.46],[17.15,71.62],[17.17,71.77],[17.2,71.92],[17.22,72.08],[17.24,72.23],[17.27,72.38],[17.3,72.54],[17.33,72.69],[17.36,72.84],[17.39,72.99],[17.43,73.14],[17.46,73.29],[17.49,73.44],[17.52,73.6],[17.54,73.75],[17.57,73.9],[17.59,74.05],[17.61,74.21],[17.63,74.36],[17.64,74.51],[17.65,74.66],[17.64,74.81],[17.63,74.96],[17.6,75.1],[17.57,75.25],[17.53,75.39],[17.48,75.53],[17.43,75.67],[17.38,75.8],[17.32,75.94],[17.26,76.07],[17.2,76.21],[17.14,76.34],[17.07,76.47],[17.0,76.6],[16.93,76.73],[16.92,76.74],[17.69,76.9],[17.73,76.83],[17.73,76.81],[17.8,76.68],[17.81,76.67],[17.87,76.54],[17.88,76.52],[17.94,76.39],[17.95,76.38],[18.01,76.24],[18.02,76.23],[18.07,76.09],[18.08,76.08],[18.13,75.94],[18.14,75.92],[18.19,75.79],[18.19,75.77],[18.24,75.63],[18.25,75.59],[18.29,75.45],[18.3,75.41],[18.34,75.26],[18.34,75.22],[18.37,75.08],[18.37,75.03],[18.39,74.89],[18.39,74.84],[18.4,74.69],[18.4,74.65],[18.39,74.5],[18.39,74.46],[18.38,74.31],[18.38,74.27],[18.36,74.11],[18.34,73.95],[18.33,73.94],[18.31,73.79],[18.31,73.78],[18.28,73.63],[18.28,73.62],[18.26,73.47],[18.25,73.46],[18.23,73.31],[18.22,73.3],[18.19,73.14],[18.16,72.98],[18.16,72.97],[18.12,72.83],[18.09,72.68],[18.06,72.54],[18.03,72.4],[18.01,72.25],[17.98,72.11],[17.96,71.96],[17.94,71.82],[17.92,71.67],[17.9,71.52],[17.88,71.37],[17.86,71.23],[17.85,71.08],[17.83,70.93],[17.82,70.78],[17.8,70.63],[17.79,70.51],[17.79,70.41],[17.8,70.3],[17.81,70.2],[17.84,70.09],[17.87,69.99],[17.91,69.87],[17.95,69.75],[18.02,69.62],[18.1,69.47],[18.17,69.32],[18.25,69.18],[18.33,69.03],[18.42,68.88],[18.5,68.74],[18.59,68.6],[18.68,68.45],[18.77,68.3],[18.86,68.15],[18.96,68.0],[19.05,67.86],[19.14,67.71],[19.24,67.56],[19.33,67.41],[19.42,67.26],[19.43,67.26],[19.52,67.11],[19.52,67.1],[19.62,66.95],[19.71,66.79],[19.8,66.64],[19.8,66.63],[19.89,66.48],[19.9,66.47],[19.98,66.32],[19.99,66.32],[20.07,66.16],[20.08,66.16],[20.15,66.01],[20.23,65.88],[20.31,65.75],[20.4,65.63],[20.48,65.51],[20.57,65.39],[20.67,65.28],[20.76,65.17],[20.87,65.05],[20.88,65.05],[21.0,64.92],[21.0,64.91],[21.12,64.78],[21.13,64.78],[21.24,64.65],[21.24,64.64],[21.35,64.51],[21.36,64.5],[21.47,64.37],[21.48,64.36],[21.58,64.22],[21.59,64.21],[21.69,64.08],[21.7,64.07],[21.8,63.94],[21.89,63.81],[21.99,63.69],[22.09,63.56],[22.19,63.44],[22.3,63.32],[22.41,63.21],[22.51,63.09],[22.63,62.97],[22.64,62.96],[22.76,62.84],[22.77,62.82],[22.88,62.7],[22.89,62.69],[23.0,62.56],[23.01,62.55],[23.12,62.41],[23.13,62.4],[23.23,62.27],[23.24,62.26],[23.35,62.12],[23.36,62.11],[23.46,61.97],[23.47,61.96],[23.55,61.84],[23.64,61.73],[23.73,61.63],[23.82,61.53],[23.93,61.43],[24.04,61.34],[24.16,61.24],[24.28,61.15],[24.43,61.06],[24.58,60.96],[24.74,60.86],[24.9,60.76],[25.06,60.66],[25.22,60.56],[25.38,60.47],[25.54,60.37],[25.7,60.28],[25.71,60.28],[25.87,60.18],[25.88,60.18],[26.04,60.08],[26.05,60.07],[26.21,59.97],[26.38,59.87],[26.38,59.86],[26.54,59.76],[26.55,59.75],[26.71,59.65],[26.87,59.54],[26.88,59.53],[27.04,59.43],[27.05,59.42],[27.2,59.31],[27.21,59.3],[27.37,59.19],[27.38,59.18],[27.53,59.06],[27.54,59.06],[27.69,58.94],[27.7,58.93],[27.85,58.81],[27.86,58.8],[28.0,58.68],[28.01,58.67],[28.16,58.54],[27.6,58.03],[27.52,58.1],[27.37,58.23],[27.22,58.35]]],[[[40.91,70.4],[40.8,70.5],[40.77,70.53],[40.67,70.63],[40.64,70.66],[40.55,70.77],[40.52,70.8],[40.43,70.91],[40.41,70.95],[40.33,71.06],[40.31,71.1],[40.23,71.21],[40.21,71.25],[40.15,71.37],[40.13,71.41],[40.07,71.53],[40.05,71.58],[40.01,71.7],[39.99,71.75],[39.95,71.87],[39.94,71.92],[39.91,72.04],[39.9,72.09],[39.88,72.22],[39.87,72.27],[39.86,72.4],[39.85,72.45],[39.85,72.57],[39.85,72.63],[39.85,72.75],[39.86,72.8],[39.87,72.93],[39.88,72.98],[39.9,73.11],[39.91,73.16],[39.94,73.28],[39.95,73.33],[39.99,73.45],[40.01,73.5],[40.05,73.62],[40.07,73.67],[40.13,73.79],[40.15,73.83],[40.21,73.95],[40.23,73.99],[40.31,74.1],[40.33,74.14],[40.41,74.25],[40.43,74.29],[40.52,74.4],[40.55,74.43],[40.64,74.54],[40.67,74.57],[40.77,74.67],[40.8,74.7],[40.91,74.8],[40.94,74.82],[41.05,74.92],[41.08,74.94],[41.2,75.04],[41.23,75.06],[41.36,75.14],[41.39,75.16],[41.52,75.25],[41.55,75.26],[41.69,75.34],[41.72,75.36],[41.86,75.43],[41.89,75.44],[42.04,75.51],[42.07,75.52],[42.22,75.59],[42.25,75.6],[42.4,75.66],[42.43,75.66],[42.59,75.72],[42.62,75.72],[42.79,75.77],[42.81,75.78],[42.98,75.82],[43.01,75.82],[43.18,75.86],[43.21,75.86],[43.38,75.89],[43.4,75.89],[43.58,75.92],[43.61,75.92],[43.78,75.93],[43.81,75.94],[43.98,75.95],[44.01,75.95],[44.19,75.95],[44.21,75.95],[44.39,75.95],[44.42,75.95],[44.59,75.94],[44.62,75.93],[44.79,75.92],[44.82,75.92],[45.0,75.89],[45.02,75.89],[45.19,75.86],[45.22,75.86],[45.26,75.85],[45.28,75.08],[45.25,75.09],[45.07,75.12],[44.9,75.15],[44.73,75.17],[44.55,75.19],[44.38,75.2],[44.2,75.2],[44.02,75.2],[43.85,75.19],[43.67,75.17],[43.5,75.15],[43.33,75.12],[43.15,75.09],[42.99,75.05],[42.82,75.0],[42.66,74.95],[42.5,74.89],[42.35,74.83],[42.2,74.76],[42.06,74.69],[41.92,74.61],[41.78,74.53],[41.65,74.44],[41.53,74.35],[41.42,74.25],[41.31,74.15],[41.21,74.04],[41.11,73.94],[41.03,73.83],[40.95,73.71],[40.87,73.59],[40.81,73.48],[40.76,73.35],[40.71,73.23],[40.67,73.11],[40.64,72.98],[40.62,72.85],[40.6,72.73],[40.6,72.6],[40.6,72.47],[40.62,72.35],[40.64,72.22],[40.67,72.09],[40.71,71.97],[40.76,71.85],[40.81,71.72],[40.87,71.61],[40.95,71.49],[41.03,71.37],[41.11,71.26],[41.21,71.16],[41.31,71.05],[41.42,70.95],[41.53,70.85],[41.59,70.81],[41.03,70.3],[40.94,70.38],[40.91,70.4]]]]},"properties":{"l":"park","n":""}},{"type":"Feature","geometry":{"type":"MultiPolygon","coordinates":[[[[68.14,79.78],[68.22,79.69],[68.31,79.59],[68.39,79.5],[68.47,79.41],[68.55,79.31],[68.63,79.22],[68.71,79.12],[68.79,79.03],[68.87,78.93],[68.95,78.83],[69.03,78.74],[69.11,78.65],[69.2,78.56],[69.29,78.49],[69.39,78.41],[69.49,78.35],[69.6,78.29],[69.72,78.24],[69.84,78.19],[69.96,78.14],[70.07,78.09],[70.19,78.03],[70.3,77.98],[70.42,77.92],[70.53,77.86],[70.64,77.79],[70.75,77.73],[70.86,77.66],[70.97,77.59],[71.08,77.52],[71.19,77.45],[71.29,77.38],[71.4,77.31],[71.5,77.24],[71.61,77.16],[71.71,77.09],[71.82,77.01],[71.92,76.94],[72.02,76.86],[72.13,76.79],[72.23,76.71],[72.33,76.64],[72.44,76.56],[72.54,76.49],[72.63,76.41],[72.72,76.33],[72.81,76.25],[72.89,76.17],[72.97,76.09],[73.04,76.0],[73.11,75.92],[73.18,75.83],[73.24,75.74],[73.31,75.66],[73.38,75.57],[73.44,75.48],[73.5,75.39],[73.57,75.3],[73.63,75.21],[73.69,75.13],[73.76,75.04],[73.82,74.95],[73.89,74.86],[73.95,74.77],[74.02,74.68],[74.08,74.6],[74.15,74.51],[74.22,74.42],[74.28,74.34],[74.35,74.25],[74.41,74.16],[74.48,74.07],[74.54,73.98],[74.61,73.9],[74.67,73.81],[74.73,73.71],[74.77,73.61],[74.79,73.5],[74.81,73.38],[74.81,73.25],[74.8,73.11],[74.78,72.97],[74.74,72.81],[74.71,72.66],[74.68,72.51],[74.65,72.35],[74.62,72.2],[74.59,72.05],[74.57,71.89],[74.54,71.74],[74.52,71.58],[74.5,71.43],[74.47,71.27],[74.45,71.12],[74.42,70.97],[74.4,70.81],[74.37,70.66],[74.34,70.5],[74.31,70.35],[74.29,70.2],[74.26,70.04],[74.22,69.89],[74.19,69.74],[74.15,69.58],[74.12,69.43],[74.08,69.28],[74.04,69.13],[74.01,68.98],[73.99,68.84],[73.98,68.69],[73.98,68.55],[73.99,68.42],[74.01,68.28],[74.04,68.15],[74.08,68.03],[74.12,67.9],[74.16,67.77],[74.19,67.64],[74.22,67.51],[74.26,67.38],[74.28,67.25],[74.31,67.12],[74.34,66.99],[74.36,66.86],[74.38,66.73],[74.4,66.59],[74.42,66.46],[74.44,66.33],[74.45,66.2],[74.46,66.06],[74.47,65.93],[74.48,65.8],[74.49,65.66],[74.5,65.53],[74.51,65.4],[74.53,65.26],[74.54,65.13],[74.55,65.0],[74.56,64.87],[74.59,64.74],[74.64,64.64],[74.72,64.54],[74.81,64.45],[74.92,64.38],[75.06,64.32],[75.21,64.27],[75.39,64.23],[75.56,64.19],[75.74,64.15],[75.91,64.1],[76.08,64.05],[76.26,64.0],[76.43,63.95],[76.6,63.89],[76.77,63.83],[76.94,63.77],[77.1,63.71],[77.27,63.65],[77.44,63.59],[77.61,63.52],[77.77,63.45],[77.94,63.38],[78.1,63.31],[78.14,63.29],[76.87,63.0],[76.84,63.01],[76.68,63.07],[76.52,63.13],[76.36,63.18],[76.2,63.23],[76.04,63.28],[75.88,63.33],[75.72,63.38],[75.55,63.42],[75.39,63.46],[75.23,63.5],[75.06,63.53],[74.99,63.55],[74.83,63.6],[74.75,63.64],[74.61,63.7],[74.52,63.75],[74.4,63.82],[74.35,63.86],[74.3,63.9],[74.21,63.98],[74.16,64.03],[74.12,64.09],[74.04,64.19],[74.0,64.25],[73.97,64.31],[73.92,64.42],[73.89,64.48],[73.87,64.55],[73.83,64.67],[73.82,64.74],[73.81,64.8],[73.8,64.93],[73.79,65.07],[73.78,65.2],[73.77,65.34],[73.76,65.47],[73.75,65.6],[73.73,65.74],[73.72,65.87],[73.71,66.0],[73.7,66.12],[73.69,66.24],[73.68,66.37],[73.66,66.49],[73.64,66.61],[73.62,66.73],[73.6,66.85],[73.58,66.97],[73.55,67.09],[73.52,67.21],[73.5,67.33],[73.47,67.45],[73.43,67.57],[73.4,67.69],[73.37,67.8],[73.33,67.93],[73.31,67.98],[73.28,68.11],[73.27,68.17],[73.25,68.3],[73.24,68.36],[73.23,68.5],[73.23,68.55],[73.23,68.69],[73.23,68.74],[73.24,68.89],[73.25,68.94],[73.27,69.08],[73.27,69.13],[73.3,69.28],[73.31,69.32],[73.35,69.47],[73.39,69.61],[73.42,69.76],[73.46,69.9],[73.49,70.05],[73.52,70.19],[73.55,70.34],[73.58,70.49],[73.6,70.63],[73.63,70.79],[73.66,70.94],[73.68,71.09],[73.71,71.24],[73.73,71.39],[73.75,71.54],[73.78,71.7],[73.8,71.85],[73.8,71.86],[73.83,72.01],[73.83,72.02],[73.85,72.17],[73.85,72.18],[73.88,72.33],[73.88,72.34],[73.91,72.49],[73.91,72.5],[73.94,72.65],[73.95,72.66],[73.98,72.81],[73.98,72.82],[74.01,72.97],[74.01,72.98],[74.04,73.11],[74.06,73.19],[74.06,73.27],[74.06,73.32],[74.05,73.36],[74.05,73.38],[74.04,73.4],[74.0,73.45],[73.94,73.54],[73.88,73.62],[73.81,73.71],[73.75,73.8],[73.68,73.88],[73.62,73.97],[73.55,74.06],[73.49,74.14],[73.48,74.15],[73.42,74.23],[73.42,74.24],[73.35,74.32],[73.35,74.33],[73.28,74.41],[73.28,74.42],[73.22,74.5],[73.22,74.51],[73.15,74.6],[73.09,74.69],[73.08,74.69],[73.02,74.78],[72.96,74.87],[72.9,74.95],[72.84,75.04],[72.77,75.12],[72.71,75.2],[72.65,75.29],[72.59,75.37],[72.52,75.45],[72.46,75.52],[72.41,75.58],[72.35,75.65],[72.29,75.71],[72.22,75.77],[72.15,75.84],[72.07,75.9],[71.99,75.96],[71.89,76.03],[71.79,76.11],[71.69,76.18],[71.58,76.26],[71.48,76.33],[71.38,76.4],[71.27,76.48],[71.17,76.55],[71.07,76.62],[70.97,76.69],[70.87,76.76],[70.77,76.83],[70.67,76.89],[70.57,76.96],[70.47,77.02],[70.36,77.09],[70.26,77.15],[70.17,77.2],[70.07,77.26],[69.97,77.31],[69.87,77.36],[69.76,77.41],[69.66,77.45],[69.56,77.49],[69.45,77.54],[69.4,77.56],[69.29,77.61],[69.25,77.63],[69.14,77.69],[69.1,77.71],[68.99,77.78],[68.95,77.81],[68.85,77.88],[68.81,77.91],[68.72,77.99],[68.68,78.02],[68.59,78.1],[68.56,78.14],[68.48,78.23],[68.44,78.27],[68.37,78.36],[68.29,78.46],[68.21,78.55],[68.14,78.64],[68.06,78.73],[67.98,78.82],[67.9,78.92],[67.82,79.01],[67.75,79.09],[67.67,79.18],[67.6,79.26],[67.52,79.34],[67.44,79.42],[67.36,79.49],[67.28,79.57],[67.2,79.64],[67.11,79.72],[67.02,79.8],[66.92,79.88],[66.83,79.96],[66.76,80.02],[68.0,79.92],[68.05,79.86],[68.14,79.78]]],[[[49.21,79.27],[49.18,79.24],[49.16,79.2],[49.13,79.17],[49.1,79.14],[49.08,79.11],[49.05,79.08],[49.02,79.05],[48.99,79.03],[48.96,79.0],[48.92,78.97],[48.9,78.95],[48.86,78.93],[48.83,78.91],[48.79,78.88],[48.77,78.86],[48.73,78.84],[48.7,78.82],[48.66,78.8],[48.63,78.79],[48.59,78.77],[48.56,78.75],[48.52,78.73],[48.49,78.72],[48.45,78.7],[48.42,78.69],[48.37,78.68],[48.35,78.67],[48.3,78.65],[48.27,78.65],[48.22,78.63],[48.2,78.62],[48.18,78.62],[49.24,79.32],[49.23,79.3],[49.21,79.27]]],[[[48.46,71.92],[48.45,71.87],[48.41,71.75],[48.39,71.7],[48.35,71.58],[48.33,71.53],[48.27,71.41],[48.25,71.37],[48.19,71.25],[48.17,71.21],[48.09,71.1],[48.07,71.06],[47.99,70.95],[47.97,70.91],[47.88,70.8],[47.85,70.77],[47.76,70.66],[47.73,70.63],[47.63,70.53],[47.6,70.5],[47.49,70.4],[47.46,70.38],[47.37,70.29],[47.01,70.97],[47.09,71.05],[47.19,71.16],[47.29,71.26],[47.37,71.37],[47.45,71.49],[47.53,71.61],[47.59,71.72],[47.64,71.85],[47.69,71.97],[47.73,72.09],[47.76,72.22],[47.78,72.35],[47.8,72.47],[47.8,72.6],[47.8,72.73],[47.78,72.85],[47.76,72.98],[47.73,73.11],[47.69,73.23],[47.64,73.35],[47.59,73.48],[47.53,73.59],[47.45,73.71],[47.37,73.83],[47.29,73.94],[47.19,74.04],[47.09,74.15],[46.98,74.25],[46.87,74.35],[46.75,74.44],[46.62,74.53],[46.48,74.61],[46.34,74.69],[46.2,74.76],[46.05,74.83],[45.9,74.89],[45.74,74.95],[45.58,75.0],[45.41,75.05],[45.28,75.08],[45.26,75.85],[45.39,75.82],[45.42,75.82],[45.59,75.78],[45.61,75.77],[45.78,75.72],[45.81,75.72],[45.97,75.66],[46.0,75.66],[46.15,75.6],[46.18,75.59],[46.33,75.52],[46.36,75.51],[46.51,75.44],[46.54,75.43],[46.68,75.36],[46.71,75.34],[46.85,75.26],[46.88,75.25],[47.01,75.16],[47.04,75.14],[47.17,75.06],[47.2,75.04],[47.32,74.94],[47.35,74.92],[47.46,74.82],[47.49,74.8],[47.6,74.7],[47.63,74.67],[47.73,74.57],[47.76,74.54],[47.85,74.43],[47.88,74.4],[47.97,74.29],[47.99,74.25],[48.07,74.14],[48.09,74.1],[48.17,73.99],[48.19,73.95],[48.25,73.83],[48.27,73.79],[48.33,73.67],[48.35,73.62],[48.39,73.5],[48.41,73.45],[48.45,73.33],[48.46,73.28],[48.49,73.16],[48.5,73.11],[48.52,72.98],[48.53,72.93],[48.54,72.8],[48.55,72.75],[48.55,72.63],[48.55,72.57],[48.55,72.45],[48.54,72.4],[48.53,72.27],[48.52,72.22],[48.5,72.09],[48.49,72.04],[48.46,71.92]]]]},"properties":{"l":"park","n":""}},{"type":"Feature","geometry":{"type":"Polygon","coordinates":[[[16.71,77.11],[16.63,77.24],[16.56,77.36],[16.48,77.49],[16.41,77.62],[16.33,77.74],[16.26,77.87],[16.19,78.0],[16.12,78.13],[16.04,78.25],[15.97,78.38],[15.91,78.51],[15.84,78.64],[15.77,78.78],[15.7,78.91],[15.63,79.05],[15.56,79.19],[15.5,79.34],[15.43,79.49],[15.36,79.64],[15.29,79.79],[15.22,79.94],[15.15,80.1],[15.09,80.25],[15.03,80.41],[14.97,80.57],[14.91,80.73],[14.86,80.88],[14.8,81.04],[14.75,81.2],[14.68,81.36],[14.62,81.51],[14.55,81.66],[14.47,81.81],[14.39,81.96],[14.31,82.1],[14.22,82.25],[14.13,82.39],[14.05,82.54],[13.97,82.69],[13.89,82.84],[13.82,82.99],[13.75,83.14],[13.69,83.3],[13.62,83.45],[13.57,83.61],[13.52,83.77],[13.49,83.94],[13.47,84.1],[13.45,84.27],[13.45,84.44],[13.45,84.61],[13.46,84.79],[13.48,84.96],[13.48,85.14],[13.49,85.31],[13.49,85.49],[13.49,85.66],[13.49,85.84],[13.48,86.01],[13.47,86.19],[13.46,86.36],[13.45,86.54],[13.45,86.71],[13.45,86.89],[13.45,87.06],[13.46,87.24],[13.46,87.41],[13.47,87.59],[13.48,87.76],[13.48,87.94],[13.49,88.11],[13.48,88.29],[13.48,88.46],[13.47,88.64],[13.46,88.81],[13.45,88.99],[13.44,89.16],[13.44,89.33],[13.46,89.5],[13.47,89.67],[13.5,89.83],[13.54,90.0],[13.58,90.16],[13.63,90.32],[13.69,90.48],[13.74,90.64],[13.8,90.8],[13.85,90.96],[13.91,91.12],[13.97,91.27],[14.03,91.43],[14.09,91.59],[14.16,91.74],[14.22,91.9],[14.29,92.05],[14.36,92.2],[14.44,92.35],[14.51,92.5],[14.59,92.65],[14.67,92.8],[14.75,92.95],[14.83,93.1],[14.91,93.24],[14.99,93.39],[15.08,93.54],[15.16,93.69],[15.24,93.84],[15.32,93.98],[15.39,94.13],[15.45,94.28],[15.49,94.43],[15.53,94.58],[15.55,94.73],[15.57,94.88],[15.57,95.04],[15.56,95.19],[15.55,95.34],[15.55,95.49],[15.54,95.65],[15.54,95.8],[15.54,95.95],[15.54,96.11],[15.54,96.26],[15.54,96.41],[15.54,96.57],[15.54,96.72],[15.55,96.87],[15.55,97.03],[15.56,97.18],[15.57,97.33],[15.57,97.37],[16.31,97.26],[16.31,97.15],[16.3,97.0],[16.3,96.85],[16.29,96.7],[16.29,96.55],[16.29,96.4],[16.29,96.25],[16.29,96.11],[16.29,95.96],[16.29,95.81],[16.29,95.67],[16.3,95.52],[16.3,95.38],[16.31,95.23],[16.32,95.08],[16.32,95.02],[16.32,94.87],[16.31,94.82],[16.3,94.67],[16.29,94.61],[16.27,94.46],[16.26,94.41],[16.22,94.26],[16.21,94.21],[16.16,94.06],[16.14,94.01],[16.09,93.86],[16.07,93.81],[16.0,93.66],[15.98,93.62],[15.9,93.48],[15.81,93.33],[15.73,93.18],[15.65,93.03],[15.57,92.88],[15.49,92.74],[15.41,92.59],[15.33,92.44],[15.25,92.3],[15.18,92.16],[15.11,92.02],[15.04,91.88],[14.97,91.74],[14.91,91.6],[14.85,91.45],[14.79,91.31],[14.73,91.16],[14.67,91.01],[14.61,90.85],[14.56,90.7],[14.5,90.55],[14.45,90.4],[14.4,90.24],[14.35,90.09],[14.3,89.95],[14.27,89.82],[14.24,89.69],[14.22,89.56],[14.2,89.43],[14.19,89.3],[14.19,89.17],[14.2,89.03],[14.21,88.87],[14.21,88.86],[14.22,88.68],[14.22,88.67],[14.23,88.5],[14.23,88.48],[14.23,88.31],[14.23,88.3],[14.24,88.12],[14.24,88.11],[14.23,87.93],[14.23,87.92],[14.23,87.75],[14.23,87.73],[14.22,87.56],[14.22,87.55],[14.21,87.38],[14.21,87.21],[14.2,87.05],[14.2,86.88],[14.2,86.72],[14.2,86.56],[14.21,86.39],[14.22,86.23],[14.23,86.06],[14.23,86.04],[14.23,85.87],[14.23,85.85],[14.24,85.68],[14.24,85.67],[14.24,85.49],[14.24,85.48],[14.24,85.3],[14.24,85.29],[14.23,85.12],[14.23,85.1],[14.22,84.93],[14.22,84.91],[14.21,84.74],[14.21,84.73],[14.2,84.57],[14.2,84.44],[14.2,84.31],[14.21,84.19],[14.23,84.07],[14.25,83.95],[14.29,83.83],[14.33,83.71],[14.38,83.59],[14.44,83.45],[14.5,83.31],[14.57,83.17],[14.64,83.03],[14.71,82.9],[14.78,82.77],[14.86,82.64],[14.94,82.5],[14.96,82.48],[15.04,82.34],[15.05,82.32],[15.13,82.17],[15.14,82.15],[15.22,82.0],[15.23,81.98],[15.3,81.83],[15.31,81.81],[15.37,81.66],[15.38,81.64],[15.44,81.48],[15.45,81.46],[15.51,81.3],[15.52,81.28],[15.57,81.13],[15.62,80.98],[15.67,80.83],[15.73,80.68],[15.79,80.53],[15.85,80.39],[15.91,80.24],[15.97,80.1],[16.04,79.95],[16.11,79.8],[16.17,79.66],[16.24,79.52],[16.31,79.38],[16.37,79.25],[16.44,79.12],[16.5,78.99],[16.57,78.86],[16.64,78.74],[16.7,78.61],[16.77,78.49],[16.84,78.37],[16.91,78.24],[16.98,78.12],[17.05,78.0],[17.13,77.88],[17.13,77.87],[17.2,77.75],[17.21,77.74],[17.28,77.62],[17.28,77.61],[17.36,77.49],[17.36,77.48],[17.43,77.36],[17.43,77.35],[17.51,77.23],[17.51,77.22],[17.58,77.09],[17.65,76.96],[17.66,76.96],[17.69,76.9],[16.92,76.74],[16.85,76.85],[16.78,76.98],[16.71,77.11]]]},"properties":{"l":"park","n":""}},{"type":"Feature","geometry":{"type":"MultiPolygon","coordinates":[[[[50.28,91.2],[50.27,91.15],[50.25,91.12],[50.24,91.08],[50.22,91.04],[50.2,91.0],[50.18,90.97],[50.16,90.93],[50.14,90.9],[50.11,90.86],[50.09,90.83],[50.06,90.8],[50.04,90.77],[50.01,90.74],[49.99,90.71],[49.96,90.68],[49.93,90.65],[49.9,90.62],[49.87,90.6],[49.85,90.57],[49.81,90.55],[49.79,90.53],[49.75,90.5],[49.72,90.48],[49.69,90.46],[49.66,90.44],[49.62,90.42],[49.59,90.4],[49.56,90.38],[49.53,90.37],[49.49,90.35],[49.46,90.33],[49.42,90.31],[49.39,90.3],[49.35,90.29],[49.32,90.28],[49.28,90.26],[49.25,90.25],[49.2,90.24],[49.18,90.23],[49.13,90.22],[49.11,90.21],[49.06,90.2],[49.03,90.19],[48.99,90.18],[48.96,90.18],[48.91,90.17],[48.89,90.17],[48.84,90.16],[48.81,90.16],[48.76,90.16],[48.74,90.15],[48.69,90.15],[48.66,90.15],[48.61,90.15],[48.59,90.15],[48.54,90.15],[48.51,90.15],[48.46,90.15],[48.44,90.16],[48.39,90.16],[48.36,90.16],[48.31,90.17],[48.29,90.17],[48.24,90.18],[48.21,90.18],[48.17,90.19],[48.14,90.2],[48.09,90.21],[48.07,90.22],[48.02,90.23],[48.0,90.24],[47.95,90.25],[47.92,90.26],[47.88,90.28],[47.85,90.29],[47.81,90.3],[47.78,90.31],[47.74,90.33],[47.71,90.35],[47.67,90.37],[47.64,90.38],[47.61,90.4],[47.58,90.42],[47.54,90.44],[47.51,90.46],[47.48,90.48],[47.45,90.5],[47.41,90.53],[47.39,90.55],[47.35,90.57],[47.33,90.6],[47.3,90.62],[47.27,90.65],[47.24,90.68],[47.21,90.71],[47.19,90.74],[47.16,90.77],[47.14,90.8],[47.11,90.83],[47.09,90.86],[47.06,90.9],[47.04,90.93],[47.02,90.97],[47.0,91.0],[46.98,91.04],[46.96,91.08],[46.95,91.12],[46.93,91.15],[46.92,91.2],[46.91,91.23],[46.89,91.28],[46.88,91.32],[46.87,91.37],[46.87,91.4],[46.86,91.45],[46.86,91.49],[46.85,91.54],[46.85,91.57],[46.85,91.63],[46.85,91.66],[46.86,91.71],[46.86,91.75],[46.87,91.8],[46.87,91.83],[46.88,91.88],[46.89,91.92],[46.91,91.97],[46.92,92.0],[46.93,92.05],[46.95,92.08],[46.96,92.12],[46.98,92.16],[47.0,92.2],[47.02,92.23],[47.04,92.27],[47.06,92.3],[47.09,92.34],[47.11,92.37],[47.14,92.4],[47.16,92.43],[47.19,92.46],[47.21,92.49],[47.24,92.52],[47.27,92.55],[47.3,92.58],[47.33,92.6],[47.35,92.63],[47.39,92.65],[47.41,92.67],[47.45,92.7],[47.48,92.72],[47.51,92.74],[47.54,92.76],[47.58,92.78],[47.61,92.8],[47.64,92.82],[47.67,92.83],[47.71,92.85],[47.74,92.87],[47.78,92.89],[47.81,92.9],[47.85,92.91],[47.88,92.92],[47.92,92.94],[47.95,92.95],[48.0,92.96],[48.02,92.97],[48.07,92.98],[48.09,92.99],[48.14,93.0],[48.17,93.01],[48.21,93.02],[48.24,93.02],[48.29,93.03],[48.31,93.03],[48.36,93.04],[48.39,93.04],[48.44,93.04],[48.46,93.05],[48.51,93.05],[48.54,93.05],[48.59,93.05],[48.61,93.05],[48.66,93.05],[48.69,93.05],[48.74,93.05],[48.76,93.04],[48.81,93.04],[48.84,93.04],[48.89,93.03],[48.91,93.03],[48.96,93.02],[48.99,93.02],[49.03,93.01],[49.06,93.0],[49.11,92.99],[49.13,92.98],[49.18,92.97],[49.2,92.96],[49.25,92.95],[49.28,92.94],[49.32,92.92],[49.35,92.91],[49.39,92.9],[49.42,92.89],[49.46,92.87],[49.49,92.85],[49.53,92.83],[49.56,92.82],[49.59,92.8],[49.62,92.78],[49.66,92.76],[49.69,92.74],[49.72,92.72],[49.75,92.7],[49.79,92.67],[49.81,92.65],[49.85,92.63],[49.87,92.6],[49.9,92.58],[49.93,92.55],[49.96,92.52],[49.99,92.49],[50.01,92.46],[50.04,92.43],[50.06,92.4],[50.09,92.37],[50.11,92.34],[50.14,92.3],[50.16,92.27],[50.18,92.23],[50.2,92.2],[50.22,92.16],[50.24,92.12],[50.25,92.08],[50.27,92.05],[50.28,92.0],[50.29,91.97],[50.31,91.92],[50.32,91.88],[50.33,91.83],[50.33,91.8],[50.34,91.75],[50.34,91.71],[50.35,91.66],[50.35,91.63],[50.35,91.57],[50.35,91.54],[50.34,91.49],[50.34,91.45],[50.33,91.4],[50.33,91.37],[50.32,91.32],[50.31,91.28],[50.29,91.23],[50.28,91.2]],[[49.6,91.6],[49.6,91.63],[49.6,91.67],[49.59,91.7],[49.58,91.74],[49.57,91.77],[49.56,91.8],[49.54,91.84],[49.52,91.87],[49.5,91.9],[49.48,91.93],[49.46,91.96],[49.43,91.99],[49.4,92.02],[49.37,92.04],[49.34,92.07],[49.31,92.09],[49.27,92.12],[49.23,92.14],[49.2,92.16],[49.16,92.18],[49.11,92.2],[49.07,92.22],[49.03,92.23],[48.98,92.25],[48.94,92.26],[48.89,92.27],[48.84,92.28],[48.8,92.29],[48.75,92.29],[48.7,92.3],[48.65,92.3],[48.6,92.3],[48.55,92.3],[48.5,92.3],[48.45,92.29],[48.4,92.29],[48.36,92.28],[48.31,92.27],[48.26,92.26],[48.22,92.25],[48.17,92.23],[48.13,92.22],[48.09,92.2],[48.04,92.18],[48.0,92.16],[47.97,92.14],[47.93,92.12],[47.89,92.09],[47.86,92.07],[47.83,92.04],[47.8,92.02],[47.77,91.99],[47.74,91.96],[47.72,91.93],[47.7,91.9],[47.68,91.87],[47.66,91.84],[47.64,91.8],[47.63,91.77],[47.62,91.74],[47.61,91.7],[47.6,91.67],[47.6,91.63],[47.6,91.6],[47.6,91.57],[47.6,91.53],[47.61,91.5],[47.62,91.46],[47.63,91.43],[47.64,91.4],[47.66,91.36],[47.68,91.33],[47.7,91.3],[47.72,91.27],[47.74,91.24],[47.77,91.21],[47.8,91.18],[47.83,91.16],[47.86,91.13],[47.89,91.11],[47.93,91.08],[47.97,91.06],[48.0,91.04],[48.04,91.02],[48.09,91.0],[48.13,90.98],[48.17,90.97],[48.22,90.95],[48.26,90.94],[48.31,90.93],[48.36,90.92],[48.4,90.91],[48.45,90.91],[48.5,90.9],[48.55,90.9],[48.6,90.9],[48.65,90.9],[48.7,90.9],[48.75,90.91],[48.8,90.91],[48.84,90.92],[48.89,90.93],[48.94,90.94],[48.98,90.95],[49.03,90.97],[49.07,90.98],[49.11,91.0],[49.16,91.02],[49.2,91.04],[49.23,91.06],[49.27,91.08],[49.31,91.11],[49.34,91.13],[49.37,91.16],[49.4,91.18],[49.43,91.21],[49.46,91.24],[49.48,91.27],[49.5,91.3],[49.52,91.33],[49.54,91.36],[49.56,91.4],[49.57,91.43],[49.58,91.46],[49.59,91.5],[49.6,91.53],[49.6,91.57],[49.6,91.6]]],[[[49.4,79.67],[49.39,79.61],[49.37,79.58],[49.35,79.53],[49.34,79.5],[49.32,79.45],[49.3,79.42],[49.28,79.38],[49.26,79.34],[49.24,79.32],[48.18,78.62],[48.15,78.61],[48.12,78.61],[48.07,78.6],[48.05,78.59],[48.0,78.58],[47.97,78.58],[47.92,78.57],[47.9,78.57],[47.84,78.56],[47.82,78.56],[47.77,78.56],[47.74,78.55],[47.69,78.55],[47.67,78.55],[47.61,78.55],[47.59,78.55],[47.53,78.55],[47.51,78.55],[47.46,78.55],[47.43,78.56],[47.38,78.56],[47.36,78.56],[47.3,78.57],[47.28,78.57],[47.23,78.58],[47.2,78.58],[47.15,78.59],[47.13,78.6],[47.08,78.61],[47.05,78.61],[47.0,78.62],[46.98,78.63],[46.93,78.65],[46.9,78.65],[46.85,78.67],[46.83,78.68],[46.78,78.69],[46.75,78.7],[46.71,78.72],[46.68,78.73],[46.64,78.75],[46.61,78.77],[46.57,78.79],[46.54,78.8],[46.5,78.82],[46.47,78.84],[46.43,78.86],[46.41,78.88],[46.37,78.91],[46.34,78.93],[46.3,78.95],[46.28,78.97],[46.24,79.0],[46.21,79.03],[46.18,79.05],[46.15,79.08],[46.12,79.11],[46.1,79.14],[46.07,79.17],[46.04,79.2],[46.02,79.24],[45.99,79.27],[45.97,79.3],[45.94,79.34],[45.92,79.38],[45.9,79.42],[45.88,79.45],[45.86,79.5],[45.85,79.53],[45.83,79.58],[45.81,79.61],[45.8,79.67],[45.79,79.7],[45.78,79.75],[45.77,79.79],[45.76,79.85],[45.76,79.88],[45.75,79.94],[45.75,79.97],[45.75,80.03],[45.75,80.06],[45.76,80.12],[45.76,80.15],[45.77,80.21],[45.78,80.25],[45.79,80.3],[45.8,80.33],[45.81,80.39],[45.83,80.42],[45.85,80.47],[45.86,80.5],[45.88,80.55],[45.9,80.58],[45.92,80.62],[45.94,80.66],[45.97,80.7],[45.99,80.73],[46.02,80.76],[46.04,80.8],[46.07,80.83],[46.1,80.86],[46.12,80.89],[46.15,80.92],[46.18,80.95],[46.21,80.97],[46.24,81.0],[46.28,81.03],[46.3,81.05],[46.34,81.07],[46.37,81.09],[46.41,81.12],[46.43,81.14],[46.47,81.16],[46.5,81.18],[46.54,81.2],[46.57,81.21],[46.61,81.23],[46.64,81.25],[46.68,81.27],[46.71,81.28],[46.75,81.3],[46.78,81.31],[46.83,81.32],[46.85,81.33],[46.9,81.35],[46.93,81.35],[46.98,81.37],[47.0,81.38],[47.05,81.39],[47.08,81.39],[47.13,81.4],[47.15,81.41],[47.2,81.42],[47.23,81.42],[47.28,81.43],[47.3,81.43],[47.36,81.44],[47.38,81.44],[47.43,81.44],[47.46,81.45],[47.51,81.45],[47.53,81.45],[47.59,81.45],[47.61,81.45],[47.67,81.45],[47.69,81.45],[47.74,81.45],[47.77,81.44],[47.82,81.44],[47.84,81.44],[47.9,81.43],[47.92,81.43],[47.97,81.42],[48.0,81.42],[48.05,81.41],[48.07,81.4],[48.12,81.39],[48.15,81.39],[48.2,81.38],[48.22,81.37],[48.27,81.35],[48.3,81.35],[48.35,81.33],[48.37,81.32],[48.42,81.31],[48.45,81.3],[48.49,81.28],[48.52,81.27],[48.56,81.25],[48.59,81.23],[48.63,81.21],[48.66,81.2],[48.7,81.18],[48.73,81.16],[48.77,81.14],[48.79,81.12],[48.83,81.09],[48.86,81.07],[48.9,81.05],[48.92,81.03],[48.96,81.0],[48.99,80.97],[49.02,80.95],[49.05,80.92],[49.08,80.89],[49.1,80.86],[49.13,80.83],[49.16,80.8],[49.18,80.76],[49.21,80.73],[49.23,80.7],[49.26,80.66],[49.28,80.62],[49.3,80.58],[49.32,80.55],[49.34,80.5],[49.35,80.47],[49.37,80.42],[49.39,80.39],[49.4,80.33],[49.41,80.3],[49.42,80.25],[49.43,80.21],[49.44,80.15],[49.44,80.12],[49.45,80.06],[49.45,80.03],[49.45,79.97],[49.45,79.94],[49.44,79.88],[49.44,79.85],[49.43,79.79],[49.42,79.75],[49.41,79.7],[49.4,79.67]],[[48.7,80.03],[48.69,80.07],[48.69,80.1],[48.68,80.14],[48.67,80.17],[48.65,80.2],[48.64,80.24],[48.62,80.27],[48.59,80.3],[48.57,80.33],[48.54,80.36],[48.51,80.39],[48.48,80.42],[48.45,80.44],[48.42,80.47],[48.38,80.49],[48.34,80.52],[48.3,80.54],[48.26,80.56],[48.21,80.58],[48.17,80.6],[48.12,80.62],[48.07,80.63],[48.02,80.65],[47.97,80.66],[47.92,80.67],[47.87,80.68],[47.81,80.69],[47.76,80.69],[47.71,80.7],[47.65,80.7],[47.6,80.7],[47.55,80.7],[47.49,80.7],[47.44,80.69],[47.39,80.69],[47.33,80.68],[47.28,80.67],[47.23,80.66],[47.18,80.65],[47.13,80.63],[47.08,80.62],[47.03,80.6],[46.99,80.58],[46.94,80.56],[46.9,80.54],[46.86,80.52],[46.82,80.49],[46.78,80.47],[46.75,80.44],[46.72,80.42],[46.69,80.39],[46.66,80.36],[46.63,80.33],[46.61,80.3],[46.58,80.27],[46.56,80.24],[46.55,80.2],[46.53,80.17],[46.52,80.14],[46.51,80.1],[46.51,80.07],[46.5,80.03],[46.5,80.0],[46.5,79.97],[46.51,79.93],[46.51,79.9],[46.52,79.86],[46.53,79.83],[46.55,79.8],[46.56,79.76],[46.58,79.73],[46.61,79.7],[46.63,79.67],[46.66,79.64],[46.69,79.61],[46.72,79.58],[46.75,79.56],[46.78,79.53],[46.82,79.51],[46.86,79.48],[46.9,79.46],[46.94,79.44],[46.99,79.42],[47.03,79.4],[47.08,79.38],[47.13,79.37],[47.18,79.35],[47.23,79.34],[47.28,79.33],[47.33,79.32],[47.39,79.31],[47.44,79.31],[47.49,79.3],[47.55,79.3],[47.6,79.3],[47.65,79.3],[47.71,79.3],[47.76,79.31],[47.81,79.31],[47.87,79.32],[47.92,79.33],[47.97,79.34],[48.02,79.35],[48.07,79.37],[48.12,79.38],[48.17,79.4],[48.21,79.42],[48.26,79.44],[48.3,79.46],[48.34,79.48],[48.38,79.51],[48.42,79.53],[48.45,79.56],[48.48,79.58],[48.51,79.61],[48.54,79.64],[48.57,79.67],[48.59,79.7],[48.62,79.73],[48.64,79.76],[48.65,79.8],[48.67,79.83],[48.68,79.86],[48.69,79.9],[48.69,79.93],[48.7,79.97],[48.7,80.0],[48.7,80.03]]]]},"properties":{"l":"park","n":""}},{"type":"Feature","geometry":{"type":"Polygon","coordinates":[[[82.04,89.38],[81.94,89.28],[81.84,89.19],[81.73,89.1],[81.63,89.01],[81.52,88.93],[81.41,88.84],[81.3,88.76],[81.19,88.69],[81.07,88.61],[80.96,88.54],[80.84,88.47],[80.72,88.4],[80.6,88.34],[80.47,88.28],[80.35,88.23],[80.22,88.18],[80.09,88.14],[79.96,88.09],[79.83,88.05],[79.7,88.01],[79.57,87.96],[79.44,87.91],[79.32,87.86],[79.19,87.81],[79.19,87.8],[79.18,87.83],[79.17,87.89],[79.16,87.95],[79.14,88.0],[79.12,88.06],[79.1,88.11],[79.08,88.17],[79.06,88.22],[79.03,88.27],[79.0,88.31],[78.97,88.36],[78.94,88.41],[78.91,88.45],[78.87,88.49],[78.83,88.53],[78.8,88.56],[78.76,88.6],[78.71,88.63],[78.67,88.66],[78.63,88.68],[78.58,88.71],[78.54,88.73],[78.49,88.75],[78.44,88.76],[78.4,88.78],[78.35,88.79],[78.3,88.79],[78.25,88.8],[78.2,88.8],[78.15,88.8],[78.1,88.79],[78.05,88.79],[78.0,88.78],[77.96,88.76],[77.91,88.75],[77.86,88.73],[77.82,88.71],[77.77,88.68],[77.73,88.66],[77.69,88.63],[77.64,88.6],[77.6,88.56],[77.57,88.53],[77.53,88.49],[77.49,88.45],[77.46,88.41],[77.43,88.36],[77.4,88.31],[77.37,88.27],[77.34,88.22],[77.32,88.17],[77.3,88.11],[77.28,88.06],[77.26,88.0],[77.24,87.95],[77.23,87.89],[77.22,87.83],[77.21,87.78],[77.2,87.72],[77.2,87.66],[77.2,87.6],[77.2,87.54],[77.2,87.48],[77.21,87.42],[77.22,87.37],[77.23,87.31],[77.24,87.25],[77.26,87.2],[77.28,87.14],[77.3,87.09],[77.32,87.03],[77.18,86.97],[77.0,86.89],[76.83,86.82],[76.65,86.75],[76.48,86.67],[76.3,86.59],[76.13,86.52],[75.96,86.44],[75.78,86.37],[75.6,86.3],[75.43,86.23],[75.25,86.16],[75.07,86.09],[74.9,86.02],[74.72,85.96],[74.54,85.9],[74.36,85.84],[74.18,85.78],[73.99,85.72],[73.81,85.67],[73.63,85.62],[73.44,85.57],[73.27,85.52],[73.1,85.47],[72.93,85.43],[72.77,85.38],[72.62,85.33],[72.48,85.29],[72.34,85.24],[72.21,85.2],[72.08,85.15],[71.95,85.11],[71.82,85.06],[71.69,85.02],[71.56,84.97],[71.43,84.93],[71.3,84.88],[71.17,84.83],[71.03,84.79],[70.9,84.75],[70.77,84.71],[70.64,84.67],[70.5,84.63],[70.37,84.59],[70.24,84.56],[70.1,84.53],[69.97,84.49],[69.83,84.45],[69.7,84.41],[69.57,84.37],[69.44,84.33],[69.31,84.28],[69.18,84.23],[69.05,84.18],[68.93,84.12],[68.82,84.06],[68.72,83.99],[68.63,83.92],[68.55,83.84],[68.48,83.75],[68.42,83.66],[68.37,83.56],[68.32,83.47],[68.26,83.37],[68.21,83.28],[68.15,83.18],[68.09,83.09],[68.03,83.0],[67.96,82.91],[67.9,82.82],[67.84,82.73],[67.77,82.64],[67.7,82.55],[67.64,82.47],[67.57,82.38],[67.5,82.29],[67.43,82.21],[67.37,82.12],[67.3,82.04],[67.22,81.95],[67.15,81.87],[67.08,81.79],[67.0,81.71],[66.93,81.63],[66.85,81.55],[66.77,81.47],[66.72,81.39],[66.68,81.32],[66.67,81.24],[66.68,81.16],[66.71,81.08],[66.76,81.0],[66.84,80.92],[66.93,80.85],[67.03,80.77],[67.12,80.69],[67.22,80.61],[67.31,80.53],[67.41,80.45],[67.5,80.37],[67.6,80.29],[67.69,80.21],[67.78,80.12],[67.88,80.04],[67.96,79.95],[68.0,79.92],[66.76,80.02],[66.74,80.03],[66.64,80.11],[66.55,80.19],[66.46,80.27],[66.36,80.34],[66.29,80.41],[66.22,80.49],[66.18,80.53],[66.14,80.59],[66.09,80.66],[66.05,80.73],[66.01,80.81],[65.98,80.88],[65.96,80.95],[65.94,81.01],[65.93,81.07],[65.92,81.15],[65.92,81.22],[65.92,81.29],[65.93,81.36],[65.94,81.44],[65.95,81.5],[65.97,81.56],[66.0,81.62],[66.03,81.7],[66.07,81.77],[66.11,81.83],[66.17,81.91],[66.2,81.96],[66.24,82.0],[66.32,82.08],[66.39,82.15],[66.46,82.22],[66.52,82.29],[66.59,82.37],[66.66,82.44],[66.72,82.52],[66.78,82.59],[66.85,82.67],[66.91,82.76],[66.98,82.84],[67.04,82.92],[67.11,83.01],[67.17,83.09],[67.23,83.17],[67.29,83.26],[67.35,83.34],[67.41,83.42],[67.46,83.5],[67.51,83.58],[67.56,83.66],[67.61,83.75],[67.66,83.83],[67.71,83.92],[67.76,84.01],[67.8,84.07],[67.86,84.17],[67.9,84.23],[67.97,84.31],[68.02,84.37],[68.1,84.45],[68.15,84.49],[68.24,84.57],[68.3,84.61],[68.4,84.68],[68.45,84.71],[68.56,84.77],[68.61,84.8],[68.73,84.86],[68.77,84.88],[68.9,84.93],[68.91,84.93],[69.04,84.98],[69.06,84.99],[69.19,85.03],[69.2,85.04],[69.33,85.08],[69.34,85.09],[69.47,85.13],[69.49,85.13],[69.62,85.17],[69.63,85.18],[69.76,85.21],[69.78,85.22],[69.91,85.25],[69.92,85.26],[70.05,85.29],[70.18,85.32],[70.3,85.35],[70.43,85.39],[70.55,85.43],[70.68,85.46],[70.8,85.5],[70.92,85.54],[71.05,85.59],[71.18,85.63],[71.31,85.68],[71.44,85.73],[71.57,85.77],[71.7,85.82],[71.84,85.86],[71.97,85.91],[72.1,85.95],[72.11,85.95],[72.24,86.0],[72.25,86.0],[72.4,86.05],[72.55,86.1],[72.56,86.1],[72.72,86.15],[72.89,86.19],[72.89,86.2],[73.07,86.24],[73.07,86.25],[73.25,86.29],[73.43,86.34],[73.61,86.39],[73.78,86.44],[73.95,86.49],[74.12,86.55],[74.3,86.61],[74.47,86.66],[74.64,86.73],[74.81,86.79],[74.98,86.86],[75.15,86.92],[75.32,86.99],[75.49,87.06],[75.66,87.13],[75.83,87.21],[76.0,87.28],[76.18,87.36],[76.35,87.43],[76.36,87.43],[76.45,87.48],[76.45,87.5],[76.45,87.53],[76.45,87.58],[76.45,87.62],[76.45,87.67],[76.45,87.7],[76.46,87.76],[76.46,87.79],[76.46,87.85],[76.47,87.88],[76.48,87.94],[76.48,87.97],[76.49,88.03],[76.5,88.06],[76.51,88.12],[76.52,88.15],[76.54,88.2],[76.54,88.23],[76.56,88.29],[76.57,88.32],[76.59,88.37],[76.6,88.4],[76.63,88.46],[76.64,88.49],[76.66,88.54],[76.68,88.57],[76.71,88.62],[76.72,88.65],[76.75,88.69],[76.77,88.72],[76.8,88.77],[76.82,88.8],[76.85,88.84],[76.87,88.87],[76.91,88.91],[76.93,88.94],[76.96,88.98],[76.99,89.01],[77.03,89.05],[77.05,89.08],[77.09,89.11],[77.12,89.14],[77.16,89.17],[77.19,89.19],[77.23,89.23],[77.26,89.25],[77.31,89.28],[77.34,89.3],[77.38,89.33],[77.42,89.35],[77.47,89.37],[77.5,89.39],[77.55,89.41],[77.59,89.43],[77.63,89.45],[77.67,89.46],[77.72,89.48],[77.76,89.49],[77.81,89.5],[77.85,89.51],[77.9,89.52],[77.94,89.53],[77.99,89.54],[78.04,89.54],[78.08,89.55],[78.13,89.55],[78.18,89.55],[78.22,89.55],[78.27,89.55],[78.32,89.55],[78.36,89.54],[78.41,89.54],[78.46,89.53],[78.5,89.52],[78.55,89.51],[78.59,89.5],[78.64,89.49],[78.68,89.48],[78.73,89.46],[78.77,89.45],[78.81,89.43],[78.85,89.41],[78.9,89.39],[78.93,89.37],[78.98,89.35],[79.02,89.33],[79.06,89.3],[79.09,89.28],[79.14,89.25],[79.17,89.23],[79.21,89.19],[79.24,89.17],[79.28,89.14],[79.31,89.11],[79.35,89.08],[79.37,89.05],[79.41,89.01],[79.44,88.98],[79.47,88.94],[79.49,88.91],[79.53,88.87],[79.55,88.84],[79.58,88.8],[79.6,88.77],[79.72,88.81],[79.73,88.81],[79.85,88.85],[79.96,88.88],[80.06,88.93],[80.17,88.97],[80.27,89.02],[80.37,89.07],[80.47,89.12],[80.57,89.18],[80.67,89.24],[80.77,89.31],[80.87,89.38],[80.97,89.45],[81.06,89.52],[81.16,89.6],[81.25,89.67],[81.34,89.75],[81.42,89.82],[81.47,89.87],[82.17,89.53],[82.13,89.49],[82.04,89.38]]]},"properties":{"l":"park","n":""}},{"type":"Feature","geometry":{"type":"Polygon","coordinates":[[[40.13,117.56],[40.17,117.5],[40.22,117.43],[40.26,117.37],[40.3,117.3],[40.34,117.23],[40.38,117.16],[40.42,117.09],[40.46,117.02],[40.5,116.96],[40.54,116.89],[40.58,116.82],[40.62,116.75],[40.66,116.68],[40.7,116.62],[40.75,116.55],[40.79,116.49],[40.84,116.42],[40.9,116.37],[40.97,116.33],[41.05,116.3],[41.14,116.29],[41.24,116.28],[41.36,116.29],[41.49,116.31],[41.62,116.34],[41.76,116.37],[41.9,116.4],[42.04,116.43],[42.18,116.46],[42.32,116.49],[42.46,116.51],[42.6,116.53],[42.74,116.56],[42.88,116.58],[43.02,116.61],[43.16,116.65],[43.3,116.68],[43.43,116.72],[43.57,116.77],[43.7,116.82],[43.83,116.87],[43.97,116.92],[44.1,116.98],[44.23,117.04],[44.36,117.1],[44.48,117.16],[44.61,117.22],[44.74,117.29],[44.86,117.36],[44.99,117.41],[45.12,117.43],[45.25,117.43],[45.38,117.41],[45.52,117.37],[45.65,117.31],[45.79,117.23],[45.94,117.12],[46.08,117.01],[46.22,116.91],[46.37,116.82],[46.52,116.72],[46.67,116.63],[46.82,116.54],[46.98,116.45],[47.13,116.37],[47.29,116.29],[47.45,116.21],[47.61,116.13],[47.77,116.05],[47.92,115.97],[48.08,115.9],[48.24,115.82],[48.4,115.75],[48.56,115.67],[48.72,115.59],[48.88,115.51],[49.04,115.43],[49.19,115.35],[49.35,115.27],[49.5,115.19],[49.66,115.1],[49.81,115.02],[49.97,114.95],[50.12,114.88],[50.28,114.81],[50.43,114.76],[50.59,114.7],[50.74,114.66],[50.9,114.62],[51.05,114.57],[51.2,114.53],[51.35,114.48],[51.51,114.43],[51.65,114.37],[51.8,114.31],[51.95,114.25],[52.1,114.19],[52.25,114.13],[52.39,114.07],[52.54,114.01],[52.69,113.96],[52.85,113.91],[53.0,113.87],[53.15,113.83],[53.31,113.79],[53.46,113.75],[53.62,113.71],[53.77,113.68],[53.93,113.64],[54.08,113.61],[54.24,113.57],[54.4,113.54],[54.55,113.51],[54.71,113.49],[54.86,113.47],[55.02,113.46],[55.18,113.47],[55.33,113.47],[55.49,113.49],[55.64,113.52],[55.79,113.55],[55.95,113.58],[56.1,113.61],[56.26,113.64],[56.41,113.67],[56.57,113.7],[56.73,113.72],[56.88,113.75],[57.04,113.77],[57.19,113.8],[57.35,113.82],[57.51,113.84],[57.66,113.85],[57.82,113.87],[57.98,113.89],[58.14,113.9],[58.29,113.92],[58.45,113.93],[58.61,113.94],[58.77,113.96],[58.92,113.97],[59.08,113.99],[59.24,114.01],[59.39,114.02],[59.55,114.04],[59.71,114.05],[59.86,114.06],[60.02,114.06],[60.18,114.05],[60.34,114.04],[60.48,114.03],[60.32,113.29],[60.28,113.3],[60.15,113.3],[60.01,113.31],[59.88,113.31],[59.75,113.3],[59.62,113.29],[59.48,113.28],[59.47,113.28],[59.32,113.26],[59.31,113.26],[59.16,113.24],[59.15,113.24],[59.0,113.23],[58.99,113.23],[58.84,113.21],[58.68,113.2],[58.52,113.18],[58.36,113.17],[58.2,113.15],[58.05,113.14],[57.9,113.13],[57.75,113.11],[57.6,113.09],[57.45,113.07],[57.3,113.05],[57.15,113.03],[57.0,113.01],[56.85,112.98],[56.7,112.96],[56.55,112.93],[56.4,112.91],[56.25,112.88],[56.1,112.85],[55.95,112.82],[55.8,112.78],[55.76,112.78],[55.61,112.75],[55.57,112.75],[55.41,112.73],[55.37,112.73],[55.22,112.72],[55.18,112.72],[55.02,112.71],[54.99,112.72],[54.83,112.72],[54.79,112.73],[54.64,112.74],[54.6,112.75],[54.44,112.77],[54.4,112.78],[54.25,112.81],[54.24,112.81],[54.09,112.84],[54.08,112.84],[53.93,112.88],[53.92,112.88],[53.77,112.91],[53.76,112.91],[53.61,112.95],[53.6,112.95],[53.45,112.98],[53.44,112.98],[53.29,113.02],[53.28,113.02],[53.13,113.06],[53.12,113.06],[52.97,113.1],[52.96,113.1],[52.8,113.15],[52.79,113.15],[52.63,113.2],[52.62,113.2],[52.47,113.25],[52.45,113.25],[52.3,113.3],[52.29,113.31],[52.14,113.36],[52.12,113.37],[51.97,113.43],[51.96,113.43],[51.81,113.49],[51.8,113.5],[51.66,113.56],[51.52,113.62],[51.39,113.67],[51.25,113.72],[51.12,113.77],[50.98,113.81],[50.84,113.85],[50.7,113.89],[50.55,113.93],[50.53,113.94],[50.37,113.99],[50.35,113.99],[50.19,114.04],[50.17,114.05],[50.02,114.11],[49.99,114.12],[49.84,114.18],[49.82,114.19],[49.66,114.26],[49.64,114.27],[49.49,114.34],[49.47,114.35],[49.31,114.43],[49.3,114.44],[49.14,114.53],[48.99,114.61],[48.84,114.69],[48.69,114.77],[48.54,114.85],[48.39,114.92],[48.24,115.0],[48.08,115.07],[47.93,115.14],[47.92,115.14],[47.76,115.22],[47.6,115.3],[47.44,115.38],[47.43,115.38],[47.27,115.46],[47.11,115.54],[46.95,115.62],[46.79,115.71],[46.78,115.71],[46.63,115.79],[46.61,115.8],[46.46,115.88],[46.45,115.89],[46.29,115.98],[46.28,115.99],[46.13,116.08],[46.12,116.09],[45.97,116.18],[45.95,116.19],[45.81,116.29],[45.79,116.3],[45.65,116.4],[45.64,116.41],[45.49,116.51],[45.48,116.52],[45.37,116.6],[45.3,116.65],[45.25,116.67],[45.22,116.68],[45.2,116.68],[45.19,116.68],[45.18,116.67],[45.1,116.63],[45.09,116.63],[44.96,116.56],[44.95,116.55],[44.82,116.49],[44.81,116.48],[44.69,116.42],[44.67,116.42],[44.55,116.36],[44.53,116.35],[44.4,116.29],[44.39,116.29],[44.26,116.23],[44.25,116.23],[44.12,116.17],[44.11,116.17],[43.97,116.12],[43.96,116.11],[43.82,116.06],[43.8,116.06],[43.67,116.01],[43.65,116.0],[43.51,115.96],[43.49,115.96],[43.36,115.92],[43.34,115.92],[43.2,115.88],[43.18,115.88],[43.04,115.85],[43.02,115.84],[42.88,115.82],[42.86,115.82],[42.72,115.79],[42.59,115.77],[42.46,115.75],[42.32,115.72],[42.19,115.7],[42.06,115.67],[41.92,115.64],[41.79,115.61],[41.65,115.58],[41.6,115.57],[41.47,115.55],[41.41,115.54],[41.29,115.54],[41.21,115.53],[41.11,115.54],[41.01,115.55],[40.92,115.57],[40.86,115.58],[40.8,115.6],[40.72,115.62],[40.65,115.65],[40.59,115.68],[40.52,115.72],[40.46,115.77],[40.39,115.81],[40.34,115.87],[40.28,115.92],[40.23,115.98],[40.18,116.05],[40.18,116.06],[40.13,116.12],[40.13,116.13],[40.08,116.2],[40.07,116.21],[40.03,116.27],[40.02,116.28],[39.98,116.35],[39.98,116.36],[39.94,116.43],[39.93,116.44],[39.89,116.51],[39.88,116.52],[39.84,116.59],[39.84,116.6],[39.8,116.66],[39.77,116.72],[39.73,116.79],[39.7,116.85],[39.66,116.91],[39.62,116.97],[39.58,117.03],[39.56,117.07],[40.02,117.73],[40.04,117.7],[40.09,117.63],[40.13,117.56]]]},"properties":{"l":"park","n":""}},{"type":"Feature","geometry":{"type":"Polygon","coordinates":[[[42.38,38.17],[45.24,19.18],[45.19,19.15],[45.06,19.07],[44.94,19.0],[44.82,18.92],[44.7,18.84],[44.59,18.75],[44.47,18.67],[44.36,18.58],[44.24,18.5],[44.13,18.41],[44.02,18.32],[43.91,18.22],[43.8,18.13],[43.7,18.03],[43.59,17.94],[43.49,17.84],[43.38,17.74],[43.28,17.64],[43.18,17.54],[43.07,17.44],[42.97,17.35],[42.86,17.25],[42.76,17.15],[42.65,17.06],[42.54,16.99],[42.43,16.92],[42.31,16.87],[42.19,16.83],[42.07,16.81],[41.94,16.79],[41.8,16.79],[41.67,16.79],[41.54,16.78],[41.41,16.78],[41.28,16.77],[41.14,16.76],[41.01,16.75],[40.88,16.73],[40.75,16.72],[40.62,16.71],[40.49,16.71],[40.36,16.71],[40.23,16.72],[40.1,16.73],[39.97,16.75],[39.84,16.78],[39.71,16.81],[39.58,16.84],[39.45,16.87],[39.32,16.89],[39.19,16.91],[39.06,16.93],[38.93,16.94],[38.8,16.96],[38.66,16.97],[38.54,16.99],[38.43,17.03],[38.33,17.08],[38.23,17.15],[38.15,17.23],[38.08,17.32],[38.02,17.43],[37.96,17.55],[37.91,17.67],[37.87,17.8],[37.82,17.92],[37.78,18.04],[37.74,18.17],[37.7,18.3],[37.66,18.42],[37.62,18.55],[37.59,18.68],[37.55,18.81],[37.51,18.93],[37.47,19.06],[37.43,19.19],[37.39,19.31],[37.35,19.44],[37.31,19.56],[37.27,19.69],[37.22,19.82],[37.18,19.94],[37.14,20.07],[37.09,20.19],[37.05,20.31],[37.0,20.44],[36.96,20.56],[36.91,20.69],[36.86,20.82],[36.81,20.95],[36.75,21.09],[36.69,21.23],[36.63,21.37],[36.57,21.51],[36.5,21.66],[36.44,21.8],[36.38,21.95],[36.32,22.1],[36.26,22.25],[36.21,22.4],[36.16,22.55],[36.11,22.7],[36.06,22.86],[36.02,23.01],[35.98,23.16],[35.94,23.32],[35.91,23.48],[35.88,23.63],[35.85,23.79],[35.83,23.95],[35.81,24.11],[35.78,24.27],[35.76,24.42],[35.73,24.58],[35.7,24.74],[35.66,24.89],[35.63,25.05],[35.59,25.2],[35.55,25.36],[35.5,25.51],[35.46,25.67],[35.42,25.82],[35.38,25.98],[35.34,26.13],[35.3,26.29],[35.26,26.45],[35.23,26.6],[35.18,26.76],[35.14,26.91],[35.09,27.06],[35.04,27.22],[34.99,27.37],[34.93,27.52],[34.87,27.66],[34.81,27.81],[34.75,27.96],[34.69,28.11],[34.63,28.26],[34.58,28.41],[34.53,28.57],[34.49,28.72],[34.44,28.87],[34.4,29.03],[34.36,29.18],[34.32,29.34],[34.28,29.49],[34.24,29.65],[34.19,29.8],[34.15,29.96],[34.11,30.11],[34.06,30.26],[34.02,30.41],[33.97,30.56],[33.93,30.71],[33.89,30.85],[33.86,31.0],[33.82,31.14],[33.79,31.27],[33.76,31.41],[33.72,31.54],[33.69,31.68],[33.65,31.81],[33.61,31.94],[33.57,32.07],[33.52,32.2],[33.48,32.33],[33.43,32.46],[33.38,32.59],[33.33,32.72],[33.28,32.85],[33.23,32.98],[33.18,33.11],[33.13,33.24],[33.07,33.37],[33.02,33.5],[32.97,33.63],[32.92,33.75],[32.87,33.88],[32.83,34.01],[32.78,34.14],[32.73,34.28],[32.69,34.41],[32.65,34.54],[32.62,34.67],[32.6,34.8],[32.6,34.93],[32.61,35.06],[32.63,35.19],[32.66,35.32],[32.7,35.44],[32.76,35.57],[32.82,35.7],[32.88,35.82],[32.94,35.95],[33.01,36.07],[33.07,36.2],[33.13,36.32],[33.2,36.45],[33.26,36.57],[33.32,36.7],[33.37,36.81],[41.76,38.79],[42.38,38.17]]]},"properties":{"l":"district","n":"Cherry Hills","t":0}},{"type":"Feature","geometry":{"type":"Polygon","coordinates":[[[56.4,34.6],[57.52,30.13],[54.43,21.85],[54.25,21.8],[54.04,21.74],[53.84,21.69],[53.63,21.65],[53.43,21.6],[53.22,21.57],[53.01,21.53],[52.8,21.51],[52.59,21.49],[52.38,21.47],[52.17,21.45],[51.96,21.42],[51.75,21.39],[51.55,21.36],[51.34,21.32],[51.13,21.27],[50.93,21.23],[50.72,21.18],[50.52,21.13],[50.34,21.08],[50.16,21.04],[49.99,21.0],[49.84,20.96],[49.69,20.92],[49.55,20.88],[49.42,20.85],[49.29,20.82],[49.16,20.78],[49.04,20.75],[48.91,20.71],[48.78,20.68],[48.65,20.65],[48.52,20.61],[48.39,20.58],[48.27,20.54],[48.14,20.5],[48.02,20.46],[47.89,20.41],[47.77,20.36],[47.65,20.31],[47.53,20.25],[47.41,20.19],[47.29,20.13],[47.17,20.08],[47.05,20.02],[46.93,19.97],[46.8,19.92],[46.68,19.87],[46.56,19.82],[46.43,19.77],[46.31,19.72],[46.19,19.66],[46.06,19.61],[45.94,19.55],[45.81,19.49],[45.69,19.43],[45.56,19.36],[45.43,19.29],[45.31,19.22],[45.24,19.18],[42.38,38.17],[56.4,34.6]]]},"properties":{"l":"district","n":"Otisburg","t":1}},{"type":"Feature","geometry":{"type":"Polygon","coordinates":[[[72.8,28.54],[72.83,28.5],[72.89,28.44],[72.95,28.38],[73.01,28.33],[73.08,28.27],[73.15,28.22],[73.21,28.17],[73.28,28.12],[73.35,28.08],[73.42,28.03],[73.49,27.98],[73.56,27.93],[73.63,27.88],[73.69,27.83],[73.76,27.78],[73.84,27.73],[73.93,27.69],[74.02,27.64],[74.13,27.61],[74.25,27.57],[74.37,27.54],[74.51,27.52],[74.66,27.49],[74.8,27.47],[74.95,27.44],[75.09,27.42],[75.24,27.4],[75.38,27.38],[75.53,27.36],[75.68,27.33],[75.82,27.31],[75.97,27.29],[76.11,27.26],[76.25,27.22],[76.39,27.18],[76.53,27.14],[76.67,27.09],[76.81,27.03],[76.94,26.97],[77.08,26.91],[77.21,26.86],[77.35,26.8],[77.48,26.74],[77.62,26.68],[77.75,26.62],[77.89,26.56],[78.03,26.5],[78.15,26.45],[78.27,26.39],[78.38,26.33],[78.49,26.28],[78.58,26.22],[78.67,26.17],[78.75,26.12],[78.82,26.07],[78.89,26.02],[78.96,25.97],[79.03,25.92],[79.1,25.87],[79.18,25.82],[79.25,25.78],[79.33,25.73],[79.4,25.69],[79.48,25.64],[79.55,25.59],[79.61,25.54],[79.68,25.49],[79.74,25.43],[79.8,25.37],[79.86,25.3],[79.92,25.23],[79.97,25.17],[80.03,25.1],[80.09,25.04],[80.15,24.97],[80.21,24.91],[80.26,24.84],[80.33,24.78],[80.39,24.72],[80.43,24.66],[80.45,24.61],[80.45,24.56],[80.44,24.51],[80.4,24.47],[80.35,24.43],[80.27,24.4],[80.18,24.37],[80.08,24.34],[79.99,24.3],[79.9,24.27],[79.81,24.23],[79.72,24.2],[79.63,24.16],[79.54,24.12],[79.45,24.08],[79.36,24.03],[79.27,23.99],[79.18,23.95],[79.09,23.9],[79.01,23.86],[78.92,23.81],[78.83,23.76],[78.75,23.72],[78.66,23.67],[78.58,23.62],[78.49,23.57],[78.41,23.52],[78.33,23.46],[78.24,23.41],[78.16,23.35],[78.08,23.3],[77.98,23.25],[77.87,23.2],[77.73,23.17],[77.58,23.14],[77.41,23.11],[77.22,23.09],[77.02,23.08],[76.8,23.08],[76.57,23.07],[76.35,23.06],[76.13,23.05],[75.9,23.03],[75.68,23.01],[75.46,22.99],[75.24,22.97],[75.02,22.94],[74.8,22.91],[74.57,22.88],[74.35,22.84],[74.13,22.81],[73.91,22.77],[73.69,22.73],[73.47,22.68],[73.26,22.63],[73.04,22.59],[72.82,22.55],[72.6,22.52],[72.37,22.49],[72.15,22.47],[71.93,22.45],[71.71,22.44],[71.48,22.43],[71.26,22.42],[71.04,22.41],[70.81,22.41],[70.59,22.4],[70.36,22.39],[70.14,22.39],[69.92,22.38],[69.69,22.37],[69.47,22.36],[69.25,22.35],[69.03,22.33],[68.8,22.3],[68.58,22.28],[68.36,22.24],[68.14,22.21],[67.92,22.16],[67.7,22.13],[67.48,22.09],[67.26,22.06],[67.04,22.03],[66.82,22.0],[66.6,21.98],[66.38,21.95],[66.15,21.94],[65.93,21.92],[65.71,21.9],[65.49,21.88],[65.26,21.86],[65.04,21.84],[64.82,21.82],[64.6,21.8],[64.38,21.78],[64.16,21.76],[63.93,21.75],[63.71,21.74],[63.49,21.73],[63.27,21.73],[63.05,21.74],[62.83,21.74],[62.61,21.76],[62.39,21.77],[62.17,21.79],[61.95,21.81],[61.74,21.83],[61.52,21.86],[61.3,21.88],[61.08,21.91],[60.86,21.94],[60.64,21.97],[60.43,22.0],[60.21,22.02],[59.99,22.05],[59.77,22.07],[59.55,22.1],[59.33,22.12],[59.11,22.14],[58.9,22.16],[58.68,22.18],[58.46,22.2],[58.24,22.23],[58.02,22.25],[57.8,22.27],[57.58,22.29],[57.37,22.32],[57.15,22.33],[56.93,22.34],[56.72,22.33],[56.51,22.32],[56.3,22.3],[56.09,22.26],[55.88,22.22],[55.68,22.17],[55.47,22.12],[55.27,22.07],[55.06,22.02],[54.86,21.96],[54.66,21.91],[54.45,21.85],[54.43,21.85],[57.52,30.13],[72.8,28.54]]]},"properties":{"l":"district","n":"Amusement Mile","t":2}},{"type":"Feature","geometry":{"type":"Polygon","coordinates":[[[60.12,40.8],[73.6,37.69],[79.64,28.2],[79.58,28.23],[79.46,28.3],[79.34,28.36],[79.22,28.43],[79.1,28.49],[78.97,28.56],[78.85,28.63],[78.73,28.69],[78.61,28.76],[78.49,28.82],[78.37,28.89],[78.25,28.94],[78.12,29.0],[77.99,29.05],[77.87,29.1],[77.74,29.15],[77.61,29.19],[77.48,29.23],[77.34,29.27],[77.21,29.32],[77.08,29.36],[76.95,29.41],[76.83,29.46],[76.7,29.51],[76.57,29.56],[76.44,29.61],[76.32,29.66],[76.19,29.69],[76.06,29.72],[75.94,29.74],[75.81,29.75],[75.69,29.76],[75.56,29.75],[75.44,29.74],[75.31,29.72],[75.19,29.71],[75.06,29.7],[74.94,29.68],[74.81,29.66],[74.69,29.65],[74.56,29.63],[74.44,29.62],[74.32,29.6],[74.19,29.59],[74.07,29.58],[73.94,29.57],[73.81,29.56],[73.69,29.55],[73.56,29.55],[73.44,29.55],[73.31,29.55],[73.19,29.54],[73.06,29.53],[72.94,29.52],[72.81,29.51],[72.69,29.5],[72.56,29.48],[72.44,29.46],[72.33,29.44],[72.26,29.41],[72.2,29.38],[72.17,29.34],[72.16,29.3],[72.18,29.25],[72.21,29.2],[72.28,29.14],[72.34,29.08],[72.4,29.02],[72.45,28.95],[72.51,28.89],[72.56,28.83],[72.62,28.76],[72.67,28.7],[72.72,28.63],[72.78,28.56],[72.8,28.54],[57.52,30.13],[56.4,34.6],[60.12,40.8]]]},"properties":{"l":"district","n":"New Town","t":3}},{"type":"Feature","geometry":{"type":"MultiPolygon","coordinates":[[[[48.45,52.33],[48.77,52.27],[49.21,52.2],[49.65,52.12],[50.08,52.05],[50.51,51.98],[50.94,51.9],[51.36,51.83],[51.4,51.82],[51.82,51.76],[51.86,51.76],[52.28,51.72],[52.32,51.72],[52.74,51.69],[52.78,51.69],[53.2,51.68],[53.23,51.68],[53.66,51.7],[53.69,51.7],[54.12,51.73],[54.15,51.73],[54.58,51.77],[54.61,51.78],[55.03,51.84],[55.44,51.89],[55.85,51.94],[56.26,51.97],[56.29,51.98],[59.11,46.82],[60.12,40.8],[56.4,34.6],[42.38,38.17],[41.76,38.79],[44.26,48.88],[48.45,52.33]]],[[[55.4,53.6],[55.24,53.58],[55.23,53.58],[54.8,53.52],[54.79,53.52],[54.38,53.46],[53.99,53.42],[53.6,53.39],[53.21,53.38],[52.82,53.39],[52.43,53.41],[52.04,53.45],[51.64,53.5],[51.24,53.57],[51.23,53.57],[50.81,53.65],[50.37,53.72],[50.37,53.73],[50.19,53.76],[53.72,56.67],[55.4,53.6]]]]},"properties":{"l":"district","n":"Burnley","t":4}},{"type":"Feature","geometry":{"type":"Polygon","coordinates":[[[59.11,46.82],[74.07,47.89],[73.6,37.69],[60.12,40.8],[59.11,46.82]]]},"properties":{"l":"district","n":"Crime Alley","t":5}},{"type":"Feature","geometry":{"type":"Polygon","coordinates":[[[56.67,52.0],[57.08,52.03],[57.49,52.04],[57.9,52.05],[59.8,52.05],[59.97,52.07],[60.13,52.11],[60.27,52.19],[60.4,52.3],[60.51,52.43],[60.59,52.57],[60.63,52.73],[60.65,52.9],[60.63,53.07],[60.59,53.23],[60.51,53.37],[60.4,53.5],[60.27,53.61],[60.13,53.69],[59.97,53.73],[59.8,53.75],[57.89,53.75],[57.87,53.75],[57.45,53.74],[57.43,53.74],[57.01,53.73],[56.99,53.73],[56.57,53.7],[56.55,53.7],[56.13,53.67],[56.11,53.67],[55.68,53.63],[55.67,53.63],[55.4,53.6],[53.72,56.67],[54.02,57.74],[78.14,63.29],[78.27,63.24],[78.43,63.16],[78.59,63.08],[78.75,63.0],[78.9,62.91],[79.06,62.82],[79.21,62.73],[79.37,62.63],[79.51,62.55],[79.64,62.47],[79.77,62.41],[79.88,62.35],[79.99,62.3],[80.08,62.26],[80.17,62.24],[80.24,62.22],[80.32,62.2],[80.39,62.18],[80.47,62.16],[80.55,62.14],[80.62,62.12],[80.65,62.11],[74.07,47.89],[59.11,46.82],[56.29,51.98],[56.67,52.0]]]},"properties":{"l":"district","n":"The Bowery","t":6}},{"type":"Feature","geometry":{"type":"Polygon","coordinates":[[[74.07,47.89],[80.65,62.11],[80.7,62.1],[80.77,62.08],[80.85,62.06],[80.92,62.03],[81.0,62.01],[81.07,61.99],[81.14,61.96],[81.22,61.94],[81.29,61.92],[81.37,61.89],[81.44,61.87],[81.52,61.84],[81.59,61.82],[81.66,61.79],[81.74,61.77],[81.81,61.74],[81.89,61.72],[81.96,61.7],[82.04,61.68],[82.12,61.67],[82.2,61.66],[82.28,61.67],[82.36,61.69],[82.45,61.72],[82.54,61.76],[82.63,61.81],[82.73,61.87],[82.83,61.93],[82.92,61.98],[83.02,62.04],[83.12,62.09],[83.22,62.14],[83.32,62.19],[83.42,62.24],[83.53,62.29],[83.63,62.33],[83.73,62.38],[83.84,62.42],[83.94,62.46],[84.05,62.51],[84.15,62.55],[84.26,62.59],[84.36,62.63],[84.47,62.66],[84.57,62.7],[84.68,62.74],[84.79,62.77],[84.9,62.8],[85.0,62.84],[85.11,62.87],[85.22,62.9],[85.33,62.92],[85.43,62.93],[85.53,62.93],[85.63,62.92],[85.72,62.91],[85.82,62.88],[85.91,62.84],[85.99,62.8],[86.08,62.76],[86.17,62.71],[86.26,62.67],[86.35,62.63],[86.44,62.59],[86.53,62.55],[86.62,62.52],[86.71,62.48],[86.8,62.44],[86.89,62.41],[86.98,62.37],[87.07,62.33],[87.16,62.29],[87.25,62.25],[87.34,62.21],[87.43,62.17],[87.52,62.13],[87.61,62.09],[87.69,62.04],[87.78,62.0],[87.87,61.95],[87.95,61.9],[88.03,61.84],[88.11,61.79],[88.18,61.73],[88.24,61.66],[88.28,61.59],[88.32,61.5],[88.33,61.41],[88.34,61.32],[88.33,61.22],[88.32,61.11],[88.29,61.0],[88.27,60.89],[88.25,60.78],[88.22,60.67],[88.19,60.56],[88.16,60.46],[88.12,60.35],[88.08,60.25],[88.05,60.14],[88.03,60.03],[88.01,59.93],[88.0,59.82],[87.99,59.71],[87.99,59.6],[87.99,59.49],[88.0,59.38],[88.01,59.27],[88.02,59.16],[88.02,59.05],[88.03,58.93],[88.03,58.82],[88.03,58.71],[88.02,58.6],[88.02,58.49],[88.0,58.39],[87.97,58.3],[87.94,58.23],[87.89,58.16],[87.82,58.11],[87.75,58.07],[87.67,58.04],[87.57,58.02],[87.48,58.0],[87.39,57.98],[87.29,57.96],[87.2,57.94],[87.1,57.92],[87.01,57.9],[86.92,57.88],[86.82,57.85],[86.73,57.83],[86.63,57.81],[86.54,57.79],[86.45,57.77],[86.35,57.75],[86.26,57.73],[86.16,57.71],[86.07,57.69],[85.97,57.67],[85.88,57.65],[85.79,57.63],[85.69,57.61],[85.6,57.58],[85.51,57.56],[85.41,57.53],[85.32,57.5],[85.24,57.47],[85.17,57.42],[85.11,57.38],[85.06,57.32],[85.02,57.26],[84.98,57.2],[84.96,57.12],[84.95,57.04],[84.94,56.96],[84.93,56.88],[84.92,56.81],[84.9,56.73],[84.89,56.65],[84.87,56.57],[84.86,56.49],[84.84,56.41],[84.82,56.34],[84.8,56.26],[84.77,56.19],[84.74,56.11],[84.71,56.04],[84.68,55.97],[84.64,55.9],[84.6,55.83],[84.56,55.76],[84.52,55.69],[84.49,55.62],[84.45,55.55],[84.41,55.47],[84.38,55.4],[84.35,55.33],[84.31,55.26],[84.29,55.17],[84.28,55.07],[84.28,54.95],[84.29,54.82],[84.3,54.68],[84.33,54.52],[84.37,54.35],[84.42,54.16],[84.47,53.97],[84.53,53.79],[84.58,53.61],[84.64,53.42],[84.71,53.24],[84.77,53.06],[84.84,52.88],[84.9,52.7],[84.97,52.51],[85.02,52.33],[85.07,52.14],[85.11,51.96],[85.14,51.77],[85.17,51.58],[85.19,51.39],[85.2,51.2],[85.21,51.0],[85.23,50.81],[85.25,50.62],[85.27,50.43],[85.3,50.24],[85.32,50.05],[85.35,49.86],[85.39,49.67],[85.41,49.48],[85.42,49.29],[85.43,49.11],[85.42,48.93],[85.4,48.75],[85.38,48.57],[85.34,48.4],[85.29,48.23],[85.25,48.06],[85.21,47.89],[85.17,47.71],[85.14,47.54],[85.11,47.37],[85.08,47.19],[85.05,47.02],[85.03,46.84],[85.01,46.67],[84.99,46.49],[84.97,46.31],[84.96,46.14],[84.94,45.96],[84.93,45.79],[84.93,45.61],[84.92,45.43],[84.92,45.26],[84.91,45.08],[84.91,44.9],[84.91,44.73],[84.9,44.55],[84.9,44.37],[84.9,44.2],[84.9,44.02],[84.9,43.84],[84.91,43.67],[84.92,43.5],[84.93,43.34],[84.95,43.17],[84.97,43.01],[84.99,42.85],[85.02,42.7],[85.04,42.54],[85.06,42.38],[85.08,42.23],[85.1,42.07],[85.11,41.91],[85.13,41.76],[85.14,41.6],[85.14,41.44],[85.16,41.28],[85.18,41.13],[85.21,40.97],[85.24,40.82],[85.28,40.67],[85.33,40.52],[85.38,40.37],[85.44,40.23],[85.49,40.08],[85.55,39.93],[85.6,39.78],[85.65,39.63],[85.7,39.48],[85.75,39.33],[85.8,39.18],[85.84,39.03],[85.89,38.88],[85.94,38.73],[85.99,38.58],[86.05,38.43],[86.1,38.28],[86.16,38.14],[86.22,37.99],[86.29,37.84],[86.35,37.7],[86.4,37.55],[86.46,37.4],[86.51,37.25],[86.56,37.1],[86.6,36.94],[86.64,36.79],[86.68,36.64],[86.72,36.48],[86.76,36.33],[86.79,36.17],[86.83,36.02],[86.86,35.86],[86.9,35.71],[86.93,35.55],[86.96,35.39],[86.99,35.24],[87.02,35.08],[87.05,34.93],[87.08,34.77],[87.11,34.61],[87.14,34.46],[87.17,34.3],[87.2,34.15],[87.22,33.99],[87.23,33.84],[87.24,33.7],[87.24,33.56],[87.23,33.42],[87.21,33.28],[87.18,33.15],[87.15,33.02],[87.12,32.89],[87.09,32.76],[87.05,32.63],[87.02,32.5],[86.99,32.37],[86.97,32.24],[86.94,32.11],[86.91,31.98],[86.88,31.85],[86.86,31.72],[86.83,31.59],[86.81,31.46],[86.79,31.32],[86.77,31.19],[86.75,31.06],[86.74,30.93],[86.72,30.79],[86.71,30.66],[86.69,30.53],[86.68,30.4],[86.67,30.26],[86.66,30.13],[86.65,30.0],[86.64,29.87],[86.62,29.74],[86.59,29.62],[86.55,29.52],[86.51,29.42],[86.45,29.33],[86.39,29.24],[86.32,29.17],[86.24,29.1],[86.16,29.03],[86.08,28.97],[86.0,28.9],[85.92,28.83],[85.84,28.77],[85.76,28.7],[85.68,28.63],[85.6,28.56],[85.52,28.5],[85.44,28.43],[85.36,28.36],[85.28,28.29],[85.2,28.23],[85.12,28.16],[85.04,28.09],[84.96,28.03],[84.87,27.96],[84.79,27.9],[84.71,27.83],[84.63,27.77],[84.55,27.7],[84.46,27.64],[84.38,27.58],[84.29,27.52],[84.2,27.46],[84.11,27.42],[84.01,27.38],[83.9,27.35],[83.79,27.32],[83.67,27.31],[83.55,27.3],[83.42,27.3],[83.29,27.3],[83.16,27.3],[83.04,27.3],[82.91,27.3],[82.78,27.3],[82.65,27.31],[82.52,27.31],[82.39,27.32],[82.27,27.33],[82.14,27.34],[82.01,27.36],[81.89,27.38],[81.77,27.41],[81.64,27.44],[81.52,27.48],[81.4,27.52],[81.28,27.56],[81.15,27.6],[81.03,27.65],[80.91,27.69],[80.79,27.73],[80.67,27.77],[80.55,27.81],[80.43,27.85],[80.3,27.9],[80.18,27.95],[80.06,28.0],[79.94,28.05],[79.82,28.11],[79.7,28.17],[79.64,28.2],[73.6,37.69],[74.07,47.89]]]},"properties":{"l":"district","n":"Robinsville","t":7}},{"type":"Feature","geometry":{"type":"MultiPolygon","coordinates":[[[[31.29,54.32],[31.26,54.32],[30.82,54.3],[30.82,54.31],[30.87,54.42],[30.9,54.5],[31.32,54.32],[31.29,54.32]]],[[[41.76,38.79],[33.37,36.81],[33.38,36.82],[33.43,36.95],[33.47,37.08],[33.51,37.21],[33.54,37.35],[33.57,37.49],[33.59,37.62],[33.62,37.76],[33.64,37.9],[33.66,38.04],[33.69,38.17],[33.72,38.31],[33.74,38.45],[33.77,38.58],[33.8,38.72],[33.82,38.85],[33.83,38.98],[33.82,39.1],[33.81,39.22],[33.79,39.33],[33.75,39.43],[33.71,39.53],[33.66,39.63],[33.6,39.72],[33.54,39.82],[33.48,39.91],[33.42,40.0],[33.36,40.09],[33.3,40.18],[33.24,40.27],[33.17,40.36],[33.1,40.45],[33.04,40.53],[32.97,40.62],[32.9,40.71],[32.83,40.79],[32.77,40.88],[32.7,40.96],[32.63,41.05],[32.56,41.13],[32.49,41.22],[32.42,41.3],[32.34,41.38],[32.27,41.47],[32.2,41.55],[32.13,41.63],[32.05,41.71],[31.98,41.79],[31.89,41.88],[31.8,41.96],[31.71,42.04],[31.61,42.12],[31.5,42.2],[31.39,42.28],[31.27,42.35],[31.15,42.43],[31.03,42.51],[30.91,42.58],[30.79,42.66],[30.67,42.73],[30.55,42.8],[30.43,42.87],[30.3,42.93],[30.18,43.01],[30.06,43.08],[29.95,43.16],[29.83,43.24],[29.72,43.33],[29.61,43.42],[29.51,43.51],[29.4,43.61],[29.3,43.71],[29.2,43.8],[29.1,43.91],[29.0,44.01],[28.91,44.11],[28.81,44.21],[28.72,44.32],[28.62,44.43],[28.54,44.53],[28.45,44.63],[28.38,44.73],[28.31,44.83],[28.24,44.92],[28.18,45.01],[28.12,45.1],[28.07,45.18],[28.02,45.27],[27.96,45.35],[27.91,45.43],[27.85,45.51],[27.79,45.59],[27.73,45.67],[27.67,45.75],[27.61,45.83],[27.55,45.9],[27.49,45.99],[27.44,46.07],[27.39,46.15],[27.35,46.24],[27.3,46.33],[27.26,46.42],[27.23,46.51],[27.19,46.6],[27.16,46.7],[27.13,46.79],[27.1,46.88],[27.07,46.98],[27.04,47.07],[27.01,47.17],[26.99,47.26],[26.97,47.36],[26.95,47.46],[26.94,47.56],[26.94,47.67],[26.93,47.77],[26.94,47.88],[26.95,47.99],[26.96,48.1],[26.98,48.21],[26.99,48.32],[27.01,48.43],[27.03,48.54],[27.06,48.65],[27.08,48.76],[27.11,48.87],[27.14,48.97],[27.17,49.08],[27.2,49.19],[27.23,49.3],[27.26,49.41],[27.28,49.51],[27.31,49.62],[27.34,49.73],[27.36,49.84],[27.39,49.95],[27.41,50.06],[27.44,50.17],[27.46,50.27],[27.48,50.38],[27.5,50.49],[27.52,50.6],[27.54,50.71],[27.57,50.83],[27.6,50.94],[27.65,51.05],[27.71,51.16],[27.78,51.28],[27.86,51.39],[27.95,51.51],[28.05,51.63],[28.16,51.74],[28.26,51.86],[28.37,51.97],[28.47,52.09],[28.58,52.2],[28.64,52.25],[28.77,52.28],[29.2,52.37],[29.62,52.46],[30.03,52.52],[30.45,52.57],[30.88,52.6],[31.32,52.62],[31.76,52.62],[32.22,52.61],[32.68,52.58],[33.16,52.53],[33.64,52.47],[34.12,52.41],[34.59,52.35],[35.05,52.27],[35.5,52.19],[35.95,52.11],[36.4,52.02],[36.84,51.92],[36.88,51.91],[37.16,51.86],[44.26,48.88],[41.76,38.79]]]]},"properties":{"l":"district","n":"Arkham Island","t":8}},{"type":"Feature","geometry":{"type":"MultiPolygon","coordinates":[[[[41.65,70.76],[41.78,70.67],[41.92,70.59],[42.06,70.51],[42.2,70.44],[42.35,70.37],[42.5,70.31],[42.66,70.25],[42.82,70.2],[42.99,70.15],[43.15,70.11],[43.33,70.08],[43.5,70.05],[43.67,70.03],[43.85,70.01],[44.02,70.0],[44.2,70.0],[44.38,70.0],[44.55,70.01],[44.73,70.03],[44.9,70.05],[45.07,70.08],[45.25,70.11],[45.41,70.15],[45.58,70.2],[45.74,70.25],[45.9,70.31],[46.05,70.37],[46.2,70.44],[46.34,70.51],[46.48,70.59],[46.62,70.67],[46.75,70.76],[46.87,70.85],[46.98,70.95],[47.01,70.97],[54.02,57.74],[53.72,56.67],[50.19,53.76],[49.94,53.8],[49.5,53.88],[49.06,53.95],[48.61,54.03],[48.17,54.1],[48.16,54.1],[47.71,54.18],[47.68,54.18],[47.23,54.24],[47.19,54.24],[46.74,54.27],[46.7,54.28],[46.25,54.29],[46.21,54.29],[45.76,54.28],[45.72,54.28],[45.27,54.26],[45.24,54.25],[44.79,54.21],[44.75,54.2],[44.3,54.13],[44.26,54.13],[43.82,54.04],[43.37,53.96],[42.92,53.88],[42.47,53.8],[42.01,53.73],[41.55,53.66],[41.09,53.59],[40.62,53.52],[40.17,53.46],[39.73,53.42],[39.3,53.4],[38.87,53.4],[38.45,53.42],[38.03,53.46],[37.61,53.51],[37.19,53.58],[36.76,53.68],[36.75,53.68],[36.29,53.78],[36.28,53.78],[35.81,53.87],[35.8,53.87],[35.33,53.95],[35.32,53.95],[34.85,54.03],[34.83,54.03],[34.35,54.1],[34.34,54.1],[33.85,54.16],[33.84,54.16],[33.35,54.22],[33.33,54.22],[32.83,54.27],[32.81,54.27],[32.31,54.31],[32.29,54.31],[31.8,54.32],[31.77,54.32],[31.32,54.32],[30.9,54.5],[30.91,54.52],[30.91,54.62],[30.9,54.72],[30.86,54.82],[30.79,54.91],[30.71,55.0],[30.62,55.08],[30.53,55.17],[30.45,55.26],[30.36,55.35],[30.27,55.44],[30.19,55.52],[30.1,55.61],[30.01,55.7],[29.93,55.79],[29.84,55.88],[29.75,55.97],[29.67,56.06],[29.58,56.14],[29.5,56.23],[29.41,56.32],[29.33,56.41],[29.24,56.5],[29.15,56.59],[29.07,56.68],[28.98,56.77],[28.89,56.85],[28.8,56.94],[28.71,57.02],[28.62,57.11],[28.52,57.2],[28.42,57.29],[28.31,57.39],[28.19,57.5],[28.07,57.61],[27.94,57.73],[27.8,57.85],[27.66,57.98],[27.6,58.03],[41.59,70.81],[41.65,70.76]]],[[[37.16,51.86],[37.33,51.83],[37.37,51.83],[37.82,51.77],[37.86,51.76],[38.32,51.72],[38.36,51.72],[38.82,51.7],[38.86,51.7],[39.32,51.7],[39.36,51.71],[39.83,51.73],[39.87,51.73],[40.34,51.77],[40.37,51.78],[40.85,51.84],[41.33,51.9],[41.33,51.91],[41.8,51.97],[41.81,51.98],[42.27,52.05],[42.28,52.05],[42.74,52.12],[42.75,52.12],[43.21,52.2],[43.67,52.29],[43.68,52.29],[44.13,52.37],[44.14,52.37],[44.57,52.46],[44.98,52.52],[45.39,52.56],[45.81,52.58],[46.22,52.59],[46.63,52.58],[47.04,52.55],[47.45,52.5],[47.88,52.42],[48.33,52.35],[48.45,52.33],[44.26,48.88],[37.16,51.86]]]]},"properties":{"l":"district","n":"Coventry","t":9}},{"type":"Feature","geometry":{"type":"Polygon","coordinates":[[[45.24,76.67],[45.28,75.08],[45.25,75.09],[45.07,75.12],[44.9,75.15],[44.73,75.17],[44.55,75.19],[44.38,75.2],[44.2,75.2],[44.02,75.2],[43.85,75.19],[43.67,75.17],[43.5,75.15],[43.33,75.12],[43.15,75.09],[42.99,75.05],[42.82,75.0],[42.66,74.95],[42.5,74.89],[42.35,74.83],[42.2,74.76],[42.06,74.69],[41.92,74.61],[41.78,74.53],[41.65,74.44],[41.53,74.35],[41.42,74.25],[41.31,74.15],[41.21,74.04],[41.11,73.94],[41.03,73.83],[40.95,73.71],[40.87,73.59],[40.81,73.48],[40.76,73.35],[40.71,73.23],[40.67,73.11],[40.64,72.98],[40.62,72.85],[40.6,72.73],[40.6,72.6],[40.6,72.47],[40.62,72.35],[40.64,72.22],[40.67,72.09],[40.71,71.97],[40.76,71.85],[40.81,71.72],[40.87,71.61],[40.95,71.49],[41.03,71.37],[41.11,71.26],[41.21,71.16],[41.31,71.05],[41.42,70.95],[41.53,70.85],[41.59,70.81],[27.6,58.03],[27.52,58.1],[27.37,58.23],[27.22,58.35],[27.07,58.47],[26.92,58.58],[26.77,58.7],[26.61,58.81],[26.45,58.92],[26.3,59.02],[26.14,59.13],[25.98,59.23],[25.81,59.33],[25.65,59.43],[25.49,59.53],[25.32,59.63],[25.16,59.73],[24.99,59.82],[24.83,59.92],[24.67,60.02],[24.5,60.12],[24.34,60.22],[24.18,60.33],[24.02,60.43],[23.86,60.53],[23.71,60.64],[23.56,60.76],[23.43,60.87],[23.3,61.0],[23.17,61.12],[23.06,61.25],[22.95,61.39],[22.85,61.53],[22.75,61.67],[22.65,61.8],[22.54,61.94],[22.43,62.07],[22.32,62.2],[22.21,62.32],[22.09,62.45],[21.97,62.57],[21.85,62.7],[21.74,62.82],[21.63,62.95],[21.52,63.08],[21.41,63.22],[21.3,63.35],[21.2,63.48],[21.1,63.62],[20.99,63.76],[20.89,63.89],[20.78,64.03],[20.67,64.16],[20.56,64.29],[20.44,64.41],[20.33,64.54],[20.21,64.66],[20.1,64.79],[19.99,64.92],[19.88,65.06],[19.78,65.2],[19.68,65.34],[19.59,65.49],[19.5,65.64],[19.42,65.8],[19.33,65.95],[19.24,66.1],[19.16,66.26],[19.07,66.41],[18.98,66.56],[18.88,66.71],[18.79,66.86],[18.7,67.01],[18.6,67.16],[18.51,67.31],[18.41,67.46],[18.32,67.61],[18.23,67.76],[18.13,67.91],[18.04,68.06],[17.95,68.21],[17.86,68.36],[17.77,68.51],[17.68,68.66],[17.59,68.82],[17.51,68.97],[17.43,69.13],[17.35,69.29],[17.27,69.44],[17.21,69.6],[17.15,69.76],[17.11,69.92],[17.07,70.07],[17.05,70.23],[17.04,70.39],[17.04,70.54],[17.06,70.69],[17.07,70.85],[17.08,71.0],[17.1,71.16],[17.12,71.31],[17.14,71.46],[17.15,71.62],[17.17,71.77],[17.2,71.92],[17.22,72.08],[17.24,72.23],[17.27,72.38],[17.3,72.54],[17.33,72.69],[17.36,72.84],[17.39,72.99],[17.43,73.14],[17.46,73.29],[17.49,73.44],[17.52,73.6],[17.54,73.75],[17.57,73.9],[17.59,74.05],[17.61,74.21],[17.63,74.36],[17.64,74.51],[17.65,74.66],[17.64,74.81],[17.63,74.96],[17.6,75.1],[17.57,75.25],[17.53,75.39],[17.48,75.53],[17.43,75.67],[17.38,75.8],[17.32,75.94],[17.26,76.07],[17.2,76.21],[17.14,76.34],[17.07,76.47],[17.0,76.6],[16.93,76.73],[16.92,76.74],[38.67,81.19],[45.24,76.67]]]},"properties":{"l":"district","n":"University District","t":10}},{"type":"Feature","geometry":{"type":"Polygon","coordinates":[[[47.09,71.05],[47.19,71.16],[47.29,71.26],[47.37,71.37],[47.45,71.49],[47.53,71.61],[47.59,71.72],[47.64,71.85],[47.69,71.97],[47.73,72.09],[47.76,72.22],[47.78,72.35],[47.8,72.47],[47.8,72.6],[47.8,72.73],[47.78,72.85],[47.76,72.98],[47.73,73.11],[47.69,73.23],[47.64,73.35],[47.59,73.48],[47.53,73.59],[47.45,73.71],[47.37,73.83],[47.29,73.94],[47.19,74.04],[47.09,74.15],[46.98,74.25],[46.87,74.35],[46.75,74.44],[46.62,74.53],[46.48,74.61],[46.34,74.69],[46.2,74.76],[46.05,74.83],[45.9,74.89],[45.74,74.95],[45.58,75.0],[45.41,75.05],[45.28,75.08],[45.24,76.67],[52.06,81.18],[68.0,79.92],[68.05,79.86],[68.14,79.78],[68.22,79.69],[68.31,79.59],[68.39,79.5],[68.47,79.41],[68.55,79.31],[68.63,79.22],[68.71,79.12],[68.79,79.03],[68.87,78.93],[68.95,78.83],[69.03,78.74],[69.11,78.65],[69.2,78.56],[69.29,78.49],[69.39,78.41],[69.49,78.35],[69.6,78.29],[69.72,78.24],[69.84,78.19],[69.96,78.14],[70.07,78.09],[70.19,78.03],[70.3,77.98],[70.42,77.92],[70.53,77.86],[70.64,77.79],[70.75,77.73],[70.86,77.66],[70.97,77.59],[71.08,77.52],[71.19,77.45],[71.29,77.38],[71.4,77.31],[71.5,77.24],[71.61,77.16],[71.71,77.09],[71.82,77.01],[71.92,76.94],[72.02,76.86],[72.13,76.79],[72.23,76.71],[72.33,76.64],[72.44,76.56],[72.54,76.49],[72.63,76.41],[72.72,76.33],[72.81,76.25],[72.89,76.17],[72.97,76.09],[73.04,76.0],[73.11,75.92],[73.18,75.83],[73.24,75.74],[73.31,75.66],[73.38,75.57],[73.44,75.48],[73.5,75.39],[73.57,75.3],[73.63,75.21],[73.69,75.13],[73.76,75.04],[73.82,74.95],[73.89,74.86],[73.95,74.77],[74.02,74.68],[74.08,74.6],[74.15,74.51],[74.22,74.42],[74.28,74.34],[74.35,74.25],[74.41,74.16],[74.48,74.07],[74.54,73.98],[74.61,73.9],[74.67,73.81],[74.73,73.71],[74.77,73.61],[74.79,73.5],[74.81,73.38],[74.81,73.25],[74.8,73.11],[74.78,72.97],[74.74,72.81],[74.71,72.66],[74.68,72.51],[74.65,72.35],[74.62,72.2],[74.59,72.05],[74.57,71.89],[74.54,71.74],[74.52,71.58],[74.5,71.43],[74.47,71.27],[74.45,71.12],[74.42,70.97],[74.4,70.81],[74.37,70.66],[74.34,70.5],[74.31,70.35],[74.29,70.2],[74.26,70.04],[74.22,69.89],[74.19,69.74],[74.15,69.58],[74.12,69.43],[74.08,69.28],[74.04,69.13],[74.01,68.98],[73.99,68.84],[73.98,68.69],[73.98,68.55],[73.99,68.42],[74.01,68.28],[74.04,68.15],[74.08,68.03],[74.12,67.9],[74.16,67.77],[74.19,67.64],[74.22,67.51],[74.26,67.38],[74.28,67.25],[74.31,67.12],[74.34,66.99],[74.36,66.86],[74.38,66.73],[74.4,66.59],[74.42,66.46],[74.44,66.33],[74.45,66.2],[74.46,66.06],[74.47,65.93],[74.48,65.8],[74.49,65.66],[74.5,65.53],[74.51,65.4],[74.53,65.26],[74.54,65.13],[74.55,65.0],[74.56,64.87],[74.59,64.74],[74.64,64.64],[74.72,64.54],[74.81,64.45],[74.92,64.38],[75.06,64.32],[75.21,64.27],[75.39,64.23],[75.56,64.19],[75.74,64.15],[75.91,64.1],[76.08,64.05],[76.26,64.0],[76.43,63.95],[76.6,63.89],[76.77,63.83],[76.94,63.77],[77.1,63.71],[77.27,63.65],[77.44,63.59],[77.61,63.52],[77.77,63.45],[77.94,63.38],[78.1,63.31],[78.14,63.29],[54.02,57.74],[47.01,70.97],[47.09,71.05]]]},"properties":{"l":"district","n":"Upper East Side","t":11}},{"type":"Feature","geometry":{"type":"Polygon","coordinates":[[[38.67,81.19],[16.92,76.74],[16.85,76.85],[16.78,76.98],[16.71,77.11],[16.63,77.24],[16.56,77.36],[16.48,77.49],[16.41,77.62],[16.33,77.74],[16.26,77.87],[16.19,78.0],[16.12,78.13],[16.04,78.25],[15.97,78.38],[15.91,78.51],[15.84,78.64],[15.77,78.78],[15.7,78.91],[15.63,79.05],[15.56,79.19],[15.5,79.34],[15.43,79.49],[15.36,79.64],[15.29,79.79],[15.22,79.94],[15.15,80.1],[15.09,80.25],[15.03,80.41],[14.97,80.57],[14.91,80.73],[14.86,80.88],[14.8,81.04],[14.75,81.2],[14.68,81.36],[14.62,81.51],[14.55,81.66],[14.47,81.81],[14.39,81.96],[14.31,82.1],[14.22,82.25],[14.13,82.39],[14.05,82.54],[13.97,82.69],[13.89,82.84],[13.82,82.99],[13.75,83.14],[13.69,83.3],[13.62,83.45],[13.57,83.61],[13.52,83.77],[13.49,83.94],[13.47,84.1],[13.45,84.27],[13.45,84.44],[13.45,84.61],[13.46,84.79],[13.48,84.96],[13.48,85.14],[13.49,85.31],[13.49,85.49],[13.49,85.66],[13.49,85.84],[13.48,86.01],[13.47,86.19],[13.46,86.36],[13.45,86.54],[13.45,86.71],[13.45,86.89],[13.45,87.06],[13.46,87.24],[13.46,87.41],[13.47,87.59],[13.48,87.76],[13.48,87.94],[13.49,88.11],[13.48,88.29],[13.48,88.46],[13.47,88.64],[13.46,88.81],[13.45,88.99],[13.44,89.16],[13.44,89.33],[13.46,89.5],[13.47,89.67],[13.5,89.83],[13.54,90.0],[13.58,90.16],[13.63,90.32],[13.69,90.48],[13.74,90.64],[13.8,90.8],[13.85,90.96],[13.91,91.12],[13.97,91.27],[14.03,91.43],[14.09,91.59],[14.16,91.74],[14.22,91.9],[14.29,92.05],[14.36,92.2],[14.44,92.35],[14.51,92.5],[14.59,92.65],[14.67,92.8],[14.75,92.95],[14.83,93.1],[14.91,93.24],[14.99,93.39],[15.08,93.54],[15.16,93.69],[15.24,93.84],[15.32,93.98],[15.39,94.13],[15.45,94.28],[15.49,94.43],[15.53,94.58],[15.55,94.73],[15.57,94.88],[15.57,95.04],[15.56,95.19],[15.55,95.34],[15.55,95.49],[15.54,95.65],[15.54,95.8],[15.54,95.95],[15.54,96.11],[15.54,96.26],[15.54,96.41],[15.54,96.57],[15.54,96.72],[15.55,96.87],[15.55,97.03],[15.56,97.18],[15.57,97.33],[15.57,97.37],[34.32,94.49],[38.67,81.19]]]},"properties":{"l":"district","n":"Upper West Side","t":0}},{"type":"Feature","geometry":{"type":"Polygon","coordinates":[[[34.32,94.49],[37.92,102.43],[57.13,101.02],[52.06,81.18],[45.24,76.67],[38.67,81.19],[34.32,94.49]],[[48.7,80.0],[48.7,80.03],[48.69,80.07],[48.69,80.1],[48.68,80.14],[48.67,80.17],[48.65,80.2],[48.64,80.24],[48.62,80.27],[48.59,80.3],[48.57,80.33],[48.54,80.36],[48.51,80.39],[48.48,80.42],[48.45,80.44],[48.42,80.47],[48.38,80.49],[48.34,80.52],[48.3,80.54],[48.26,80.56],[48.21,80.58],[48.17,80.6],[48.12,80.62],[48.07,80.63],[48.02,80.65],[47.97,80.66],[47.92,80.67],[47.87,80.68],[47.81,80.69],[47.76,80.69],[47.71,80.7],[47.65,80.7],[47.6,80.7],[47.55,80.7],[47.49,80.7],[47.44,80.69],[47.39,80.69],[47.33,80.68],[47.28,80.67],[47.23,80.66],[47.18,80.65],[47.13,80.63],[47.08,80.62],[47.03,80.6],[46.99,80.58],[46.94,80.56],[46.9,80.54],[46.86,80.52],[46.82,80.49],[46.78,80.47],[46.75,80.44],[46.72,80.42],[46.69,80.39],[46.66,80.36],[46.63,80.33],[46.61,80.3],[46.58,80.27],[46.56,80.24],[46.55,80.2],[46.53,80.17],[46.52,80.14],[46.51,80.1],[46.51,80.07],[46.5,80.03],[46.5,80.0],[46.5,79.97],[46.51,79.93],[46.51,79.9],[46.52,79.86],[46.53,79.83],[46.55,79.8],[46.56,79.76],[46.58,79.73],[46.61,79.7],[46.63,79.67],[46.66,79.64],[46.69,79.61],[46.72,79.58],[46.75,79.56],[46.78,79.53],[46.82,79.51],[46.86,79.48],[46.9,79.46],[46.94,79.44],[46.99,79.42],[47.03,79.4],[47.08,79.38],[47.13,79.37],[47.18,79.35],[47.23,79.34],[47.28,79.33],[47.33,79.32],[47.39,79.31],[47.44,79.31],[47.49,79.3],[47.55,79.3],[47.6,79.3],[47.65,79.3],[47.71,79.3],[47.76,79.31],[47.81,79.31],[47.87,79.32],[47.92,79.33],[47.97,79.34],[48.02,79.35],[48.07,79.37],[48.12,79.38],[48.17,79.4],[48.21,79.42],[48.26,79.44],[48.3,79.46],[48.34,79.48],[48.38,79.51],[48.42,79.53],[48.45,79.56],[48.48,79.58],[48.51,79.61],[48.54,79.64],[48.57,79.67],[48.59,79.7],[48.62,79.73],[48.64,79.76],[48.65,79.8],[48.67,79.83],[48.68,79.86],[48.69,79.9],[48.69,79.93],[48.7,79.97],[48.7,80.0]],[[49.6,91.57],[49.6,91.6],[49.6,91.63],[49.6,91.67],[49.59,91.7],[49.58,91.74],[49.57,91.77],[49.56,91.8],[49.54,91.84],[49.52,91.87],[49.5,91.9],[49.48,91.93],[49.46,91.96],[49.43,91.99],[49.4,92.02],[49.37,92.04],[49.34,92.07],[49.31,92.09],[49.27,92.12],[49.23,92.14],[49.2,92.16],[49.16,92.18],[49.11,92.2],[49.07,92.22],[49.03,92.23],[48.98,92.25],[48.94,92.26],[48.89,92.27],[48.84,92.28],[48.8,92.29],[48.75,92.29],[48.7,92.3],[48.65,92.3],[48.6,92.3],[48.55,92.3],[48.5,92.3],[48.45,92.29],[48.4,92.29],[48.36,92.28],[48.31,92.27],[48.26,92.26],[48.22,92.25],[48.17,92.23],[48.13,92.22],[48.09,92.2],[48.04,92.18],[48.0,92.16],[47.97,92.14],[47.93,92.12],[47.89,92.09],[47.86,92.07],[47.83,92.04],[47.8,92.02],[47.77,91.99],[47.74,91.96],[47.72,91.93],[47.7,91.9],[47.68,91.87],[47.66,91.84],[47.64,91.8],[47.63,91.77],[47.62,91.74],[47.61,91.7],[47.6,91.67],[47.6,91.63],[47.6,91.6],[47.6,91.57],[47.6,91.53],[47.61,91.5],[47.62,91.46],[47.63,91.43],[47.64,91.4],[47.66,91.36],[47.68,91.33],[47.7,91.3],[47.72,91.27],[47.74,91.24],[47.77,91.21],[47.8,91.18],[47.83,91.16],[47.86,91.13],[47.89,91.11],[47.93,91.08],[47.97,91.06],[48.0,91.04],[48.04,91.02],[48.09,91.0],[48.13,90.98],[48.17,90.97],[48.22,90.95],[48.26,90.94],[48.31,90.93],[48.36,90.92],[48.4,90.91],[48.45,90.91],[48.5,90.9],[48.55,90.9],[48.6,90.9],[48.65,90.9],[48.7,90.9],[48.75,90.91],[48.8,90.91],[48.84,90.92],[48.89,90.93],[48.94,90.94],[48.98,90.95],[49.03,90.97],[49.07,90.98],[49.11,91.0],[49.16,91.02],[49.2,91.04],[49.23,91.06],[49.27,91.08],[49.31,91.11],[49.34,91.13],[49.37,91.16],[49.4,91.18],[49.43,91.21],[49.46,91.24],[49.48,91.27],[49.5,91.3],[49.52,91.33],[49.54,91.36],[49.56,91.4],[49.57,91.43],[49.58,91.46],[49.59,91.5],[49.6,91.53],[49.6,91.57]]]},"properties":{"l":"district","n":"Diamond District","t":1}},{"type":"Feature","geometry":{"type":"Polygon","coordinates":[[[82.17,89.53],[82.13,89.49],[82.04,89.38],[81.94,89.28],[81.84,89.19],[81.73,89.1],[81.63,89.01],[81.52,88.93],[81.41,88.84],[81.3,88.76],[81.19,88.69],[81.07,88.61],[80.96,88.54],[80.84,88.47],[80.72,88.4],[80.6,88.34],[80.47,88.28],[80.35,88.23],[80.22,88.18],[80.09,88.14],[79.96,88.09],[79.83,88.05],[79.7,88.01],[79.57,87.96],[79.44,87.91],[79.32,87.86],[79.19,87.81],[79.19,87.8],[79.18,87.83],[79.17,87.89],[79.16,87.95],[79.14,88.0],[79.12,88.06],[79.1,88.11],[79.08,88.17],[79.06,88.22],[79.03,88.27],[79.0,88.31],[78.97,88.36],[78.94,88.41],[78.91,88.45],[78.87,88.49],[78.83,88.53],[78.8,88.56],[78.76,88.6],[78.71,88.63],[78.67,88.66],[78.63,88.68],[78.58,88.71],[78.54,88.73],[78.49,88.75],[78.44,88.76],[78.4,88.78],[78.35,88.79],[78.3,88.79],[78.25,88.8],[78.2,88.8],[78.15,88.8],[78.1,88.79],[78.05,88.79],[78.0,88.78],[77.96,88.76],[77.91,88.75],[77.86,88.73],[77.82,88.71],[77.77,88.68],[77.73,88.66],[77.69,88.63],[77.64,88.6],[77.6,88.56],[77.57,88.53],[77.53,88.49],[77.49,88.45],[77.46,88.41],[77.43,88.36],[77.4,88.31],[77.37,88.27],[77.34,88.22],[77.32,88.17],[77.3,88.11],[77.28,88.06],[77.26,88.0],[77.24,87.95],[77.23,87.89],[77.22,87.83],[77.21,87.78],[77.2,87.72],[77.2,87.66],[77.2,87.6],[77.2,87.54],[77.2,87.48],[77.21,87.42],[77.22,87.37],[77.23,87.31],[77.24,87.25],[77.26,87.2],[77.28,87.14],[77.3,87.09],[77.32,87.03],[77.18,86.97],[77.0,86.89],[76.83,86.82],[76.65,86.75],[76.48,86.67],[76.3,86.59],[76.13,86.52],[75.96,86.44],[75.78,86.37],[75.6,86.3],[75.43,86.23],[75.25,86.16],[75.07,86.09],[74.9,86.02],[74.72,85.96],[74.54,85.9],[74.36,85.84],[74.18,85.78],[73.99,85.72],[73.81,85.67],[73.63,85.62],[73.44,85.57],[73.27,85.52],[73.1,85.47],[72.93,85.43],[72.77,85.38],[72.62,85.33],[72.48,85.29],[72.34,85.24],[72.21,85.2],[72.08,85.15],[71.95,85.11],[71.82,85.06],[71.69,85.02],[71.56,84.97],[71.43,84.93],[71.3,84.88],[71.17,84.83],[71.03,84.79],[70.9,84.75],[70.77,84.71],[70.64,84.67],[70.5,84.63],[70.37,84.59],[70.24,84.56],[70.1,84.53],[69.97,84.49],[69.83,84.45],[69.7,84.41],[69.57,84.37],[69.44,84.33],[69.31,84.28],[69.18,84.23],[69.05,84.18],[68.93,84.12],[68.82,84.06],[68.72,83.99],[68.63,83.92],[68.55,83.84],[68.48,83.75],[68.42,83.66],[68.37,83.56],[68.32,83.47],[68.26,83.37],[68.21,83.28],[68.15,83.18],[68.09,83.09],[68.03,83.0],[67.96,82.91],[67.9,82.82],[67.84,82.73],[67.77,82.64],[67.7,82.55],[67.64,82.47],[67.57,82.38],[67.5,82.29],[67.43,82.21],[67.37,82.12],[67.3,82.04],[67.22,81.95],[67.15,81.87],[67.08,81.79],[67.0,81.71],[66.93,81.63],[66.85,81.55],[66.77,81.47],[66.72,81.39],[66.68,81.32],[66.67,81.24],[66.68,81.16],[66.71,81.08],[66.76,81.0],[66.84,80.92],[66.93,80.85],[67.03,80.77],[67.12,80.69],[67.22,80.61],[67.31,80.53],[67.41,80.45],[67.5,80.37],[67.6,80.29],[67.69,80.21],[67.78,80.12],[67.88,80.04],[67.96,79.95],[68.0,79.92],[52.06,81.18],[57.13,101.02],[57.72,101.57],[82.17,89.53]]]},"properties":{"l":"district","n":"Fashion District","t":2}},{"type":"Feature","geometry":{"type":"Polygon","coordinates":[[[60.48,114.03],[60.49,114.03],[60.65,114.01],[60.81,113.98],[60.97,113.95],[61.13,113.93],[61.28,113.9],[61.44,113.87],[61.6,113.84],[61.75,113.81],[61.91,113.78],[62.07,113.75],[62.22,113.71],[62.38,113.67],[62.53,113.63],[62.68,113.58],[62.83,113.53],[62.98,113.47],[63.13,113.42],[63.28,113.35],[63.43,113.29],[63.58,113.23],[63.72,113.17],[63.87,113.11],[64.02,113.06],[64.17,113.0],[64.32,112.94],[64.47,112.89],[64.63,112.84],[64.79,112.79],[64.96,112.75],[65.14,112.71],[65.32,112.67],[65.51,112.64],[65.7,112.61],[65.9,112.58],[66.1,112.55],[66.3,112.52],[66.5,112.49],[66.7,112.45],[66.9,112.41],[67.09,112.37],[67.29,112.33],[67.49,112.28],[67.68,112.24],[67.88,112.2],[68.08,112.17],[68.28,112.15],[68.48,112.12],[68.68,112.11],[68.88,112.09],[69.08,112.08],[69.28,112.08],[69.49,112.07],[69.69,112.06],[69.89,112.05],[70.09,112.05],[70.29,112.04],[70.49,112.03],[70.69,112.02],[70.89,112.01],[71.09,111.98],[71.29,111.94],[71.49,111.89],[71.68,111.83],[71.87,111.75],[72.06,111.67],[72.25,111.57],[72.44,111.48],[72.63,111.39],[72.83,111.31],[73.02,111.22],[73.22,111.14],[73.41,111.06],[73.61,110.98],[73.81,110.91],[74.01,110.84],[74.21,110.77],[74.41,110.7],[74.61,110.63],[74.81,110.56],[75.01,110.49],[75.21,110.43],[75.41,110.36],[75.61,110.3],[75.82,110.25],[76.02,110.2],[76.23,110.15],[76.44,110.11],[76.65,110.07],[76.85,110.03],[77.06,110.0],[77.26,109.96],[77.45,109.9],[77.63,109.83],[77.8,109.75],[77.96,109.65],[78.11,109.54],[78.24,109.41],[78.37,109.27],[78.5,109.13],[78.62,108.99],[78.74,108.84],[78.86,108.7],[78.98,108.55],[79.09,108.4],[79.21,108.25],[79.32,108.1],[79.43,107.94],[79.54,107.79],[79.65,107.64],[79.75,107.48],[79.85,107.32],[79.96,107.16],[80.06,107.0],[80.15,106.84],[80.25,106.68],[80.35,106.52],[80.45,106.36],[80.55,106.2],[80.65,106.04],[80.75,105.88],[80.85,105.72],[80.95,105.56],[81.04,105.4],[81.13,105.24],[81.22,105.08],[81.29,104.92],[81.37,104.76],[81.43,104.6],[81.49,104.44],[81.55,104.28],[81.61,104.12],[81.66,103.96],[81.72,103.8],[81.78,103.64],[81.85,103.48],[81.91,103.33],[81.97,103.17],[82.04,103.01],[82.1,102.86],[82.17,102.7],[82.23,102.54],[82.3,102.39],[82.36,102.23],[82.43,102.07],[82.49,101.92],[82.56,101.76],[82.63,101.6],[82.69,101.45],[82.76,101.29],[82.84,101.14],[82.91,100.99],[82.98,100.83],[83.06,100.68],[83.13,100.53],[83.2,100.38],[83.27,100.22],[83.33,100.06],[83.38,99.9],[83.43,99.74],[83.48,99.57],[83.52,99.4],[83.55,99.23],[83.58,99.06],[83.61,98.89],[83.63,98.72],[83.66,98.54],[83.68,98.37],[83.69,98.2],[83.71,98.03],[83.72,97.85],[83.73,97.68],[83.75,97.51],[83.76,97.33],[83.78,97.16],[83.8,96.99],[83.82,96.81],[83.84,96.64],[83.86,96.47],[83.88,96.3],[83.9,96.12],[83.93,95.95],[83.96,95.78],[83.98,95.61],[84.02,95.44],[84.05,95.27],[84.08,95.1],[84.1,94.93],[84.11,94.76],[84.11,94.6],[84.1,94.44],[84.07,94.28],[84.03,94.12],[83.98,93.97],[83.92,93.81],[83.85,93.66],[83.79,93.51],[83.72,93.36],[83.64,93.21],[83.57,93.07],[83.49,92.92],[83.41,92.78],[83.33,92.63],[83.26,92.49],[83.19,92.34],[83.13,92.19],[83.07,92.03],[83.02,91.88],[82.97,91.72],[82.93,91.56],[82.9,91.4],[82.86,91.24],[82.82,91.08],[82.78,90.92],[82.73,90.76],[82.68,90.6],[82.63,90.45],[82.57,90.29],[82.51,90.14],[82.45,89.99],[82.37,89.85],[82.3,89.72],[82.22,89.6],[82.17,89.53],[57.72,101.57],[60.48,114.03]],[[67.0,109.96],[67.0,110.0],[67.0,110.04],[66.99,110.08],[66.98,110.12],[66.97,110.16],[66.96,110.19],[66.94,110.23],[66.92,110.27],[66.89,110.31],[66.87,110.34],[66.83,110.38],[66.8,110.41],[66.76,110.44],[66.72,110.48],[66.68,110.51],[66.64,110.54],[66.59,110.57],[66.54,110.59],[66.49,110.62],[66.43,110.64],[66.38,110.67],[66.32,110.69],[66.26,110.71],[66.2,110.72],[66.14,110.74],[66.07,110.75],[66.01,110.77],[65.94,110.78],[65.87,110.78],[65.81,110.79],[65.74,110.8],[65.67,110.8],[65.6,110.8],[65.53,110.8],[65.46,110.8],[65.39,110.79],[65.33,110.78],[65.26,110.78],[65.19,110.77],[65.13,110.75],[65.06,110.74],[65.0,110.72],[64.94,110.71],[64.88,110.69],[64.82,110.67],[64.77,110.64],[64.71,110.62],[64.66,110.59],[64.61,110.57],[64.56,110.54],[64.52,110.51],[64.48,110.48],[64.44,110.44],[64.4,110.41],[64.37,110.38],[64.33,110.34],[64.31,110.31],[64.28,110.27],[64.26,110.23],[64.24,110.19],[64.23,110.16],[64.22,110.12],[64.21,110.08],[64.2,110.04],[64.2,110.0],[64.2,109.96],[64.21,109.92],[64.22,109.88],[64.23,109.84],[64.24,109.81],[64.26,109.77],[64.28,109.73],[64.31,109.69],[64.33,109.66],[64.37,109.62],[64.4,109.59],[64.44,109.56],[64.48,109.52],[64.52,109.49],[64.56,109.46],[64.61,109.43],[64.66,109.41],[64.71,109.38],[64.77,109.36],[64.82,109.33],[64.88,109.31],[64.94,109.29],[65.0,109.28],[65.06,109.26],[65.13,109.25],[65.19,109.23],[65.26,109.22],[65.33,109.22],[65.39,109.21],[65.46,109.2],[65.53,109.2],[65.6,109.2],[65.67,109.2],[65.74,109.2],[65.81,109.21],[65.87,109.22],[65.94,109.22],[66.01,109.23],[66.07,109.25],[66.14,109.26],[66.2,109.28],[66.26,109.29],[66.32,109.31],[66.38,109.33],[66.43,109.36],[66.49,109.38],[66.54,109.41],[66.59,109.43],[66.64,109.46],[66.68,109.49],[66.72,109.52],[66.76,109.56],[66.8,109.59],[66.83,109.62],[66.87,109.66],[66.89,109.69],[66.92,109.73],[66.94,109.77],[66.96,109.81],[66.97,109.84],[66.98,109.88],[66.99,109.92],[67.0,109.96]]]},"properties":{"l":"district","n":"City Hall District","t":3}},{"type":"Feature","geometry":{"type":"Polygon","coordinates":[[[37.92,102.43],[34.32,94.49],[15.57,97.37],[15.57,97.49],[15.58,97.64],[15.59,97.79],[15.59,97.94],[15.6,98.1],[15.6,98.25],[15.6,98.4],[15.6,98.56],[15.6,98.71],[15.6,98.86],[15.61,99.01],[15.62,99.16],[15.64,99.31],[15.66,99.45],[15.69,99.59],[15.72,99.73],[15.76,99.86],[15.81,99.99],[15.86,100.12],[15.91,100.25],[15.96,100.38],[16.01,100.51],[16.07,100.63],[16.13,100.76],[16.19,100.88],[16.26,101.01],[16.32,101.13],[16.37,101.26],[16.42,101.39],[16.46,101.52],[16.5,101.65],[16.54,101.78],[16.57,101.92],[16.59,102.06],[16.62,102.19],[16.65,102.33],[16.68,102.46],[16.71,102.6],[16.75,102.73],[16.78,102.87],[16.82,103.0],[16.86,103.13],[16.91,103.27],[16.96,103.4],[17.03,103.54],[17.1,103.67],[17.17,103.81],[17.26,103.95],[17.35,104.09],[17.45,104.23],[17.55,104.36],[17.65,104.5],[17.75,104.64],[17.85,104.78],[17.95,104.92],[18.06,105.05],[18.16,105.19],[18.26,105.33],[18.37,105.46],[18.48,105.59],[18.59,105.73],[18.7,105.85],[18.81,105.98],[18.93,106.11],[19.05,106.23],[19.17,106.35],[19.29,106.47],[19.41,106.6],[19.53,106.72],[19.64,106.84],[19.76,106.97],[19.88,107.1],[19.99,107.22],[20.1,107.35],[20.21,107.48],[20.31,107.61],[20.41,107.73],[20.5,107.86],[20.58,107.99],[20.66,108.11],[20.73,108.24],[20.8,108.36],[20.87,108.49],[20.94,108.61],[21.01,108.73],[21.08,108.85],[21.16,108.97],[21.23,109.09],[21.31,109.21],[21.39,109.33],[21.47,109.44],[21.56,109.55],[21.64,109.66],[21.73,109.77],[21.82,109.88],[21.92,109.99],[22.02,110.09],[22.11,110.19],[22.21,110.29],[22.32,110.39],[22.42,110.49],[22.52,110.58],[22.62,110.68],[22.72,110.78],[22.83,110.87],[22.93,110.97],[23.02,111.06],[23.08,111.16],[23.12,111.26],[23.14,111.37],[23.14,111.47],[23.12,111.58],[23.07,111.68],[23.01,111.79],[22.94,111.9],[22.88,112.02],[22.82,112.13],[22.75,112.24],[22.69,112.35],[22.63,112.46],[22.57,112.57],[22.51,112.69],[22.45,112.8],[22.39,112.91],[22.36,112.95],[35.67,111.42],[37.92,102.43]]]},"properties":{"l":"district","n":"Chinatown","t":4}},{"type":"Feature","geometry":{"type":"Polygon","coordinates":[[[40.04,117.7],[40.09,117.63],[40.13,117.56],[40.17,117.5],[40.22,117.43],[40.26,117.37],[40.3,117.3],[40.34,117.23],[40.38,117.16],[40.42,117.09],[40.46,117.02],[40.5,116.96],[40.54,116.89],[40.58,116.82],[40.62,116.75],[40.66,116.68],[40.7,116.62],[40.75,116.55],[40.79,116.49],[40.84,116.42],[40.9,116.37],[40.97,116.33],[41.05,116.3],[41.14,116.29],[41.24,116.28],[41.36,116.29],[41.49,116.31],[41.62,116.34],[41.76,116.37],[41.9,116.4],[42.04,116.43],[42.18,116.46],[42.32,116.49],[42.46,116.51],[42.6,116.53],[42.74,116.56],[42.88,116.58],[43.02,116.61],[43.16,116.65],[43.3,116.68],[43.43,116.72],[43.57,116.77],[43.7,116.82],[43.83,116.87],[43.97,116.92],[44.1,116.98],[44.23,117.04],[44.36,117.1],[44.48,117.16],[44.61,117.22],[44.74,117.29],[44.86,117.36],[44.99,117.41],[45.12,117.43],[45.25,117.43],[45.38,117.41],[45.52,117.37],[45.65,117.31],[45.79,117.23],[45.94,117.12],[46.08,117.01],[46.22,116.91],[46.37,116.82],[46.52,116.72],[46.67,116.63],[46.82,116.54],[46.98,116.45],[47.13,116.37],[47.29,116.29],[47.45,116.21],[47.61,116.13],[47.77,116.05],[47.92,115.97],[48.08,115.9],[48.24,115.82],[48.4,115.75],[48.56,115.67],[48.72,115.59],[48.88,115.51],[49.04,115.43],[49.19,115.35],[49.35,115.27],[49.5,115.19],[49.66,115.1],[49.81,115.02],[49.97,114.95],[50.12,114.88],[50.28,114.81],[50.43,114.76],[50.59,114.7],[50.74,114.66],[50.9,114.62],[51.05,114.57],[51.2,114.53],[51.35,114.48],[51.51,114.43],[51.65,114.37],[51.8,114.31],[51.95,114.25],[52.1,114.19],[52.25,114.13],[52.39,114.07],[52.54,114.01],[52.69,113.96],[52.85,113.91],[53.0,113.87],[53.15,113.83],[53.31,113.79],[53.46,113.75],[53.62,113.71],[53.77,113.68],[53.93,113.64],[54.08,113.61],[54.24,113.57],[54.4,113.54],[54.55,113.51],[54.71,113.49],[54.86,113.47],[55.02,113.46],[55.18,113.47],[55.33,113.47],[55.49,113.49],[55.64,113.52],[55.79,113.55],[55.95,113.58],[56.1,113.61],[56.26,113.64],[56.41,113.67],[56.57,113.7],[56.73,113.72],[56.88,113.75],[57.04,113.77],[57.19,113.8],[57.35,113.82],[57.51,113.84],[57.66,113.85],[57.82,113.87],[57.98,113.89],[58.14,113.9],[58.29,113.92],[58.45,113.93],[58.61,113.94],[58.77,113.96],[58.92,113.97],[59.08,113.99],[59.24,114.01],[59.39,114.02],[59.55,114.04],[59.71,114.05],[59.86,114.06],[60.02,114.06],[60.18,114.05],[60.34,114.04],[60.48,114.03],[57.72,101.57],[57.13,101.02],[37.92,102.43],[35.67,111.42],[40.02,117.73],[40.04,117.7]]]},"properties":{"l":"district","n":"Old Gotham","t":5}},{"type":"Feature","geometry":{"type":"Polygon","coordinates":[[[22.36,112.95],[22.32,113.02],[22.26,113.13],[22.19,113.24],[22.13,113.35],[22.06,113.46],[21.99,113.56],[21.92,113.67],[21.85,113.78],[21.78,113.89],[21.72,113.99],[21.65,114.1],[21.58,114.21],[21.51,114.32],[21.44,114.42],[21.37,114.55],[21.31,114.68],[21.24,114.83],[21.18,115.0],[21.12,115.17],[21.06,115.37],[21.0,115.57],[20.94,115.8],[20.88,116.02],[20.82,116.24],[20.76,116.46],[20.69,116.67],[20.62,116.89],[20.55,117.11],[20.48,117.33],[20.41,117.54],[20.34,117.76],[20.27,117.98],[20.21,118.2],[20.15,118.42],[20.09,118.64],[20.04,118.86],[19.99,119.09],[19.94,119.31],[19.89,119.53],[19.83,119.75],[19.77,119.97],[19.7,120.19],[19.63,120.41],[19.56,120.63],[19.48,120.84],[19.39,121.05],[19.33,121.26],[19.28,121.47],[19.24,121.68],[19.22,121.88],[19.22,122.08],[19.24,122.28],[19.27,122.48],[19.32,122.67],[19.36,122.86],[19.4,123.06],[19.44,123.25],[19.48,123.45],[19.51,123.64],[19.54,123.84],[19.57,124.04],[19.59,124.23],[19.61,124.43],[19.63,124.63],[19.64,124.83],[19.65,125.03],[19.66,125.22],[19.66,125.42],[19.66,125.62],[19.66,125.82],[19.65,126.02],[19.66,126.22],[19.66,126.42],[19.67,126.61],[19.68,126.81],[19.7,127.01],[19.71,127.21],[19.73,127.41],[19.76,127.59],[19.8,127.76],[19.85,127.91],[19.91,128.05],[19.98,128.17],[20.06,128.27],[20.15,128.36],[20.25,128.44],[20.35,128.52],[20.44,128.59],[20.54,128.67],[20.64,128.75],[20.74,128.82],[20.84,128.9],[20.93,128.98],[21.03,129.06],[21.13,129.14],[21.22,129.22],[21.31,129.3],[21.4,129.39],[21.49,129.47],[21.58,129.56],[21.67,129.65],[21.75,129.74],[21.84,129.84],[21.92,129.93],[22.0,130.03],[22.07,130.13],[22.15,130.23],[22.22,130.33],[22.29,130.43],[22.36,130.53],[22.44,130.62],[22.55,130.69],[22.66,130.74],[22.8,130.78],[22.95,130.79],[23.11,130.79],[23.29,130.77],[23.49,130.74],[23.69,130.7],[23.89,130.67],[24.09,130.64],[24.29,130.62],[24.49,130.59],[24.69,130.57],[24.89,130.56],[25.09,130.54],[25.29,130.53],[25.49,130.52],[25.69,130.51],[25.9,130.5],[26.1,130.5],[26.3,130.49],[26.5,130.49],[26.7,130.48],[26.9,130.48],[27.1,130.47],[27.31,130.45],[27.51,130.44],[27.71,130.41],[27.91,130.39],[28.11,130.36],[28.3,130.32],[28.5,130.28],[28.7,130.25],[28.9,130.21],[29.1,130.16],[29.3,130.12],[29.5,130.07],[29.7,130.03],[29.9,129.98],[30.1,129.93],[30.3,129.89],[30.5,129.85],[30.7,129.81],[30.9,129.78],[31.11,129.75],[31.31,129.72],[31.51,129.7],[31.72,129.68],[31.92,129.65],[32.12,129.63],[32.33,129.6],[32.53,129.57],[32.73,129.54],[32.94,129.5],[33.14,129.47],[33.34,129.43],[33.54,129.39],[33.74,129.34],[33.94,129.29],[34.14,129.23],[34.33,129.17],[34.53,129.11],[34.72,129.04],[34.9,128.96],[35.07,128.88],[35.22,128.79],[35.36,128.69],[35.49,128.58],[35.61,128.46],[35.71,128.34],[35.79,128.21],[35.88,128.08],[35.97,127.94],[36.05,127.81],[36.13,127.67],[36.21,127.54],[36.29,127.4],[36.37,127.26],[36.44,127.12],[36.52,126.99],[36.6,126.85],[36.69,126.72],[36.77,126.59],[36.86,126.46],[36.95,126.33],[37.04,126.2],[37.14,126.07],[37.23,125.95],[37.33,125.82],[37.42,125.69],[37.51,125.56],[37.61,125.44],[37.7,125.31],[37.79,125.18],[37.88,125.05],[37.96,124.91],[38.04,124.77],[38.1,124.61],[38.16,124.45],[38.21,124.27],[38.25,124.09],[38.28,123.9],[38.3,123.7],[38.32,123.49],[38.35,123.29],[38.38,123.09],[38.41,122.89],[38.44,122.69],[38.48,122.5],[38.52,122.3],[38.56,122.1],[38.6,121.9],[38.64,121.7],[38.68,121.5],[38.72,121.31],[38.76,121.11],[38.8,120.91],[38.84,120.71],[38.88,120.51],[38.93,120.31],[38.98,120.12],[39.03,119.92],[39.09,119.73],[39.15,119.54],[39.21,119.34],[39.28,119.15],[39.35,118.96],[39.42,118.79],[39.48,118.63],[39.55,118.49],[39.61,118.36],[39.66,118.25],[39.72,118.16],[39.77,118.08],[39.81,118.02],[39.86,117.95],[39.91,117.89],[39.95,117.83],[40.0,117.76],[40.02,117.73],[35.67,111.42],[22.36,112.95]]]},"properties":{"l":"district","n":"Tricorner","t":6}},{"type":"Feature","geometry":{"type":"Polygon","coordinates":[[[129.52,-9.61],[114.29,-26.73],[115.9,-6.68],[121.99,-3.82],[129.52,-9.61]]]},"properties":{"l":"district","n":"Central Business District","t":7,"k":"outer"}},{"type":"Feature","geometry":{"type":"MultiPolygon","coordinates":[[[[115.9,-6.68],[113.38,-3.83],[113.43,-3.62],[113.74,-2.65],[114.11,-1.66],[114.11,-1.65],[114.45,-0.72],[114.46,-0.71],[114.77,0.16],[114.77,0.17],[115.05,0.98],[115.3,1.73],[115.3,1.74],[115.52,2.43],[115.71,3.06],[115.71,3.07],[115.84,3.53],[115.98,3.5],[116.17,3.46],[116.36,3.41],[116.56,3.37],[116.75,3.32],[116.94,3.28],[117.14,3.23],[117.33,3.18],[117.53,3.13],[117.73,3.07],[117.94,3.02],[118.0,3.0],[118.06,2.99],[118.16,2.97],[118.39,2.91],[118.62,2.86],[118.86,2.8],[119.11,2.75],[119.36,2.69],[119.6,2.64],[119.85,2.59],[120.1,2.55],[120.35,2.5],[120.6,2.46],[120.84,2.42],[121.09,2.38],[121.34,2.34],[121.59,2.3],[121.84,2.26],[122.09,2.23],[122.34,2.19],[122.59,2.16],[122.85,2.12],[123.1,2.08],[123.29,2.06],[121.99,-3.82],[115.9,-6.68]]],[[[109.95,6.01],[110.02,5.97],[110.21,5.87],[110.39,5.77],[110.58,5.68],[110.77,5.58],[110.95,5.49],[111.14,5.4],[111.33,5.31],[111.52,5.22],[111.71,5.13],[111.89,5.04],[112.08,4.95],[112.26,4.86],[112.44,4.77],[112.62,4.67],[112.79,4.58],[112.97,4.49],[113.15,4.4],[113.33,4.32],[113.51,4.24],[113.69,4.16],[113.88,4.09],[114.06,4.02],[114.25,3.95],[114.44,3.89],[114.63,3.83],[114.82,3.77],[114.97,3.73],[114.85,3.31],[114.66,2.7],[114.45,2.01],[114.2,1.27],[113.92,0.46],[113.61,-0.41],[113.27,-1.34],[112.89,-2.34],[112.88,-2.37],[112.67,-3.03],[103.25,7.65],[109.95,6.01]]]]},"properties":{"l":"district","n":"Waterloo Docks","t":8,"k":"outer"}},{"type":"Feature","geometry":{"type":"Polygon","coordinates":[[[129.52,-9.61],[129.53,-9.6],[140.0,-13.53],[140.0,-28.0],[113.76,-28.0],[114.29,-26.73],[129.52,-9.61]]]},"properties":{"l":"district","n":"Avalon Heights","t":9,"k":"outer"}},{"type":"Feature","geometry":{"type":"Polygon","coordinates":[[[129.52,-9.61],[121.99,-3.82],[123.29,2.06],[123.35,2.05],[123.6,2.03],[123.85,2.01],[124.1,1.99],[124.36,1.98],[124.61,1.98],[124.86,1.98],[125.11,1.98],[125.37,1.98],[125.62,1.96],[125.86,1.92],[126.11,1.88],[126.36,1.82],[126.6,1.75],[126.84,1.67],[127.08,1.58],[127.33,1.49],[127.57,1.4],[127.82,1.32],[128.06,1.25],[128.31,1.18],[128.56,1.11],[128.81,1.05],[129.07,1.0],[129.32,0.94],[129.57,0.89],[129.82,0.83],[130.08,0.77],[130.33,0.71],[130.58,0.65],[130.83,0.59],[131.08,0.53],[131.33,0.47],[131.58,0.41],[131.83,0.36],[132.09,0.31],[132.34,0.26],[132.42,0.24],[129.53,-9.6],[129.52,-9.61]]]},"properties":{"l":"district","n":"Halyard Square","t":10,"k":"outer"}},{"type":"Feature","geometry":{"type":"Polygon","coordinates":[[[132.42,0.24],[132.6,0.21],[132.85,0.17],[133.11,0.13],[133.33,0.1],[133.52,0.07],[133.68,0.05],[133.81,0.03],[133.9,0.01],[133.97,0.0],[134.0,0.0],[140.0,-0.05],[140.0,-13.53],[129.53,-9.6],[132.42,0.24]]]},"properties":{"l":"district","n":"Port's Park","t":11,"k":"outer"}},{"type":"Feature","geometry":{"type":"MultiPolygon","coordinates":[[[[112.57,-3.37],[112.56,-3.39],[112.31,-4.39],[112.31,-4.42],[112.12,-5.42],[112.12,-5.44],[111.99,-6.44],[111.99,-6.47],[111.93,-7.47],[111.93,-7.5],[111.93,-8.5],[111.93,-8.53],[111.99,-9.53],[111.99,-9.56],[112.11,-10.54],[112.16,-11.53],[112.13,-12.56],[112.02,-13.63],[111.84,-14.73],[111.58,-15.86],[111.24,-17.02],[110.83,-18.22],[110.33,-19.46],[110.32,-19.49],[109.91,-20.77],[109.91,-20.8],[109.59,-22.11],[109.59,-22.15],[109.37,-23.49],[109.36,-23.52],[109.24,-24.9],[109.24,-24.93],[109.21,-26.33],[109.21,-26.36],[109.27,-27.8],[109.27,-27.83],[109.29,-28.0],[100.0,-28.0],[101.0,8.2],[103.25,7.65],[112.67,-3.03],[112.57,-3.37]]],[[[114.29,-26.73],[113.76,-28.0],[110.19,-28.0],[110.17,-27.75],[110.11,-26.34],[110.14,-24.96],[110.26,-23.62],[110.47,-22.31],[110.78,-21.03],[111.17,-19.78],[111.67,-18.54],[111.68,-18.52],[112.1,-17.3],[112.1,-17.28],[112.45,-16.09],[112.45,-16.07],[112.72,-14.91],[112.73,-14.89],[112.91,-13.76],[112.92,-13.73],[113.03,-12.64],[113.03,-12.61],[113.06,-11.54],[113.06,-11.51],[113.01,-10.48],[113.01,-10.44],[112.89,-9.46],[112.83,-8.49],[112.83,-7.51],[112.89,-6.54],[113.01,-5.57],[113.19,-4.6],[113.38,-3.83],[115.9,-6.68],[114.29,-26.73]]]]},"properties":{"l":"district","n":"Fort Joseph","t":0,"k":"outer"}},{"type":"Feature","geometry":{"type":"Polygon","coordinates":[[[-9.25,18.75],[-8.75,23.25],[-7.16,26.5],[-5.68,27.61],[-5.55,27.61],[-5.33,27.63],[-5.1,27.65],[-4.88,27.67],[-4.66,27.7],[-4.45,27.74],[-4.24,27.78],[-4.03,27.83],[-3.83,27.88],[-3.64,27.94],[-3.44,28.0],[-3.26,28.07],[-3.08,28.14],[-2.91,28.22],[-2.75,28.3],[-2.59,28.39],[-2.44,28.48],[-2.31,28.57],[-2.18,28.67],[-2.05,28.77],[-1.94,28.87],[-1.84,28.97],[-1.79,29.04],[-0.72,29.25],[4.13,28.75],[7.84,27.41],[10.41,25.24],[11.85,22.23],[12.15,18.38],[10.96,15.45],[8.29,13.45],[4.13,12.37],[-1.52,12.23],[-5.64,13.24],[-8.21,15.41],[-9.25,18.75]]]},"properties":{"l":"district","n":"Bristol","t":1,"k":"outer"}},{"type":"Feature","geometry":{"type":"Polygon","coordinates":[[[96.8,63.5],[96.8,72.5],[98.5,79.13],[101.9,83.38],[107.0,85.25],[113.8,84.75],[118.78,82.13],[121.93,77.38],[123.25,70.5],[122.75,61.5],[120.8,54.88],[117.4,50.63],[112.55,48.75],[106.25,49.25],[101.53,51.88],[98.38,56.63],[96.8,63.5]]]},"properties":{"l":"district","n":"Burnside","t":2,"k":"outer"}},{"type":"Feature","geometry":{"type":"Polygon","coordinates":[[[18.86,30.51],[18.78,30.58],[18.71,30.67],[18.64,30.76],[18.59,30.88],[18.55,31.0],[18.51,31.15],[18.49,31.3],[18.46,31.46],[18.43,31.61],[18.4,31.77],[18.37,31.92],[18.34,32.08],[18.3,32.23],[18.26,32.39],[18.22,32.54],[18.19,32.69],[18.15,32.85],[18.12,33.0],[18.09,33.16],[18.07,33.31],[18.05,33.47],[18.03,33.63],[18.01,33.78],[18.0,33.94],[17.99,34.1],[17.98,34.26],[17.98,34.41],[17.98,34.57],[17.98,34.73],[17.98,34.89],[17.98,35.05],[17.99,35.2],[18.01,35.36],[18.03,35.52],[18.05,35.67],[18.08,35.83],[18.11,35.98],[18.15,36.14],[18.19,36.29],[18.23,36.45],[18.27,36.6],[18.31,36.76],[18.34,36.91],[18.38,37.07],[18.41,37.22],[18.45,37.38],[18.48,37.53],[18.51,37.69],[18.55,37.85],[18.58,38.0],[18.61,38.16],[18.64,38.32],[18.67,38.47],[18.7,38.63],[18.73,38.79],[18.76,38.94],[18.79,39.1],[18.82,39.26],[18.84,39.41],[18.87,39.57],[18.89,39.73],[18.91,39.89],[18.93,40.05],[18.96,40.19],[18.99,40.32],[19.03,40.44],[19.08,40.55],[19.13,40.65],[19.19,40.73],[19.26,40.8],[19.34,40.85],[19.41,40.91],[19.49,40.96],[19.56,41.02],[19.64,41.07],[19.71,41.13],[19.79,41.18],[19.86,41.24],[19.94,41.29],[20.01,41.35],[20.09,41.41],[20.16,41.47],[20.23,41.53],[20.3,41.59],[20.36,41.66],[20.43,41.72],[20.49,41.79],[20.56,41.86],[20.62,41.93],[20.68,42.0],[20.75,42.07],[20.81,42.14],[20.87,42.21],[20.93,42.28],[20.99,42.35],[21.05,42.41],[21.11,42.45],[21.18,42.47],[21.25,42.48],[21.31,42.47],[21.38,42.45],[21.45,42.41],[21.52,42.35],[21.6,42.3],[21.67,42.24],[21.74,42.18],[21.81,42.13],[21.88,42.07],[21.95,42.01],[22.01,41.95],[22.08,41.89],[22.15,41.83],[22.22,41.78],[22.3,41.72],[22.37,41.67],[22.45,41.63],[22.52,41.58],[22.6,41.54],[22.68,41.5],[22.76,41.45],[22.84,41.41],[22.93,41.37],[23.01,41.33],[23.09,41.29],[23.16,41.24],[23.24,41.2],[23.32,41.15],[23.4,41.1],[23.47,41.03],[23.54,40.95],[23.6,40.86],[23.66,40.75],[23.71,40.63],[23.76,40.5],[23.81,40.36],[23.86,40.22],[23.9,40.08],[23.95,39.94],[24.0,39.8],[24.05,39.66],[24.1,39.52],[24.15,39.38],[24.2,39.24],[24.25,39.1],[24.29,38.95],[24.33,38.81],[24.36,38.67],[24.39,38.52],[24.42,38.38],[24.44,38.23],[24.46,38.08],[24.48,37.93],[24.5,37.78],[24.52,37.64],[24.55,37.49],[24.58,37.34],[24.61,37.2],[24.64,37.05],[24.68,36.91],[24.71,36.76],[24.73,36.61],[24.75,36.46],[24.77,36.31],[24.78,36.16],[24.79,36.01],[24.79,35.85],[24.79,35.69],[24.78,35.54],[24.77,35.38],[24.76,35.22],[24.74,35.07],[24.72,34.91],[24.7,34.76],[24.68,34.6],[24.65,34.45],[24.62,34.29],[24.59,34.14],[24.57,33.98],[24.54,33.83],[24.52,33.67],[24.49,33.51],[24.47,33.36],[24.45,33.2],[24.43,33.05],[24.41,32.89],[24.4,32.74],[24.39,32.58],[24.38,32.42],[24.38,32.27],[24.38,32.11],[24.38,31.95],[24.38,31.8],[24.36,31.67],[24.33,31.55],[24.29,31.44],[24.24,31.34],[24.18,31.25],[24.1,31.18],[24.02,31.11],[23.93,31.05],[23.85,30.98],[23.77,30.91],[23.69,30.84],[23.61,30.77],[23.53,30.69],[23.46,30.62],[23.38,30.54],[23.31,30.46],[23.23,30.39],[23.16,30.31],[23.08,30.24],[23.0,30.17],[22.92,30.09],[22.85,30.02],[22.77,29.95],[22.69,29.88],[22.6,29.81],[22.52,29.75],[22.44,29.68],[22.36,29.61],[22.27,29.55],[22.19,29.48],[22.1,29.42],[22.01,29.37],[21.92,29.33],[21.83,29.31],[21.74,29.3],[21.64,29.3],[21.55,29.32],[21.45,29.35],[21.35,29.39],[21.25,29.44],[21.15,29.48],[21.05,29.53],[20.95,29.57],[20.85,29.62],[20.75,29.67],[20.66,29.72],[20.56,29.76],[20.46,29.81],[20.36,29.86],[20.26,29.91],[20.16,29.95],[20.06,30.0],[19.96,30.04],[19.86,30.08],[19.76,30.12],[19.66,30.17],[19.56,30.21],[19.46,30.25],[19.36,30.29],[19.26,30.33],[19.16,30.37],[19.06,30.42],[18.95,30.46],[18.86,30.51]]]},"properties":{"l":"district","n":"The Narrows","t":3}},{"type":"Feature","geometry":{"type":"Polygon","coordinates":[[[61.96,118.48],[61.86,118.54],[61.76,118.62],[61.68,118.69],[61.62,118.78],[61.57,118.87],[61.54,118.97],[61.52,119.08],[61.51,119.18],[61.5,119.29],[61.49,119.4],[61.48,119.5],[61.47,119.61],[61.47,119.72],[61.47,119.82],[61.47,119.93],[61.47,120.04],[61.46,120.15],[61.45,120.25],[61.44,120.36],[61.43,120.46],[61.41,120.57],[61.39,120.68],[61.37,120.78],[61.35,120.89],[61.33,120.99],[61.31,121.1],[61.3,121.2],[61.28,121.31],[61.27,121.41],[61.25,121.52],[61.24,121.63],[61.24,121.73],[61.24,121.84],[61.26,121.95],[61.28,122.06],[61.31,122.18],[61.35,122.29],[61.4,122.4],[61.46,122.52],[61.51,122.64],[61.57,122.75],[61.64,122.86],[61.7,122.97],[61.76,123.09],[61.83,123.2],[61.9,123.31],[61.97,123.42],[62.03,123.53],[62.1,123.64],[62.16,123.75],[62.22,123.86],[62.28,123.98],[62.34,124.09],[62.39,124.21],[62.45,124.33],[62.5,124.44],[62.56,124.56],[62.62,124.67],[62.68,124.78],[62.75,124.89],[62.81,125.01],[62.88,125.11],[62.95,125.22],[63.03,125.33],[63.12,125.43],[63.21,125.54],[63.31,125.64],[63.42,125.74],[63.54,125.84],[63.66,125.94],[63.79,126.04],[63.92,126.14],[64.05,126.23],[64.18,126.33],[64.31,126.43],[64.44,126.53],[64.58,126.63],[64.71,126.73],[64.84,126.82],[64.97,126.92],[65.1,127.02],[65.23,127.11],[65.37,127.21],[65.5,127.3],[65.64,127.39],[65.77,127.48],[65.91,127.57],[66.05,127.66],[66.19,127.74],[66.33,127.82],[66.48,127.9],[66.62,127.97],[66.77,128.04],[66.92,128.11],[67.07,128.17],[67.22,128.23],[67.38,128.27],[67.53,128.31],[67.69,128.33],[67.85,128.34],[68.01,128.34],[68.17,128.33],[68.34,128.32],[68.5,128.29],[68.66,128.27],[68.83,128.25],[68.99,128.22],[69.15,128.19],[69.31,128.15],[69.47,128.12],[69.63,128.08],[69.79,128.04],[69.95,128.01],[70.11,127.97],[70.27,127.94],[70.44,127.91],[70.6,127.88],[70.76,127.86],[70.92,127.83],[71.09,127.81],[71.25,127.79],[71.41,127.76],[71.57,127.74],[71.74,127.72],[71.9,127.7],[72.06,127.68],[72.23,127.66],[72.38,127.63],[72.53,127.58],[72.68,127.52],[72.81,127.45],[72.94,127.35],[73.06,127.25],[73.18,127.13],[73.29,126.99],[73.4,126.86],[73.51,126.73],[73.62,126.6],[73.73,126.46],[73.85,126.33],[73.96,126.2],[74.07,126.07],[74.19,125.95],[74.3,125.82],[74.42,125.68],[74.53,125.55],[74.64,125.42],[74.74,125.28],[74.85,125.14],[74.95,125.01],[75.06,124.87],[75.16,124.73],[75.27,124.59],[75.38,124.46],[75.49,124.33],[75.61,124.2],[75.72,124.07],[75.84,123.95],[75.97,123.83],[76.07,123.7],[76.16,123.58],[76.22,123.46],[76.27,123.34],[76.3,123.21],[76.31,123.09],[76.3,122.97],[76.27,122.84],[76.25,122.72],[76.23,122.59],[76.21,122.47],[76.19,122.34],[76.17,122.22],[76.16,122.09],[76.15,121.97],[76.15,121.84],[76.14,121.71],[76.13,121.59],[76.12,121.46],[76.11,121.33],[76.11,121.21],[76.1,121.08],[76.09,120.95],[76.08,120.83],[76.06,120.7],[76.05,120.58],[76.03,120.45],[76.01,120.33],[75.99,120.2],[75.96,120.08],[75.94,119.95],[75.91,119.83],[75.86,119.72],[75.8,119.61],[75.73,119.52],[75.65,119.43],[75.55,119.35],[75.43,119.29],[75.31,119.23],[75.17,119.18],[75.03,119.13],[74.89,119.08],[74.75,119.03],[74.61,118.97],[74.47,118.92],[74.33,118.86],[74.19,118.8],[74.05,118.75],[73.92,118.68],[73.78,118.62],[73.65,118.56],[73.52,118.49],[73.39,118.42],[73.26,118.35],[73.13,118.27],[73.0,118.19],[72.87,118.12],[72.75,118.03],[72.62,117.95],[72.5,117.87],[72.38,117.78],[72.25,117.7],[72.13,117.61],[72.02,117.52],[71.89,117.43],[71.76,117.36],[71.62,117.3],[71.47,117.24],[71.32,117.19],[71.16,117.15],[70.99,117.12],[70.82,117.1],[70.64,117.08],[70.47,117.06],[70.29,117.05],[70.12,117.04],[69.94,117.03],[69.76,117.03],[69.59,117.03],[69.41,117.03],[69.24,117.03],[69.06,117.03],[68.89,117.02],[68.71,117.01],[68.54,117.0],[68.36,116.98],[68.19,116.96],[68.01,116.94],[67.84,116.92],[67.66,116.91],[67.49,116.89],[67.31,116.88],[67.14,116.86],[66.96,116.85],[66.79,116.84],[66.61,116.83],[66.44,116.83],[66.28,116.83],[66.11,116.84],[65.95,116.86],[65.8,116.89],[65.65,116.92],[65.5,116.96],[65.36,117.0],[65.22,117.05],[65.08,117.1],[64.94,117.15],[64.8,117.2],[64.66,117.26],[64.53,117.32],[64.39,117.38],[64.26,117.45],[64.12,117.51],[63.99,117.58],[63.86,117.64],[63.72,117.7],[63.59,117.77],[63.45,117.83],[63.32,117.9],[63.19,117.96],[63.05,118.03],[62.92,118.09],[62.78,118.15],[62.64,118.21],[62.51,118.26],[62.37,118.32],[62.23,118.37],[62.09,118.42],[61.96,118.48]]]},"properties":{"l":"district","n":"Blackgate Isle","t":4}},{"type":"Feature","geometry":{"type":"Polygon","coordinates":[[[46.66,120.13],[46.59,120.17],[46.53,120.21],[46.48,120.26],[46.45,120.32],[46.43,120.38],[46.43,120.44],[46.43,120.51],[46.44,120.58],[46.44,120.65],[46.45,120.72],[46.45,120.79],[46.46,120.85],[46.46,120.92],[46.46,120.99],[46.46,121.06],[46.46,121.13],[46.46,121.2],[46.46,121.27],[46.46,121.34],[46.46,121.41],[46.47,121.48],[46.47,121.55],[46.47,121.62],[46.48,121.68],[46.48,121.75],[46.49,121.82],[46.5,121.89],[46.51,121.96],[46.52,122.03],[46.54,122.09],[46.55,122.16],[46.57,122.23],[46.6,122.29],[46.64,122.34],[46.69,122.4],[46.74,122.45],[46.81,122.49],[46.88,122.53],[46.96,122.57],[47.04,122.61],[47.11,122.65],[47.19,122.7],[47.27,122.74],[47.34,122.79],[47.42,122.83],[47.49,122.88],[47.57,122.93],[47.64,122.98],[47.72,123.02],[47.79,123.06],[47.87,123.1],[47.95,123.13],[48.04,123.16],[48.12,123.19],[48.2,123.21],[48.29,123.23],[48.38,123.25],[48.46,123.27],[48.55,123.29],[48.63,123.31],[48.72,123.32],[48.81,123.34],[48.89,123.35],[48.98,123.36],[49.08,123.37],[49.17,123.37],[49.27,123.38],[49.37,123.37],[49.48,123.37],[49.58,123.36],[49.69,123.35],[49.8,123.34],[49.91,123.32],[50.02,123.31],[50.13,123.3],[50.24,123.28],[50.35,123.27],[50.46,123.26],[50.56,123.24],[50.67,123.23],[50.78,123.21],[50.89,123.19],[51.0,123.17],[51.1,123.14],[51.21,123.12],[51.32,123.09],[51.42,123.06],[51.53,123.02],[51.63,122.99],[51.74,122.95],[51.84,122.92],[51.94,122.88],[52.04,122.84],[52.15,122.8],[52.25,122.75],[52.33,122.71],[52.41,122.66],[52.47,122.6],[52.52,122.55],[52.56,122.49],[52.59,122.42],[52.6,122.36],[52.6,122.29],[52.6,122.22],[52.61,122.15],[52.61,122.08],[52.61,122.01],[52.61,121.94],[52.62,121.87],[52.62,121.81],[52.63,121.74],[52.63,121.67],[52.64,121.6],[52.64,121.53],[52.65,121.46],[52.66,121.39],[52.67,121.32],[52.67,121.25],[52.68,121.19],[52.69,121.12],[52.7,121.05],[52.71,120.98],[52.72,120.91],[52.73,120.84],[52.74,120.78],[52.75,120.71],[52.76,120.64],[52.76,120.58],[52.74,120.52],[52.71,120.47],[52.66,120.42],[52.6,120.38],[52.53,120.34],[52.44,120.31],[52.34,120.29],[52.24,120.27],[52.14,120.24],[52.04,120.21],[51.93,120.19],[51.83,120.16],[51.73,120.13],[51.63,120.11],[51.53,120.08],[51.43,120.05],[51.33,120.02],[51.23,119.99],[51.13,119.96],[51.03,119.93],[50.93,119.9],[50.83,119.87],[50.73,119.83],[50.63,119.8],[50.53,119.76],[50.43,119.73],[50.33,119.69],[50.23,119.65],[50.13,119.62],[50.04,119.58],[49.94,119.54],[49.84,119.51],[49.75,119.49],[49.65,119.47],[49.55,119.47],[49.45,119.47],[49.35,119.48],[49.25,119.5],[49.16,119.53],[49.06,119.56],[48.96,119.59],[48.86,119.61],[48.76,119.64],[48.66,119.66],[48.55,119.68],[48.45,119.7],[48.35,119.72],[48.25,119.74],[48.15,119.76],[48.05,119.78],[47.95,119.8],[47.85,119.82],[47.74,119.84],[47.64,119.86],[47.54,119.89],[47.44,119.91],[47.34,119.93],[47.24,119.96],[47.14,119.98],[47.04,120.01],[46.94,120.04],[46.84,120.07],[46.75,120.1],[46.66,120.13]]]},"properties":{"l":"district","n":"Paris Island","t":5}},{"type":"Feature","geometry":{"type":"LineString","coordinates":[[39.59,17.72],[40.3,18.02],[41.63,18.47],[42.31,18.65],[43.31,18.86]]},"properties":{"l":"road","c":"street"}},{"type":"Feature","geometry":{"type":"LineString","coordinates":[[38.48,18.72],[39.24,19.0],[39.91,19.22],[41.28,19.55],[42.68,19.78],[44.98,20.1]]},"properties":{"l":"road","c":"street"}},{"type":"Feature","geometry":{"type":"LineString","coordinates":[[38.14,19.83],[38.91,20.04],[40.29,20.33],[43.8,20.84],[44.84,21.04]]},"properties":{"l":"road","c":"street"}},{"type":"Feature","geometry":{"type":"LineString","coordinates":[[37.75,20.94],[39.26,21.21],[41.38,21.5],[42.78,21.73],[43.46,21.88],[44.66,22.23]]},"properties":{"l":"road","c":"street"}},{"type":"Feature","geometry":{"type":"LineString","coordinates":[[37.36,21.87],[40.38,22.29],[41.77,22.56],[43.12,22.95],[44.47,23.47]]},"properties":{"l":"road","c":"street"}},{"type":"Feature","geometry":{"type":"LineString","coordinates":[[37.05,22.62],[39.43,22.97],[40.81,23.27],[41.48,23.46],[42.8,23.94],[44.3,24.65]]},"properties":{"l":"road","c":"street"}},{"type":"Feature","geometry":{"type":"LineString","coordinates":[[36.79,23.49],[38.43,23.76],[39.8,24.11],[40.46,24.33],[41.76,24.85],[43.03,25.48],[44.09,26.05]]},"properties":{"l":"road","c":"street"}},{"type":"Feature","geometry":{"type":"LineString","coordinates":[[36.66,24.28],[38.16,24.62],[38.83,24.82],[40.14,25.32],[41.41,25.93],[43.9,27.26]]},"properties":{"l":"road","c":"street"}},{"type":"Feature","geometry":{"type":"LineString","coordinates":[[36.43,25.43],[37.75,25.87],[39.04,26.44],[42.18,28.09],[43.67,28.78]]},"properties":{"l":"road","c":"street"}},{"type":"Feature","geometry":{"type":"LineString","coordinates":[[36.09,26.73],[37.3,27.26],[41.08,29.23],[42.37,29.77],[43.47,30.13]]},"properties":{"l":"road","c":"street"}},{"type":"Feature","geometry":{"type":"LineString","coordinates":[[35.72,27.88],[38.78,29.49],[40.06,30.1],[41.37,30.6],[42.04,30.81],[43.32,31.11]]},"properties":{"l":"road","c":"street"}},{"type":"Feature","geometry":{"type":"LineString","coordinates":[[35.29,29.07],[37.76,30.37],[39.05,30.95],[39.7,31.2],[41.05,31.59],[41.73,31.75],[43.19,31.99]]},"properties":{"l":"road","c":"street"}},{"type":"Feature","geometry":{"type":"LineString","coordinates":[[34.89,30.52],[36.68,31.43],[37.98,31.95],[38.65,32.17],[39.33,32.35],[40.71,32.63],[43.04,32.96]]},"properties":{"l":"road","c":"street"}},{"type":"Feature","geometry":{"type":"LineString","coordinates":[[34.57,31.73],[35.68,32.24],[36.33,32.5],[37.67,32.92],[39.04,33.22],[42.92,33.8]]},"properties":{"l":"road","c":"street"}},{"type":"Feature","geometry":{"type":"LineString","coordinates":[[34.21,32.84],[35.34,33.27],[36.69,33.66],[38.08,33.93],[41.6,34.44],[42.78,34.69]]},"properties":{"l":"road","c":"street"}},{"type":"Feature","geometry":{"type":"LineString","coordinates":[[33.81,33.86],[35.03,34.23],[35.72,34.38],[37.11,34.63],[39.23,34.92],[40.63,35.15],[41.99,35.48],[42.63,35.68]]},"properties":{"l":"road","c":"street"}},{"type":"Feature","geometry":{"type":"LineString","coordinates":[[33.47,34.87],[34.74,35.15],[38.25,35.66],[39.64,35.92],[40.99,36.3],[41.65,36.53],[42.45,36.86]]},"properties":{"l":"road","c":"street"}},{"type":"Feature","geometry":{"type":"LineString","coordinates":[[33.95,36.01],[36.55,36.38],[37.94,36.63],[38.62,36.8],[39.29,37.0],[40.6,37.5],[42.14,38.23]]},"properties":{"l":"road","c":"street"}},{"type":"Feature","geometry":{"type":"LineString","coordinates":[[41.49,36.2],[41.12,38.51]]},"properties":{"l":"road","c":"street"}},{"type":"Feature","geometry":{"type":"LineString","coordinates":[[44.15,25.59],[43.5,27.02]]},"properties":{"l":"road","c":"street"}},{"type":"Feature","geometry":{"type":"LineString","coordinates":[[43.5,27.02],[42.04,29.77],[41.42,31.09]]},"properties":{"l":"road","c":"street"}},{"type":"Feature","geometry":{"type":"LineString","coordinates":[[41.42,31.09],[40.95,32.36],[40.75,33.03],[40.44,34.4],[40.21,35.84]]},"properties":{"l":"road","c":"street"}},{"type":"Feature","geometry":{"type":"LineString","coordinates":[[40.21,35.84],[39.88,38.22]]},"properties":{"l":"road","c":"street"}},{"type":"Feature","geometry":{"type":"LineString","coordinates":[[44.25,19.58],[44.03,20.84],[43.87,21.52],[43.46,22.86],[42.93,24.16],[42.22,25.59]]},"properties":{"l":"road","c":"street"}},{"type":"Feature","geometry":{"type":"LineString","coordinates":[[42.22,25.59],[40.97,27.95],[40.39,29.23],[39.92,30.55],[39.74,31.23],[39.49,32.43]]},"properties":{"l":"road","c":"street"}},{"type":"Feature","geometry":{"type":"LineString","coordinates":[[39.49,32.43],[38.92,36.26]]},"properties":{"l":"road","c":"street"}},{"type":"Feature","geometry":{"type":"LineString","coordinates":[[38.92,36.26],[38.56,37.91]]},"properties":{"l":"road","c":"street"}},{"type":"Feature","geometry":{"type":"LineString","coordinates":[[43.0,18.85],[42.79,19.7],[42.59,20.37],[42.09,21.68],[41.48,22.95],[40.04,25.67]]},"properties":{"l":"road","c":"street"}},{"type":"Feature","geometry":{"type":"LineString","coordinates":[[38.73,29.16],[38.53,30.1],[38.23,32.11]]},"properties":{"l":"road","c":"street"}},{"type":"Feature","geometry":{"type":"LineString","coordinates":[[38.23,32.11],[38.02,33.62],[37.76,35.0],[37.39,36.36],[36.96,37.53]]},"properties":{"l":"road","c":"street"}},{"type":"Feature","geometry":{"type":"LineString","coordinates":[[41.72,17.66],[41.44,18.52],[41.19,19.18],[40.79,20.06]]},"properties":{"l":"road","c":"street"}},{"type":"Feature","geometry":{"type":"LineString","coordinates":[[40.79,20.06],[38.94,23.6],[38.36,24.89],[38.1,25.6]]},"properties":{"l":"road","c":"street"}},{"type":"Feature","geometry":{"type":"LineString","coordinates":[[36.73,32.85],[36.47,33.85],[36.0,35.17],[35.72,35.82],[35.09,37.09]]},"properties":{"l":"road","c":"street"}},{"type":"Feature","geometry":{"type":"LineString","coordinates":[[39.43,17.75],[37.73,20.99]]},"properties":{"l":"road","c":"street"}},{"type":"Feature","geometry":{"type":"LineString","coordinates":[[36.1,26.69],[35.85,28.49],[35.62,29.84]]},"properties":{"l":"road","c":"street"}},{"type":"Feature","geometry":{"type":"LineString","coordinates":[[35.62,29.84],[35.26,31.25],[35.04,31.91],[34.58,33.05]]},"properties":{"l":"road","c":"street"}},{"type":"Feature","geometry":{"type":"LineString","coordinates":[[34.58,33.05],[34.2,33.85],[33.53,35.15]]},"properties":{"l":"road","c":"street"}},{"type":"Feature","geometry":{"type":"LineString","coordinates":[[45.08,21.05],[47.95,21.35]]},"properties":{"l":"road","c":"street"}},{"type":"Feature","geometry":{"type":"LineString","coordinates":[[44.95,21.95],[54.72,22.98]]},"properties":{"l":"road","c":"street"}},{"type":"Feature","geometry":{"type":"LineString","coordinates":[[44.81,22.88],[55.09,23.96]]},"properties":{"l":"road","c":"street"}},{"type":"Feature","geometry":{"type":"LineString","coordinates":[[44.65,23.93],[55.5,25.07]]},"properties":{"l":"road","c":"street"}},{"type":"Feature","geometry":{"type":"LineString","coordinates":[[44.51,24.83],[55.86,26.02]]},"properties":{"l":"road","c":"street"}},{"type":"Feature","geometry":{"type":"LineString","coordinates":[[44.34,25.97],[56.31,27.22]]},"properties":{"l":"road","c":"street"}},{"type":"Feature","geometry":{"type":"LineString","coordinates":[[44.21,26.82],[56.64,28.13]]},"properties":{"l":"road","c":"street"}},{"type":"Feature","geometry":{"type":"LineString","coordinates":[[44.08,27.71],[57.0,29.07]]},"properties":{"l":"road","c":"street"}},{"type":"Feature","geometry":{"type":"LineString","coordinates":[[43.95,28.57],[57.33,29.98]]},"properties":{"l":"road","c":"street"}},{"type":"Feature","geometry":{"type":"LineString","coordinates":[[43.78,29.65],[57.16,31.05]]},"properties":{"l":"road","c":"street"}},{"type":"Feature","geometry":{"type":"LineString","coordinates":[[43.64,30.59],[56.93,31.99]]},"properties":{"l":"road","c":"street"}},{"type":"Feature","geometry":{"type":"LineString","coordinates":[[43.49,31.58],[56.69,32.96]]},"properties":{"l":"road","c":"street"}},{"type":"Feature","geometry":{"type":"LineString","coordinates":[[43.35,32.51],[56.45,33.89]]},"properties":{"l":"road","c":"street"}},{"type":"Feature","geometry":{"type":"LineString","coordinates":[[43.2,33.54],[55.13,34.8]]},"properties":{"l":"road","c":"street"}},{"type":"Feature","geometry":{"type":"LineString","coordinates":[[43.05,34.5],[52.42,35.49]]},"properties":{"l":"road","c":"street"}},{"type":"Feature","geometry":{"type":"LineString","coordinates":[[42.92,35.4],[49.88,36.13]]},"properties":{"l":"road","c":"street"}},{"type":"Feature","geometry":{"type":"LineString","coordinates":[[42.77,36.37],[47.15,36.83]]},"properties":{"l":"road","c":"street"}},{"type":"Feature","geometry":{"type":"LineString","coordinates":[[42.63,37.3],[44.53,37.5]]},"properties":{"l":"road","c":"street"}},{"type":"Feature","geometry":{"type":"LineString","coordinates":[[55.22,24.31],[55.04,26.07]]},"properties":{"l":"road","c":"street"}},{"type":"Feature","geometry":{"type":"LineString","coordinates":[[54.31,32.98],[54.09,35.06]]},"properties":{"l":"road","c":"street"}},{"type":"Feature","geometry":{"type":"LineString","coordinates":[[53.55,22.52],[53.25,25.4]]},"properties":{"l":"road","c":"street"}},{"type":"Feature","geometry":{"type":"LineString","coordinates":[[53.25,25.4],[52.7,30.59]]},"properties":{"l":"road","c":"street"}},{"type":"Feature","geometry":{"type":"LineString","coordinates":[[52.7,30.59],[52.18,35.55]]},"properties":{"l":"road","c":"street"}},{"type":"Feature","geometry":{"type":"LineString","coordinates":[[51.94,22.29],[51.69,24.61]]},"properties":{"l":"road","c":"street"}},{"type":"Feature","geometry":{"type":"LineString","coordinates":[[51.69,24.61],[51.23,29.0]]},"properties":{"l":"road","c":"street"}},{"type":"Feature","geometry":{"type":"LineString","coordinates":[[51.23,29.0],[50.62,34.82]]},"properties":{"l":"road","c":"street"}},{"type":"Feature","geometry":{"type":"LineString","coordinates":[[50.62,34.82],[50.5,35.98]]},"properties":{"l":"road","c":"street"}},{"type":"Feature","geometry":{"type":"LineString","coordinates":[[50.48,22.01],[49.99,26.65]]},"properties":{"l":"road","c":"street"}},{"type":"Feature","geometry":{"type":"LineString","coordinates":[[49.99,26.65],[49.6,30.4]]},"properties":{"l":"road","c":"street"}},{"type":"Feature","geometry":{"type":"LineString","coordinates":[[49.6,30.4],[49.09,35.21]]},"properties":{"l":"road","c":"street"}},{"type":"Feature","geometry":{"type":"LineString","coordinates":[[48.86,21.6],[48.27,27.23]]},"properties":{"l":"road","c":"street"}},{"type":"Feature","geometry":{"type":"LineString","coordinates":[[48.27,27.23],[47.6,33.58]]},"properties":{"l":"road","c":"street"}},{"type":"Feature","geometry":{"type":"LineString","coordinates":[[47.6,33.58],[47.26,36.8]]},"properties":{"l":"road","c":"street"}},{"type":"Feature","geometry":{"type":"LineString","coordinates":[[47.25,21.08],[47.11,22.38]]},"properties":{"l":"road","c":"street"}},{"type":"Feature","geometry":{"type":"LineString","coordinates":[[46.4,29.15],[45.78,35.11]]},"properties":{"l":"road","c":"street"}},{"type":"Feature","geometry":{"type":"LineString","coordinates":[[45.78,35.11],[45.55,37.23]]},"properties":{"l":"road","c":"street"}},{"type":"Feature","geometry":{"type":"LineString","coordinates":[[45.64,21.15],[45.0,27.22]]},"properties":{"l":"road","c":"street"}},{"type":"Feature","geometry":{"type":"LineString","coordinates":[[45.0,27.22],[44.59,31.09]]},"properties":{"l":"road","c":"street"}},{"type":"Feature","geometry":{"type":"LineString","coordinates":[[44.59,31.09],[44.21,34.74]]},"properties":{"l":"road","c":"street"}},{"type":"Feature","geometry":{"type":"LineString","coordinates":[[44.21,34.74],[43.9,37.65]]},"properties":{"l":"road","c":"street"}},{"type":"Feature","geometry":{"type":"LineString","coordinates":[[55.1,23.31],[66.64,22.1]]},"properties":{"l":"road","c":"street"}},{"type":"Feature","geometry":{"type":"LineString","coordinates":[[55.59,24.62],[73.28,22.76]]},"properties":{"l":"road","c":"street"}},{"type":"Feature","geometry":{"type":"LineString","coordinates":[[56.06,25.89],[78.24,23.55]]},"properties":{"l":"road","c":"street"}},{"type":"Feature","geometry":{"type":"LineString","coordinates":[[56.59,27.3],[80.12,24.82]]},"properties":{"l":"road","c":"street"}},{"type":"Feature","geometry":{"type":"LineString","coordinates":[[57.09,28.65],[77.79,26.47]]},"properties":{"l":"road","c":"street"}},{"type":"Feature","geometry":{"type":"LineString","coordinates":[[57.55,29.86],[72.93,28.24]]},"properties":{"l":"road","c":"street"}},{"type":"Feature","geometry":{"type":"LineString","coordinates":[[79.15,24.06],[79.31,25.6]]},"properties":{"l":"road","c":"street"}},{"type":"Feature","geometry":{"type":"LineString","coordinates":[[76.81,23.2],[77.16,26.54]]},"properties":{"l":"road","c":"street"}},{"type":"Feature","geometry":{"type":"LineString","coordinates":[[75.26,25.54],[75.44,27.25]]},"properties":{"l":"road","c":"street"}},{"type":"Feature","geometry":{"type":"LineString","coordinates":[[72.83,22.68],[73.06,24.86]]},"properties":{"l":"road","c":"street"}},{"type":"Feature","geometry":{"type":"LineString","coordinates":[[73.06,24.86],[73.38,27.91]]},"properties":{"l":"road","c":"street"}},{"type":"Feature","geometry":{"type":"LineString","coordinates":[[70.58,22.52],[70.81,24.72]]},"properties":{"l":"road","c":"street"}},{"type":"Feature","geometry":{"type":"LineString","coordinates":[[70.81,24.72],[71.21,28.58]]},"properties":{"l":"road","c":"street"}},{"type":"Feature","geometry":{"type":"LineString","coordinates":[[68.85,23.55],[69.22,27.05]]},"properties":{"l":"road","c":"street"}},{"type":"Feature","geometry":{"type":"LineString","coordinates":[[69.22,27.05],[69.4,28.77]]},"properties":{"l":"road","c":"street"}},{"type":"Feature","geometry":{"type":"LineString","coordinates":[[66.83,22.12],[67.37,27.27]]},"properties":{"l":"road","c":"street"}},{"type":"Feature","geometry":{"type":"LineString","coordinates":[[67.37,27.27],[67.55,28.96]]},"properties":{"l":"road","c":"street"}},{"type":"Feature","geometry":{"type":"LineString","coordinates":[[65.14,21.97],[65.48,25.2]]},"properties":{"l":"road","c":"street"}},{"type":"Feature","geometry":{"type":"LineString","coordinates":[[65.48,25.2],[65.89,29.13]]},"properties":{"l":"road","c":"street"}},{"type":"Feature","geometry":{"type":"LineString","coordinates":[[63.4,21.85],[63.59,23.66]]},"properties":{"l":"road","c":"street"}},{"type":"Feature","geometry":{"type":"LineString","coordinates":[[63.59,23.66],[64.19,29.31]]},"properties":{"l":"road","c":"street"}},{"type":"Feature","geometry":{"type":"LineString","coordinates":[[61.53,21.97],[61.68,23.33]]},"properties":{"l":"road","c":"street"}},{"type":"Feature","geometry":{"type":"LineString","coordinates":[[61.68,23.33],[62.0,26.44]]},"properties":{"l":"road","c":"street"}},{"type":"Feature","geometry":{"type":"LineString","coordinates":[[62.0,26.44],[62.33,29.51]]},"properties":{"l":"road","c":"street"}},{"type":"Feature","geometry":{"type":"LineString","coordinates":[[59.62,22.21],[60.03,26.14]]},"properties":{"l":"road","c":"street"}},{"type":"Feature","geometry":{"type":"LineString","coordinates":[[57.7,22.4],[57.79,23.27]]},"properties":{"l":"road","c":"street"}},{"type":"Feature","geometry":{"type":"LineString","coordinates":[[57.79,23.27],[58.22,27.42]]},"properties":{"l":"road","c":"street"}},{"type":"Feature","geometry":{"type":"LineString","coordinates":[[58.22,27.42],[58.48,29.91]]},"properties":{"l":"road","c":"street"}},{"type":"Feature","geometry":{"type":"LineString","coordinates":[[55.85,22.34],[56.17,25.34]]},"properties":{"l":"road","c":"street"}},{"type":"Feature","geometry":{"type":"LineString","coordinates":[[56.17,25.34],[56.29,26.49]]},"properties":{"l":"road","c":"street"}},{"type":"Feature","geometry":{"type":"LineString","coordinates":[[57.38,31.18],[60.44,29.94]]},"properties":{"l":"road","c":"street"}},{"type":"Feature","geometry":{"type":"LineString","coordinates":[[57.06,32.46],[64.28,29.54]]},"properties":{"l":"road","c":"street"}},{"type":"Feature","geometry":{"type":"LineString","coordinates":[[56.74,33.74],[68.1,29.15]]},"properties":{"l":"road","c":"street"}},{"type":"Feature","geometry":{"type":"LineString","coordinates":[[56.6,34.69],[71.1,28.83]]},"properties":{"l":"road","c":"street"}},{"type":"Feature","geometry":{"type":"LineString","coordinates":[[57.03,35.41],[71.35,29.62]]},"properties":{"l":"road","c":"street"}},{"type":"Feature","geometry":{"type":"LineString","coordinates":[[57.48,36.16],[72.06,30.27]]},"properties":{"l":"road","c":"street"}},{"type":"Feature","geometry":{"type":"LineString","coordinates":[[58.02,37.07],[74.34,30.48]]},"properties":{"l":"road","c":"street"}},{"type":"Feature","geometry":{"type":"LineString","coordinates":[[58.44,37.77],[76.27,30.57]]},"properties":{"l":"road","c":"street"}},{"type":"Feature","geometry":{"type":"LineString","coordinates":[[58.89,38.52],[77.78,30.89]]},"properties":{"l":"road","c":"street"}},{"type":"Feature","geometry":{"type":"LineString","coordinates":[[59.33,39.24],[77.01,32.1]]},"properties":{"l":"road","c":"street"}},{"type":"Feature","geometry":{"type":"LineString","coordinates":[[59.76,39.97],[76.24,33.31]]},"properties":{"l":"road","c":"street"}},{"type":"Feature","geometry":{"type":"LineString","coordinates":[[61.15,40.44],[75.36,34.7]]},"properties":{"l":"road","c":"street"}},{"type":"Feature","geometry":{"type":"LineString","coordinates":[[66.46,39.22],[74.57,35.94]]},"properties":{"l":"road","c":"street"}},{"type":"Feature","geometry":{"type":"LineString","coordinates":[[72.21,37.89],[73.72,37.28]]},"properties":{"l":"road","c":"street"}},{"type":"Feature","geometry":{"type":"LineString","coordinates":[[77.53,30.13],[77.82,30.83]]},"properties":{"l":"road","c":"street"}},{"type":"Feature","geometry":{"type":"LineString","coordinates":[[75.81,30.62],[76.61,32.6]]},"properties":{"l":"road","c":"street"}},{"type":"Feature","geometry":{"type":"LineString","coordinates":[[71.7,30.09],[72.57,32.25]]},"properties":{"l":"road","c":"street"}},{"type":"Feature","geometry":{"type":"LineString","coordinates":[[72.57,32.25],[73.85,35.4]]},"properties":{"l":"road","c":"street"}},{"type":"Feature","geometry":{"type":"LineString","coordinates":[[73.85,35.4],[74.26,36.42]]},"properties":{"l":"road","c":"street"}},{"type":"Feature","geometry":{"type":"LineString","coordinates":[[69.52,29.0],[69.8,29.69]]},"properties":{"l":"road","c":"street"}},{"type":"Feature","geometry":{"type":"LineString","coordinates":[[69.8,29.69],[72.24,35.71]]},"properties":{"l":"road","c":"street"}},{"type":"Feature","geometry":{"type":"LineString","coordinates":[[72.24,35.71],[73.04,37.7]]},"properties":{"l":"road","c":"street"}},{"type":"Feature","geometry":{"type":"LineString","coordinates":[[67.46,29.21],[69.6,34.5]]},"properties":{"l":"road","c":"street"}},{"type":"Feature","geometry":{"type":"LineString","coordinates":[[65.91,29.37],[67.81,34.08]]},"properties":{"l":"road","c":"street"}},{"type":"Feature","geometry":{"type":"LineString","coordinates":[[67.81,34.08],[69.59,38.49]]},"properties":{"l":"road","c":"street"}},{"type":"Feature","geometry":{"type":"LineString","coordinates":[[64.05,29.57],[64.95,31.8]]},"properties":{"l":"road","c":"street"}},{"type":"Feature","geometry":{"type":"LineString","coordinates":[[64.95,31.8],[66.87,36.55]]},"properties":{"l":"road","c":"street"}},{"type":"Feature","geometry":{"type":"LineString","coordinates":[[66.87,36.55],[67.82,38.9]]},"properties":{"l":"road","c":"street"}},{"type":"Feature","geometry":{"type":"LineString","coordinates":[[65.94,38.6],[66.22,39.27]]},"properties":{"l":"road","c":"street"}},{"type":"Feature","geometry":{"type":"LineString","coordinates":[[60.83,30.35],[63.0,35.72]]},"properties":{"l":"road","c":"street"}},{"type":"Feature","geometry":{"type":"LineString","coordinates":[[63.0,35.72],[64.59,39.65]]},"properties":{"l":"road","c":"street"}},{"type":"Feature","geometry":{"type":"LineString","coordinates":[[58.99,30.32],[60.85,34.92]]},"properties":{"l":"road","c":"street"}},{"type":"Feature","geometry":{"type":"LineString","coordinates":[[60.85,34.92],[62.79,39.71]]},"properties":{"l":"road","c":"street"}},{"type":"Feature","geometry":{"type":"LineString","coordinates":[[57.3,31.51],[58.91,35.5]]},"properties":{"l":"road","c":"street"}},{"type":"Feature","geometry":{"type":"LineString","coordinates":[[58.91,35.5],[60.93,40.49]]},"properties":{"l":"road","c":"street"}},{"type":"Feature","geometry":{"type":"LineString","coordinates":[[56.68,33.97],[57.05,34.88]]},"properties":{"l":"road","c":"street"}},{"type":"Feature","geometry":{"type":"LineString","coordinates":[[57.05,34.88],[57.75,36.62]]},"properties":{"l":"road","c":"street"}},{"type":"Feature","geometry":{"type":"LineString","coordinates":[[54.18,35.29],[57.04,35.89]]},"properties":{"l":"road","c":"street"}},{"type":"Feature","geometry":{"type":"LineString","coordinates":[[51.66,35.93],[57.85,37.25]]},"properties":{"l":"road","c":"street"}},{"type":"Feature","geometry":{"type":"LineString","coordinates":[[49.71,36.42],[58.47,38.29]]},"properties":{"l":"road","c":"street"}},{"type":"Feature","geometry":{"type":"LineString","coordinates":[[47.66,36.95],[59.13,39.38]]},"properties":{"l":"road","c":"street"}},{"type":"Feature","geometry":{"type":"LineString","coordinates":[[45.07,37.6],[59.96,40.77]]},"properties":{"l":"road","c":"street"}},{"type":"Feature","geometry":{"type":"LineString","coordinates":[[43.05,38.12],[59.85,41.69]]},"properties":{"l":"road","c":"street"}},{"type":"Feature","geometry":{"type":"LineString","coordinates":[[41.94,39.01],[59.67,42.78]]},"properties":{"l":"road","c":"street"}},{"type":"Feature","geometry":{"type":"LineString","coordinates":[[42.21,40.08],[59.5,43.76]]},"properties":{"l":"road","c":"street"}},{"type":"Feature","geometry":{"type":"LineString","coordinates":[[42.5,41.27],[59.32,44.84]]},"properties":{"l":"road","c":"street"}},{"type":"Feature","geometry":{"type":"LineString","coordinates":[[42.81,42.53],[59.12,46.0]]},"properties":{"l":"road","c":"street"}},{"type":"Feature","geometry":{"type":"LineString","coordinates":[[43.1,43.69],[58.85,47.04]]},"properties":{"l":"road","c":"street"}},{"type":"Feature","geometry":{"type":"LineString","coordinates":[[43.37,44.79],[58.34,47.97]]},"properties":{"l":"road","c":"street"}},{"type":"Feature","geometry":{"type":"LineString","coordinates":[[43.63,45.86],[57.85,48.88]]},"properties":{"l":"road","c":"street"}},{"type":"Feature","geometry":{"type":"LineString","coordinates":[[43.92,47.03],[57.3,49.88]]},"properties":{"l":"road","c":"street"}},{"type":"Feature","geometry":{"type":"LineString","coordinates":[[44.22,48.21],[56.75,50.88]]},"properties":{"l":"road","c":"street"}},{"type":"Feature","geometry":{"type":"LineString","coordinates":[[45.14,49.45],[51.88,50.88]]},"properties":{"l":"road","c":"street"}},{"type":"Feature","geometry":{"type":"LineString","coordinates":[[46.88,50.88],[49.05,51.34]]},"properties":{"l":"road","c":"street"}},{"type":"Feature","geometry":{"type":"LineString","coordinates":[[52.99,54.26],[54.7,54.62]]},"properties":{"l":"road","c":"street"}},{"type":"Feature","geometry":{"type":"LineString","coordinates":[[51.87,54.98],[54.23,55.49]]},"properties":{"l":"road","c":"street"}},{"type":"Feature","geometry":{"type":"LineString","coordinates":[[59.99,40.81],[59.79,41.73]]},"properties":{"l":"road","c":"street"}},{"type":"Feature","geometry":{"type":"LineString","coordinates":[[59.79,41.73],[59.16,44.69]]},"properties":{"l":"road","c":"street"}},{"type":"Feature","geometry":{"type":"LineString","coordinates":[[59.16,44.69],[58.55,47.6]]},"properties":{"l":"road","c":"street"}},{"type":"Feature","geometry":{"type":"LineString","coordinates":[[58.26,39.61],[56.81,46.39]]},"properties":{"l":"road","c":"street"}},{"type":"Feature","geometry":{"type":"LineString","coordinates":[[56.81,46.39],[55.87,50.83]]},"properties":{"l":"road","c":"street"}},{"type":"Feature","geometry":{"type":"LineString","coordinates":[[57.01,35.86],[56.63,37.68]]},"properties":{"l":"road","c":"street"}},{"type":"Feature","geometry":{"type":"LineString","coordinates":[[56.63,37.68],[55.29,43.94]]},"properties":{"l":"road","c":"street"}},{"type":"Feature","geometry":{"type":"LineString","coordinates":[[54.29,48.68],[53.83,50.83]]},"properties":{"l":"road","c":"street"}},{"type":"Feature","geometry":{"type":"LineString","coordinates":[[53.1,54.26],[52.79,55.74]]},"properties":{"l":"road","c":"street"}},{"type":"Feature","geometry":{"type":"LineString","coordinates":[[55.44,34.97],[54.87,37.63]]},"properties":{"l":"road","c":"street"}},{"type":"Feature","geometry":{"type":"LineString","coordinates":[[52.65,48.05],[52.06,50.87]]},"properties":{"l":"road","c":"street"}},{"type":"Feature","geometry":{"type":"LineString","coordinates":[[53.62,35.43],[52.94,38.67]]},"properties":{"l":"road","c":"street"}},{"type":"Feature","geometry":{"type":"LineString","coordinates":[[52.94,38.67],[51.4,45.87]]},"properties":{"l":"road","c":"street"}},{"type":"Feature","geometry":{"type":"LineString","coordinates":[[51.4,45.87],[50.29,51.13]]},"properties":{"l":"road","c":"street"}},{"type":"Feature","geometry":{"type":"LineString","coordinates":[[51.67,35.93],[51.58,36.38]]},"properties":{"l":"road","c":"street"}},{"type":"Feature","geometry":{"type":"LineString","coordinates":[[51.58,36.38],[50.83,39.92]]},"properties":{"l":"road","c":"street"}},{"type":"Feature","geometry":{"type":"LineString","coordinates":[[50.83,39.92],[49.45,46.41]]},"properties":{"l":"road","c":"street"}},{"type":"Feature","geometry":{"type":"LineString","coordinates":[[49.45,46.41],[48.37,51.46]]},"properties":{"l":"road","c":"street"}},{"type":"Feature","geometry":{"type":"LineString","coordinates":[[49.89,36.54],[48.44,43.37]]},"properties":{"l":"road","c":"street"}},{"type":"Feature","geometry":{"type":"LineString","coordinates":[[48.44,43.37],[47.89,45.95]]},"properties":{"l":"road","c":"street"}},{"type":"Feature","geometry":{"type":"LineString","coordinates":[[47.89,45.95],[46.85,50.85]]},"properties":{"l":"road","c":"street"}},{"type":"Feature","geometry":{"type":"LineString","coordinates":[[47.9,36.88],[46.93,41.45]]},"properties":{"l":"road","c":"street"}},{"type":"Feature","geometry":{"type":"LineString","coordinates":[[46.93,41.45],[45.86,46.48]]},"properties":{"l":"road","c":"street"}},{"type":"Feature","geometry":{"type":"LineString","coordinates":[[45.86,46.48],[45.22,49.51]]},"properties":{"l":"road","c":"street"}},{"type":"Feature","geometry":{"type":"LineString","coordinates":[[46.11,37.34],[45.79,38.87]]},"properties":{"l":"road","c":"street"}},{"type":"Feature","geometry":{"type":"LineString","coordinates":[[45.79,38.87],[45.2,41.64]]},"properties":{"l":"road","c":"street"}},{"type":"Feature","geometry":{"type":"LineString","coordinates":[[45.2,41.64],[43.99,47.31]]},"properties":{"l":"road","c":"street"}},{"type":"Feature","geometry":{"type":"LineString","coordinates":[[43.6,38.97],[42.83,42.59]]},"properties":{"l":"road","c":"street"}},{"type":"Feature","geometry":{"type":"LineString","coordinates":[[60.16,41.28],[62.55,40.37]]},"properties":{"l":"road","c":"street"}},{"type":"Feature","geometry":{"type":"LineString","coordinates":[[68.46,39.0],[71.68,38.58],[73.5,38.2]]},"properties":{"l":"road","c":"street"}},{"type":"Feature","geometry":{"type":"LineString","coordinates":[[60.04,42.02],[61.56,41.43],[62.88,40.96],[64.23,40.57],[64.91,40.41],[66.99,40.04],[69.79,39.7],[71.19,39.49],[72.56,39.21],[73.53,38.95]]},"properties":{"l":"road","c":"street"}},{"type":"Feature","geometry":{"type":"LineString","coordinates":[[59.89,42.89],[61.08,42.44],[62.42,41.98],[63.77,41.61],[64.45,41.45],[65.83,41.21],[69.34,40.77],[70.73,40.55],[72.1,40.25],[73.57,39.82]]},"properties":{"l":"road","c":"street"}},{"type":"Feature","geometry":{"type":"LineString","coordinates":[[59.76,43.69],[61.93,42.93],[63.28,42.56],[63.97,42.42],[65.35,42.18],[68.86,41.74],[70.24,41.52],[71.61,41.2],[72.29,41.02],[73.61,40.58]]},"properties":{"l":"road","c":"street"}},{"type":"Feature","geometry":{"type":"LineString","coordinates":[[59.63,44.44],[61.43,43.83],[62.11,43.64],[63.47,43.33],[64.86,43.1],[68.36,42.67],[69.75,42.43],[70.44,42.28],[71.79,41.92],[73.64,41.28]]},"properties":{"l":"road","c":"street"}},{"type":"Feature","geometry":{"type":"LineString","coordinates":[[59.49,45.27],[60.95,44.8],[61.63,44.61],[63.0,44.32],[64.39,44.1],[67.89,43.66],[69.27,43.41],[69.96,43.26],[70.64,43.08],[71.97,42.66],[73.67,42.03]]},"properties":{"l":"road","c":"street"}},{"type":"Feature","geometry":{"type":"LineString","coordinates":[[59.35,46.1],[61.15,45.58],[62.52,45.3],[63.91,45.09],[66.72,44.75],[68.79,44.39],[69.48,44.22],[70.82,43.83],[72.15,43.36],[73.71,42.76]]},"properties":{"l":"road","c":"street"}},{"type":"Feature","geometry":{"type":"LineString","coordinates":[[59.9,46.76],[60.67,46.57],[62.05,46.3],[66.25,45.75],[67.63,45.52],[68.32,45.37],[69.0,45.2],[70.34,44.8],[71.67,44.32],[73.74,43.52]]},"properties":{"l":"road","c":"street"}},{"type":"Feature","geometry":{"type":"LineString","coordinates":[[64.36,47.08],[66.5,46.77],[67.87,46.47],[68.55,46.29],[70.55,45.63],[73.78,44.39]]},"properties":{"l":"road","c":"street"}},{"type":"Feature","geometry":{"type":"LineString","coordinates":[[68.19,47.35],[69.43,46.94],[72.73,45.68],[73.83,45.3]]},"properties":{"l":"road","c":"street"}},{"type":"Feature","geometry":{"type":"LineString","coordinates":[[69.9,47.47],[72.23,46.58],[73.86,46.06]]},"properties":{"l":"road","c":"street"}},{"type":"Feature","geometry":{"type":"LineString","coordinates":[[71.94,47.62],[73.12,47.25],[73.91,47.05]]},"properties":{"l":"road","c":"street"}},{"type":"Feature","geometry":{"type":"LineString","coordinates":[[73.28,37.89],[73.51,38.56]]},"properties":{"l":"road","c":"street"}},{"type":"Feature","geometry":{"type":"LineString","coordinates":[[72.01,39.48],[72.29,41.02],[72.73,44.52],[73.01,46.26]]},"properties":{"l":"road","c":"street"}},{"type":"Feature","geometry":{"type":"LineString","coordinates":[[73.01,46.26],[73.36,47.72]]},"properties":{"l":"road","c":"street"}},{"type":"Feature","geometry":{"type":"LineString","coordinates":[[70.15,38.61],[70.47,40.63]]},"properties":{"l":"road","c":"street"}},{"type":"Feature","geometry":{"type":"LineString","coordinates":[[70.47,40.63],[70.83,43.55],[71.06,44.93]]},"properties":{"l":"road","c":"street"}},{"type":"Feature","geometry":{"type":"LineString","coordinates":[[71.06,44.93],[71.38,46.3],[71.77,47.61]]},"properties":{"l":"road","c":"street"}},{"type":"Feature","geometry":{"type":"LineString","coordinates":[[69.24,42.75],[69.43,43.9],[69.75,45.26],[70.16,46.61],[70.48,47.51]]},"properties":{"l":"road","c":"street"}},{"type":"Feature","geometry":{"type":"LineString","coordinates":[[66.85,39.37],[66.91,39.88]]},"properties":{"l":"road","c":"street"}},{"type":"Feature","geometry":{"type":"LineString","coordinates":[[66.91,39.88],[67.15,41.58],[67.41,42.96],[67.57,43.64],[67.97,44.99],[68.74,47.11]]},"properties":{"l":"road","c":"street"}},{"type":"Feature","geometry":{"type":"LineString","coordinates":[[65.98,43.69],[66.32,44.67],[67.17,46.88]]},"properties":{"l":"road","c":"street"}},{"type":"Feature","geometry":{"type":"LineString","coordinates":[[67.17,46.88],[67.33,47.29]]},"properties":{"l":"road","c":"street"}},{"type":"Feature","geometry":{"type":"LineString","coordinates":[[63.3,40.19],[63.5,41.04],[63.91,42.39],[64.89,45.0]]},"properties":{"l":"road","c":"street"}},{"type":"Feature","geometry":{"type":"LineString","coordinates":[[64.89,45.0],[65.68,47.17]]},"properties":{"l":"road","c":"street"}},{"type":"Feature","geometry":{"type":"LineString","coordinates":[[61.69,40.56],[62.22,42.09],[63.23,44.72],[63.62,45.85]]},"properties":{"l":"road","c":"street"}},{"type":"Feature","geometry":{"type":"LineString","coordinates":[[60.41,40.86],[61.26,43.05],[61.76,44.44]]},"properties":{"l":"road","c":"street"}},{"type":"Feature","geometry":{"type":"LineString","coordinates":[[61.76,44.44],[62.15,45.72],[62.44,46.94]]},"properties":{"l":"road","c":"street"}},{"type":"Feature","geometry":{"type":"LineString","coordinates":[[60.12,43.68],[60.42,44.7],[60.78,46.34]]},"properties":{"l":"road","c":"street"}},{"type":"Feature","geometry":{"type":"LineString","coordinates":[[60.78,46.34],[60.86,46.83]]},"properties":{"l":"road","c":"street"}},{"type":"Feature","geometry":{"type":"LineString","coordinates":[[58.76,47.71],[61.22,47.09]]},"properties":{"l":"road","c":"street"}},{"type":"Feature","geometry":{"type":"LineString","coordinates":[[58.2,48.73],[63.98,47.29]]},"properties":{"l":"road","c":"street"}},{"type":"Feature","geometry":{"type":"LineString","coordinates":[[57.62,49.79],[66.83,47.49]]},"properties":{"l":"road","c":"street"}},{"type":"Feature","geometry":{"type":"LineString","coordinates":[[57.0,50.92],[69.86,47.71]]},"properties":{"l":"road","c":"street"}},{"type":"Feature","geometry":{"type":"LineString","coordinates":[[59.88,51.18],[72.93,47.93]]},"properties":{"l":"road","c":"street"}},{"type":"Feature","geometry":{"type":"LineString","coordinates":[[61.17,51.86],[74.26,48.6]]},"properties":{"l":"road","c":"street"}},{"type":"Feature","geometry":{"type":"LineString","coordinates":[[61.5,52.64],[74.62,49.37]]},"properties":{"l":"road","c":"street"}},{"type":"Feature","geometry":{"type":"LineString","coordinates":[[54.62,55.28],[57.32,54.61]]},"properties":{"l":"road","c":"street"}},{"type":"Feature","geometry":{"type":"LineString","coordinates":[[61.37,53.6],[75.0,50.2]]},"properties":{"l":"road","c":"street"}},{"type":"Feature","geometry":{"type":"LineString","coordinates":[[54.1,56.23],[75.34,50.93]]},"properties":{"l":"road","c":"street"}},{"type":"Feature","geometry":{"type":"LineString","coordinates":[[53.97,57.12],[75.7,51.71]]},"properties":{"l":"road","c":"street"}},{"type":"Feature","geometry":{"type":"LineString","coordinates":[[54.89,57.82],[76.08,52.53]]},"properties":{"l":"road","c":"street"}},{"type":"Feature","geometry":{"type":"LineString","coordinates":[[56.56,58.2],[76.41,53.25]]},"properties":{"l":"road","c":"street"}},{"type":"Feature","geometry":{"type":"LineString","coordinates":[[58.4,58.63],[76.78,54.04]]},"properties":{"l":"road","c":"street"}},{"type":"Feature","geometry":{"type":"LineString","coordinates":[[60.53,59.12],[77.2,54.96]]},"properties":{"l":"road","c":"street"}},{"type":"Feature","geometry":{"type":"LineString","coordinates":[[62.27,59.52],[77.55,55.71]]},"properties":{"l":"road","c":"street"}},{"type":"Feature","geometry":{"type":"LineString","coordinates":[[64.16,59.95],[77.93,56.52]]},"properties":{"l":"road","c":"street"}},{"type":"Feature","geometry":{"type":"LineString","coordinates":[[65.81,60.33],[78.25,57.23]]},"properties":{"l":"road","c":"street"}},{"type":"Feature","geometry":{"type":"LineString","coordinates":[[67.89,60.81],[78.67,58.12]]},"properties":{"l":"road","c":"street"}},{"type":"Feature","geometry":{"type":"LineString","coordinates":[[69.58,61.2],[79.0,58.85]]},"properties":{"l":"road","c":"street"}},{"type":"Feature","geometry":{"type":"LineString","coordinates":[[71.32,61.6],[79.35,59.6]]},"properties":{"l":"road","c":"street"}},{"type":"Feature","geometry":{"type":"LineString","coordinates":[[73.4,62.08],[79.76,60.49]]},"properties":{"l":"road","c":"street"}},{"type":"Feature","geometry":{"type":"LineString","coordinates":[[75.3,62.52],[80.14,61.31]]},"properties":{"l":"road","c":"street"}},{"type":"Feature","geometry":{"type":"LineString","coordinates":[[79.35,59.61],[79.51,60.22]]},"properties":{"l":"road","c":"street"}},{"type":"Feature","geometry":{"type":"LineString","coordinates":[[79.51,60.22],[79.81,61.44]]},"properties":{"l":"road","c":"street"}},{"type":"Feature","geometry":{"type":"LineString","coordinates":[[75.83,51.98],[76.24,53.63]]},"properties":{"l":"road","c":"street"}},{"type":"Feature","geometry":{"type":"LineString","coordinates":[[76.24,53.63],[77.43,58.42]]},"properties":{"l":"road","c":"street"}},{"type":"Feature","geometry":{"type":"LineString","coordinates":[[73.07,47.94],[74.19,52.45]]},"properties":{"l":"road","c":"street"}},{"type":"Feature","geometry":{"type":"LineString","coordinates":[[75.25,56.71],[76.63,62.23]]},"properties":{"l":"road","c":"street"}},{"type":"Feature","geometry":{"type":"LineString","coordinates":[[76.63,62.23],[76.79,62.86]]},"properties":{"l":"road","c":"street"}},{"type":"Feature","geometry":{"type":"LineString","coordinates":[[72.0,50.31],[73.05,54.54]]},"properties":{"l":"road","c":"street"}},{"type":"Feature","geometry":{"type":"LineString","coordinates":[[73.94,58.09],[74.83,61.66]]},"properties":{"l":"road","c":"street"}},{"type":"Feature","geometry":{"type":"LineString","coordinates":[[74.83,61.66],[75.03,62.45]]},"properties":{"l":"road","c":"street"}},{"type":"Feature","geometry":{"type":"LineString","coordinates":[[71.1,52.84],[72.21,57.28]]},"properties":{"l":"road","c":"street"}},{"type":"Feature","geometry":{"type":"LineString","coordinates":[[73.25,61.43],[73.41,62.08]]},"properties":{"l":"road","c":"street"}},{"type":"Feature","geometry":{"type":"LineString","coordinates":[[68.19,47.63],[68.99,50.8]]},"properties":{"l":"road","c":"street"}},{"type":"Feature","geometry":{"type":"LineString","coordinates":[[68.99,50.8],[70.58,57.2]]},"properties":{"l":"road","c":"street"}},{"type":"Feature","geometry":{"type":"LineString","coordinates":[[70.58,57.2],[71.7,61.69]]},"properties":{"l":"road","c":"street"}},{"type":"Feature","geometry":{"type":"LineString","coordinates":[[66.6,47.48],[66.92,48.78]]},"properties":{"l":"road","c":"street"}},{"type":"Feature","geometry":{"type":"LineString","coordinates":[[68.01,53.15],[68.74,56.07]]},"properties":{"l":"road","c":"street"}},{"type":"Feature","geometry":{"type":"LineString","coordinates":[[68.74,56.07],[70.05,61.31]]},"properties":{"l":"road","c":"street"}},{"type":"Feature","geometry":{"type":"LineString","coordinates":[[64.93,47.36],[66.02,51.73]]},"properties":{"l":"road","c":"street"}},{"type":"Feature","geometry":{"type":"LineString","coordinates":[[66.02,51.73],[67.65,58.25]]},"properties":{"l":"road","c":"street"}},{"type":"Feature","geometry":{"type":"LineString","coordinates":[[67.65,58.25],[68.31,60.91]]},"properties":{"l":"road","c":"street"}},{"type":"Feature","geometry":{"type":"LineString","coordinates":[[63.54,47.26],[64.36,50.55]]},"properties":{"l":"road","c":"street"}},{"type":"Feature","geometry":{"type":"LineString","coordinates":[[64.36,50.55],[65.4,54.71]]},"properties":{"l":"road","c":"street"}},{"type":"Feature","geometry":{"type":"LineString","coordinates":[[65.4,54.71],[66.14,57.68]]},"properties":{"l":"road","c":"street"}},{"type":"Feature","geometry":{"type":"LineString","coordinates":[[66.14,57.68],[66.86,60.57]]},"properties":{"l":"road","c":"street"}},{"type":"Feature","geometry":{"type":"LineString","coordinates":[[61.91,47.29],[63.13,52.22]]},"properties":{"l":"road","c":"street"}},{"type":"Feature","geometry":{"type":"LineString","coordinates":[[63.13,52.22],[63.91,55.32]]},"properties":{"l":"road","c":"street"}},{"type":"Feature","geometry":{"type":"LineString","coordinates":[[63.91,55.32],[65.12,60.17]]},"properties":{"l":"road","c":"street"}},{"type":"Feature","geometry":{"type":"LineString","coordinates":[[60.35,47.03],[61.85,53.03]]},"properties":{"l":"road","c":"street"}},{"type":"Feature","geometry":{"type":"LineString","coordinates":[[61.85,53.03],[63.54,59.81]]},"properties":{"l":"road","c":"street"}},{"type":"Feature","geometry":{"type":"LineString","coordinates":[[58.98,47.3],[59.27,48.44]]},"properties":{"l":"road","c":"street"}},{"type":"Feature","geometry":{"type":"LineString","coordinates":[[59.27,48.44],[59.95,51.19]]},"properties":{"l":"road","c":"street"}},{"type":"Feature","geometry":{"type":"LineString","coordinates":[[60.74,54.34],[61.61,57.82]]},"properties":{"l":"road","c":"street"}},{"type":"Feature","geometry":{"type":"LineString","coordinates":[[57.7,49.63],[58.09,51.18]]},"properties":{"l":"road","c":"street"}},{"type":"Feature","geometry":{"type":"LineString","coordinates":[[58.95,54.62],[59.13,55.37]]},"properties":{"l":"road","c":"street"}},{"type":"Feature","geometry":{"type":"LineString","coordinates":[[59.13,55.37],[60.04,59.01]]},"properties":{"l":"road","c":"street"}},{"type":"Feature","geometry":{"type":"LineString","coordinates":[[57.49,54.61],[58.28,57.77]]},"properties":{"l":"road","c":"street"}},{"type":"Feature","geometry":{"type":"LineString","coordinates":[[58.28,57.77],[58.5,58.65]]},"properties":{"l":"road","c":"street"}},{"type":"Feature","geometry":{"type":"LineString","coordinates":[[54.27,55.92],[54.73,57.78]]},"properties":{"l":"road","c":"street"}},{"type":"Feature","geometry":{"type":"LineString","coordinates":[[82.47,27.43],[86.5,29.76]]},"properties":{"l":"road","c":"street"}},{"type":"Feature","geometry":{"type":"LineString","coordinates":[[80.89,27.82],[86.64,31.15]]},"properties":{"l":"road","c":"street"}},{"type":"Feature","geometry":{"type":"LineString","coordinates":[[79.68,28.35],[86.91,32.52]]},"properties":{"l":"road","c":"street"}},{"type":"Feature","geometry":{"type":"LineString","coordinates":[[78.93,29.53],[87.06,34.22]]},"properties":{"l":"road","c":"street"}},{"type":"Feature","geometry":{"type":"LineString","coordinates":[[78.24,30.62],[86.8,35.57]]},"properties":{"l":"road","c":"street"}},{"type":"Feature","geometry":{"type":"LineString","coordinates":[[77.64,31.56],[86.54,36.69]]},"properties":{"l":"road","c":"street"}},{"type":"Feature","geometry":{"type":"LineString","coordinates":[[76.98,32.6],[86.14,37.89]]},"properties":{"l":"road","c":"street"}},{"type":"Feature","geometry":{"type":"LineString","coordinates":[[76.29,33.68],[85.7,39.11]]},"properties":{"l":"road","c":"street"}},{"type":"Feature","geometry":{"type":"LineString","coordinates":[[75.56,34.83],[85.24,40.41]]},"properties":{"l":"road","c":"street"}},{"type":"Feature","geometry":{"type":"LineString","coordinates":[[74.96,35.77],[85.02,41.57]]},"properties":{"l":"road","c":"street"}},{"type":"Feature","geometry":{"type":"LineString","coordinates":[[74.36,36.72],[84.88,42.8]]},"properties":{"l":"road","c":"street"}},{"type":"Feature","geometry":{"type":"LineString","coordinates":[[73.78,37.63],[84.78,43.99]]},"properties":{"l":"road","c":"street"}},{"type":"Feature","geometry":{"type":"LineString","coordinates":[[73.78,39.06],[84.8,45.42]]},"properties":{"l":"road","c":"street"}},{"type":"Feature","geometry":{"type":"LineString","coordinates":[[73.85,40.68],[84.94,47.08]]},"properties":{"l":"road","c":"street"}},{"type":"Feature","geometry":{"type":"LineString","coordinates":[[73.92,42.21],[85.28,48.76]]},"properties":{"l":"road","c":"street"}},{"type":"Feature","geometry":{"type":"LineString","coordinates":[[73.98,43.47],[85.22,49.95]]},"properties":{"l":"road","c":"street"}},{"type":"Feature","geometry":{"type":"LineString","coordinates":[[74.04,44.83],[85.08,51.2]]},"properties":{"l":"road","c":"street"}},{"type":"Feature","geometry":{"type":"LineString","coordinates":[[74.1,46.06],[84.9,52.3]]},"properties":{"l":"road","c":"street"}},{"type":"Feature","geometry":{"type":"LineString","coordinates":[[74.16,47.33],[84.55,53.33]]},"properties":{"l":"road","c":"street"}},{"type":"Feature","geometry":{"type":"LineString","coordinates":[[74.73,49.04],[84.21,54.52]]},"properties":{"l":"road","c":"street"}},{"type":"Feature","geometry":{"type":"LineString","coordinates":[[75.51,50.72],[84.52,55.92]]},"properties":{"l":"road","c":"street"}},{"type":"Feature","geometry":{"type":"LineString","coordinates":[[76.32,52.48],[87.9,59.16]]},"properties":{"l":"road","c":"street"}},{"type":"Feature","geometry":{"type":"LineString","coordinates":[[77.12,54.21],[88.05,60.52]]},"properties":{"l":"road","c":"street"}},{"type":"Feature","geometry":{"type":"LineString","coordinates":[[77.98,56.05],[87.9,61.79]]},"properties":{"l":"road","c":"street"}},{"type":"Feature","geometry":{"type":"LineString","coordinates":[[78.95,58.16],[86.42,62.47]]},"properties":{"l":"road","c":"street"}},{"type":"Feature","geometry":{"type":"LineString","coordinates":[[79.75,59.89],[84.08,62.39]]},"properties":{"l":"road","c":"street"}},{"type":"Feature","geometry":{"type":"LineString","coordinates":[[87.75,61.15],[87.16,62.16]]},"properties":{"l":"road","c":"street"}},{"type":"Feature","geometry":{"type":"LineString","coordinates":[[85.38,61.2],[84.58,62.58]]},"properties":{"l":"road","c":"street"}},{"type":"Feature","geometry":{"type":"LineString","coordinates":[[85.23,57.59],[85.0,57.99]]},"properties":{"l":"road","c":"street"}},{"type":"Feature","geometry":{"type":"LineString","coordinates":[[85.0,57.99],[83.16,61.17]]},"properties":{"l":"road","c":"street"}},{"type":"Feature","geometry":{"type":"LineString","coordinates":[[83.16,61.17],[82.81,61.78]]},"properties":{"l":"road","c":"street"}},{"type":"Feature","geometry":{"type":"LineString","coordinates":[[84.37,55.65],[83.74,56.75]]},"properties":{"l":"road","c":"street"}},{"type":"Feature","geometry":{"type":"LineString","coordinates":[[83.74,56.75],[81.7,60.28]]},"properties":{"l":"road","c":"street"}},{"type":"Feature","geometry":{"type":"LineString","coordinates":[[81.7,60.28],[80.72,61.97]]},"properties":{"l":"road","c":"street"}},{"type":"Feature","geometry":{"type":"LineString","coordinates":[[85.12,50.74],[81.82,56.44]]},"properties":{"l":"road","c":"street"}},{"type":"Feature","geometry":{"type":"LineString","coordinates":[[81.82,56.44],[80.42,58.88]]},"properties":{"l":"road","c":"street"}},{"type":"Feature","geometry":{"type":"LineString","coordinates":[[80.42,58.88],[79.79,59.97]]},"properties":{"l":"road","c":"street"}},{"type":"Feature","geometry":{"type":"LineString","coordinates":[[84.91,47.37],[81.58,53.14]]},"properties":{"l":"road","c":"street"}},{"type":"Feature","geometry":{"type":"LineString","coordinates":[[81.58,53.14],[78.83,57.9]]},"properties":{"l":"road","c":"street"}},{"type":"Feature","geometry":{"type":"LineString","coordinates":[[84.78,44.41],[83.83,46.06]]},"properties":{"l":"road","c":"street"}},{"type":"Feature","geometry":{"type":"LineString","coordinates":[[83.83,46.06],[81.29,50.47]]},"properties":{"l":"road","c":"street"}},{"type":"Feature","geometry":{"type":"LineString","coordinates":[[79.28,53.94],[78.01,56.14]]},"properties":{"l":"road","c":"street"}},{"type":"Feature","geometry":{"type":"LineString","coordinates":[[82.28,45.44],[79.37,50.48]]},"properties":{"l":"road","c":"street"}},{"type":"Feature","geometry":{"type":"LineString","coordinates":[[77.93,52.96],[77.16,54.3]]},"properties":{"l":"road","c":"street"}},{"type":"Feature","geometry":{"type":"LineString","coordinates":[[85.88,35.2],[82.55,40.98]]},"properties":{"l":"road","c":"street"}},{"type":"Feature","geometry":{"type":"LineString","coordinates":[[82.55,40.98],[79.76,45.8]]},"properties":{"l":"road","c":"street"}},{"type":"Feature","geometry":{"type":"LineString","coordinates":[[79.76,45.8],[77.05,50.5]]},"properties":{"l":"road","c":"street"}},{"type":"Feature","geometry":{"type":"LineString","coordinates":[[77.05,50.5],[76.14,52.08]]},"properties":{"l":"road","c":"street"}},{"type":"Feature","geometry":{"type":"LineString","coordinates":[[84.32,33.81],[80.63,40.21]]},"properties":{"l":"road","c":"street"}},{"type":"Feature","geometry":{"type":"LineString","coordinates":[[80.63,40.21],[76.95,46.58]]},"properties":{"l":"road","c":"street"}},{"type":"Feature","geometry":{"type":"LineString","coordinates":[[76.95,46.58],[75.09,49.81]]},"properties":{"l":"road","c":"street"}},{"type":"Feature","geometry":{"type":"LineString","coordinates":[[85.48,28.63],[84.32,30.64]]},"properties":{"l":"road","c":"street"}},{"type":"Feature","geometry":{"type":"LineString","coordinates":[[84.32,30.64],[81.67,35.24]]},"properties":{"l":"road","c":"street"}},{"type":"Feature","geometry":{"type":"LineString","coordinates":[[81.67,35.24],[79.57,38.88]]},"properties":{"l":"road","c":"street"}},{"type":"Feature","geometry":{"type":"LineString","coordinates":[[78.22,41.22],[76.46,44.26]]},"properties":{"l":"road","c":"street"}},{"type":"Feature","geometry":{"type":"LineString","coordinates":[[76.46,44.26],[74.61,47.46]]},"properties":{"l":"road","c":"street"}},{"type":"Feature","geometry":{"type":"LineString","coordinates":[[74.61,47.46],[74.27,48.05]]},"properties":{"l":"road","c":"street"}},{"type":"Feature","geometry":{"type":"LineString","coordinates":[[83.57,27.74],[81.6,31.14]]},"properties":{"l":"road","c":"street"}},{"type":"Feature","geometry":{"type":"LineString","coordinates":[[81.6,31.14],[79.36,35.02]]},"properties":{"l":"road","c":"street"}},{"type":"Feature","geometry":{"type":"LineString","coordinates":[[79.36,35.02],[76.62,39.77]]},"properties":{"l":"road","c":"street"}},{"type":"Feature","geometry":{"type":"LineString","coordinates":[[76.62,39.77],[74.23,43.91]]},"properties":{"l":"road","c":"street"}},{"type":"Feature","geometry":{"type":"LineString","coordinates":[[81.23,27.7],[79.24,31.15]]},"properties":{"l":"road","c":"street"}},{"type":"Feature","geometry":{"type":"LineString","coordinates":[[79.24,31.15],[77.59,34.02]]},"properties":{"l":"road","c":"street"}},{"type":"Feature","geometry":{"type":"LineString","coordinates":[[77.59,34.02],[75.05,38.41]]},"properties":{"l":"road","c":"street"}},{"type":"Feature","geometry":{"type":"LineString","coordinates":[[75.05,38.41],[73.84,40.5]]},"properties":{"l":"road","c":"street"}},{"type":"Feature","geometry":{"type":"LineString","coordinates":[[34.45,37.45],[35.56,37.45]]},"properties":{"l":"road","c":"street"}},{"type":"Feature","geometry":{"type":"LineString","coordinates":[[34.47,39.95],[41.93,39.95]]},"properties":{"l":"road","c":"street"}},{"type":"Feature","geometry":{"type":"LineString","coordinates":[[39.51,42.37],[42.52,42.37]]},"properties":{"l":"road","c":"street"}},{"type":"Feature","geometry":{"type":"LineString","coordinates":[[42.02,44.71],[43.1,44.71]]},"properties":{"l":"road","c":"street"}},{"type":"Feature","geometry":{"type":"LineString","coordinates":[[42.98,46.97],[43.66,46.97]]},"properties":{"l":"road","c":"street"}},{"type":"Feature","geometry":{"type":"LineString","coordinates":[[30.32,51.68],[32.91,51.68]]},"properties":{"l":"road","c":"street"}},{"type":"Feature","geometry":{"type":"LineString","coordinates":[[36.01,40.47],[36.01,41.26]]},"properties":{"l":"road","c":"street"}},{"type":"Feature","geometry":{"type":"LineString","coordinates":[[31.81,50.92],[31.81,51.75]]},"properties":{"l":"road","c":"street"}},{"type":"Feature","geometry":{"type":"LineString","coordinates":[[43.77,49.21],[44.47,49.21]]},"properties":{"l":"road","c":"street"}},{"type":"Feature","geometry":{"type":"LineString","coordinates":[[42.43,50.29],[45.79,50.29]]},"properties":{"l":"road","c":"street"}},{"type":"Feature","geometry":{"type":"LineString","coordinates":[[43.17,51.31],[47.03,51.31]]},"properties":{"l":"road","c":"street"}},{"type":"Feature","geometry":{"type":"LineString","coordinates":[[35.79,54.75],[42.87,54.75]]},"properties":{"l":"road","c":"street"}},{"type":"Feature","geometry":{"type":"LineString","coordinates":[[49.53,54.75],[51.21,54.75]]},"properties":{"l":"road","c":"street"}},{"type":"Feature","geometry":{"type":"LineString","coordinates":[[30.95,55.99],[52.71,55.99]]},"properties":{"l":"road","c":"street"}},{"type":"Feature","geometry":{"type":"LineString","coordinates":[[29.87,57.11],[53.72,57.11]]},"properties":{"l":"road","c":"street"}},{"type":"Feature","geometry":{"type":"LineString","coordinates":[[28.7,58.21],[53.63,58.21]]},"properties":{"l":"road","c":"street"}},{"type":"Feature","geometry":{"type":"LineString","coordinates":[[29.02,59.16],[53.13,59.16]]},"properties":{"l":"road","c":"street"}},{"type":"Feature","geometry":{"type":"LineString","coordinates":[[30.09,60.14],[52.61,60.14]]},"properties":{"l":"road","c":"street"}},{"type":"Feature","geometry":{"type":"LineString","coordinates":[[31.4,61.34],[51.97,61.34]]},"properties":{"l":"road","c":"street"}},{"type":"Feature","geometry":{"type":"LineString","coordinates":[[32.7,62.52],[38.88,62.52]]},"properties":{"l":"road","c":"street"}},{"type":"Feature","geometry":{"type":"LineString","coordinates":[[46.8,62.52],[51.35,62.52]]},"properties":{"l":"road","c":"street"}},{"type":"Feature","geometry":{"type":"LineString","coordinates":[[33.95,63.66],[37.61,63.66]]},"properties":{"l":"road","c":"street"}},{"type":"Feature","geometry":{"type":"LineString","coordinates":[[48.49,63.66],[50.74,63.66]]},"properties":{"l":"road","c":"street"}},{"type":"Feature","geometry":{"type":"LineString","coordinates":[[35.01,64.63],[37.19,64.63]]},"properties":{"l":"road","c":"street"}},{"type":"Feature","geometry":{"type":"LineString","coordinates":[[49.55,64.63],[50.23,64.63]]},"properties":{"l":"road","c":"street"}},{"type":"Feature","geometry":{"type":"LineString","coordinates":[[36.3,65.81],[36.99,65.81]]},"properties":{"l":"road","c":"street"}},{"type":"Feature","geometry":{"type":"LineString","coordinates":[[52.82,56.08],[52.82,58.78]]},"properties":{"l":"road","c":"street"}},{"type":"Feature","geometry":{"type":"LineString","coordinates":[[52.82,58.78],[52.82,59.75]]},"properties":{"l":"road","c":"street"}},{"type":"Feature","geometry":{"type":"LineString","coordinates":[[49.87,54.69],[49.87,56.3]]},"properties":{"l":"road","c":"street"}},{"type":"Feature","geometry":{"type":"LineString","coordinates":[[49.87,56.3],[49.87,61.54]]},"properties":{"l":"road","c":"street"}},{"type":"Feature","geometry":{"type":"LineString","coordinates":[[49.87,61.54],[49.87,64.95]]},"properties":{"l":"road","c":"street"}},{"type":"Feature","geometry":{"type":"LineString","coordinates":[[48.05,55.0],[48.05,55.54]]},"properties":{"l":"road","c":"street"}},{"type":"Feature","geometry":{"type":"LineString","coordinates":[[48.05,55.54],[48.05,58.79]]},"properties":{"l":"road","c":"street"}},{"type":"Feature","geometry":{"type":"LineString","coordinates":[[48.05,58.79],[48.05,62.59]]},"properties":{"l":"road","c":"street"}},{"type":"Feature","geometry":{"type":"LineString","coordinates":[[46.11,50.56],[46.11,51.23]]},"properties":{"l":"road","c":"street"}},{"type":"Feature","geometry":{"type":"LineString","coordinates":[[46.11,55.16],[46.11,61.4]]},"properties":{"l":"road","c":"street"}},{"type":"Feature","geometry":{"type":"LineString","coordinates":[[44.47,49.21],[44.47,50.87]]},"properties":{"l":"road","c":"street"}},{"type":"Feature","geometry":{"type":"LineString","coordinates":[[44.47,50.87],[44.47,51.55]]},"properties":{"l":"road","c":"street"}},{"type":"Feature","geometry":{"type":"LineString","coordinates":[[44.47,55.04],[44.47,58.06]]},"properties":{"l":"road","c":"street"}},{"type":"Feature","geometry":{"type":"LineString","coordinates":[[44.47,60.68],[44.47,61.85]]},"properties":{"l":"road","c":"street"}},{"type":"Feature","geometry":{"type":"LineString","coordinates":[[42.64,50.09],[42.64,51.22]]},"properties":{"l":"road","c":"street"}},{"type":"Feature","geometry":{"type":"LineString","coordinates":[[42.64,54.71],[42.64,57.97]]},"properties":{"l":"road","c":"street"}},{"type":"Feature","geometry":{"type":"LineString","coordinates":[[42.64,60.69],[42.64,61.76]]},"properties":{"l":"road","c":"street"}},{"type":"Feature","geometry":{"type":"LineString","coordinates":[[41.17,54.48],[41.17,56.64]]},"properties":{"l":"road","c":"street"}},{"type":"Feature","geometry":{"type":"LineString","coordinates":[[41.17,60.59],[41.17,61.85]]},"properties":{"l":"road","c":"street"}},{"type":"Feature","geometry":{"type":"LineString","coordinates":[[39.42,54.28],[39.42,58.33]]},"properties":{"l":"road","c":"street"}},{"type":"Feature","geometry":{"type":"LineString","coordinates":[[39.42,58.33],[39.42,62.26]]},"properties":{"l":"road","c":"street"}},{"type":"Feature","geometry":{"type":"LineString","coordinates":[[37.6,54.61],[37.6,57.54]]},"properties":{"l":"road","c":"street"}},{"type":"Feature","geometry":{"type":"LineString","coordinates":[[37.6,60.81],[37.6,63.68]]},"properties":{"l":"road","c":"street"}},{"type":"Feature","geometry":{"type":"LineString","coordinates":[[35.76,54.76],[35.76,59.55]]},"properties":{"l":"road","c":"street"}},{"type":"Feature","geometry":{"type":"LineString","coordinates":[[35.76,59.55],[35.76,63.54]]},"properties":{"l":"road","c":"street"}},{"type":"Feature","geometry":{"type":"LineString","coordinates":[[35.76,63.54],[35.76,65.32]]},"properties":{"l":"road","c":"street"}},{"type":"Feature","geometry":{"type":"LineString","coordinates":[[34.1,57.72],[34.1,60.75]]},"properties":{"l":"road","c":"street"}},{"type":"Feature","geometry":{"type":"LineString","coordinates":[[34.1,60.75],[34.1,63.81]]},"properties":{"l":"road","c":"street"}},{"type":"Feature","geometry":{"type":"LineString","coordinates":[[32.18,57.39],[32.18,62.05]]},"properties":{"l":"road","c":"street"}},{"type":"Feature","geometry":{"type":"LineString","coordinates":[[30.6,56.35],[30.6,59.56]]},"properties":{"l":"road","c":"street"}},{"type":"Feature","geometry":{"type":"LineString","coordinates":[[30.6,59.56],[30.6,60.6]]},"properties":{"l":"road","c":"street"}},{"type":"Feature","geometry":{"type":"LineString","coordinates":[[27.6,59.16],[29.79,60.19]]},"properties":{"l":"road","c":"street"}},{"type":"Feature","geometry":{"type":"LineString","coordinates":[[26.54,59.91],[32.55,62.71]]},"properties":{"l":"road","c":"street"}},{"type":"Feature","geometry":{"type":"LineString","coordinates":[[25.42,60.58],[35.21,65.15]]},"properties":{"l":"road","c":"street"}},{"type":"Feature","geometry":{"type":"LineString","coordinates":[[24.43,61.2],[36.9,67.02]]},"properties":{"l":"road","c":"street"}},{"type":"Feature","geometry":{"type":"LineString","coordinates":[[23.48,62.15],[36.86,68.39]]},"properties":{"l":"road","c":"street"}},{"type":"Feature","geometry":{"type":"LineString","coordinates":[[22.6,63.18],[36.87,69.83]]},"properties":{"l":"road","c":"street"}},{"type":"Feature","geometry":{"type":"LineString","coordinates":[[21.91,63.98],[36.91,70.98]]},"properties":{"l":"road","c":"street"}},{"type":"Feature","geometry":{"type":"LineString","coordinates":[[21.13,64.95],[36.99,72.34]]},"properties":{"l":"road","c":"street"}},{"type":"Feature","geometry":{"type":"LineString","coordinates":[[20.38,65.87],[37.11,73.68]]},"properties":{"l":"road","c":"street"}},{"type":"Feature","geometry":{"type":"LineString","coordinates":[[19.82,66.85],[37.26,74.99]]},"properties":{"l":"road","c":"street"}},{"type":"Feature","geometry":{"type":"LineString","coordinates":[[19.19,67.86],[37.47,76.39]]},"properties":{"l":"road","c":"street"}},{"type":"Feature","geometry":{"type":"LineString","coordinates":[[18.55,68.9],[37.75,77.85]]},"properties":{"l":"road","c":"street"}},{"type":"Feature","geometry":{"type":"LineString","coordinates":[[18.05,69.84],[38.06,79.17]]},"properties":{"l":"road","c":"street"}},{"type":"Feature","geometry":{"type":"LineString","coordinates":[[17.96,71.02],[38.45,80.57]]},"properties":{"l":"road","c":"street"}},{"type":"Feature","geometry":{"type":"LineString","coordinates":[[18.15,72.38],[35.31,80.38]]},"properties":{"l":"road","c":"street"}},{"type":"Feature","geometry":{"type":"LineString","coordinates":[[18.46,73.99],[29.7,79.23]]},"properties":{"l":"road","c":"street"}},{"type":"Feature","geometry":{"type":"LineString","coordinates":[[18.43,75.42],[24.19,78.11]]},"properties":{"l":"road","c":"street"}},{"type":"Feature","geometry":{"type":"LineString","coordinates":[[17.98,76.59],[18.92,77.03]]},"properties":{"l":"road","c":"street"}},{"type":"Feature","geometry":{"type":"LineString","coordinates":[[38.26,79.94],[38.01,80.47]]},"properties":{"l":"road","c":"street"}},{"type":"Feature","geometry":{"type":"LineString","coordinates":[[37.6,77.1],[36.14,80.25]]},"properties":{"l":"road","c":"street"}},{"type":"Feature","geometry":{"type":"LineString","coordinates":[[37.01,72.62],[36.19,74.4]]},"properties":{"l":"road","c":"street"}},{"type":"Feature","geometry":{"type":"LineString","coordinates":[[36.19,74.4],[34.49,78.04]]},"properties":{"l":"road","c":"street"}},{"type":"Feature","geometry":{"type":"LineString","coordinates":[[34.49,78.04],[33.56,80.02]]},"properties":{"l":"road","c":"street"}},{"type":"Feature","geometry":{"type":"LineString","coordinates":[[36.85,68.72],[35.8,70.98]]},"properties":{"l":"road","c":"street"}},{"type":"Feature","geometry":{"type":"LineString","coordinates":[[33.44,76.04],[32.23,78.65]]},"properties":{"l":"road","c":"street"}},{"type":"Feature","geometry":{"type":"LineString","coordinates":[[32.23,78.65],[31.76,79.65]]},"properties":{"l":"road","c":"street"}},{"type":"Feature","geometry":{"type":"LineString","coordinates":[[36.05,65.91],[34.79,68.62]]},"properties":{"l":"road","c":"street"}},{"type":"Feature","geometry":{"type":"LineString","coordinates":[[34.79,68.62],[32.39,73.77]]},"properties":{"l":"road","c":"street"}},{"type":"Feature","geometry":{"type":"LineString","coordinates":[[32.39,73.77],[29.83,79.26]]},"properties":{"l":"road","c":"street"}},{"type":"Feature","geometry":{"type":"LineString","coordinates":[[34.27,64.29],[31.93,69.31]]},"properties":{"l":"road","c":"street"}},{"type":"Feature","geometry":{"type":"LineString","coordinates":[[31.93,69.31],[29.52,74.47]]},"properties":{"l":"road","c":"street"}},{"type":"Feature","geometry":{"type":"LineString","coordinates":[[29.52,74.47],[27.51,78.78]]},"properties":{"l":"road","c":"street"}},{"type":"Feature","geometry":{"type":"LineString","coordinates":[[32.64,62.79],[30.47,67.44]]},"properties":{"l":"road","c":"street"}},{"type":"Feature","geometry":{"type":"LineString","coordinates":[[30.47,67.44],[29.26,70.05]]},"properties":{"l":"road","c":"street"}},{"type":"Feature","geometry":{"type":"LineString","coordinates":[[29.26,70.05],[26.27,76.46]]},"properties":{"l":"road","c":"street"}},{"type":"Feature","geometry":{"type":"LineString","coordinates":[[26.27,76.46],[25.39,78.35]]},"properties":{"l":"road","c":"street"}},{"type":"Feature","geometry":{"type":"LineString","coordinates":[[31.26,61.54],[30.66,62.84]]},"properties":{"l":"road","c":"street"}},{"type":"Feature","geometry":{"type":"LineString","coordinates":[[30.66,62.84],[28.81,66.8]]},"properties":{"l":"road","c":"street"}},{"type":"Feature","geometry":{"type":"LineString","coordinates":[[28.81,66.8],[26.29,72.2]]},"properties":{"l":"road","c":"street"}},{"type":"Feature","geometry":{"type":"LineString","coordinates":[[26.29,72.2],[23.59,77.98]]},"properties":{"l":"road","c":"street"}},{"type":"Feature","geometry":{"type":"LineString","coordinates":[[29.86,60.25],[28.21,63.79]]},"properties":{"l":"road","c":"street"}},{"type":"Feature","geometry":{"type":"LineString","coordinates":[[28.21,63.79],[26.91,66.57]]},"properties":{"l":"road","c":"street"}},{"type":"Feature","geometry":{"type":"LineString","coordinates":[[26.91,66.57],[24.97,70.72]]},"properties":{"l":"road","c":"street"}},{"type":"Feature","geometry":{"type":"LineString","coordinates":[[24.97,70.72],[22.84,75.29]]},"properties":{"l":"road","c":"street"}},{"type":"Feature","geometry":{"type":"LineString","coordinates":[[22.84,75.29],[21.76,77.61]]},"properties":{"l":"road","c":"street"}},{"type":"Feature","geometry":{"type":"LineString","coordinates":[[27.43,61.14],[25.72,64.8]]},"properties":{"l":"road","c":"street"}},{"type":"Feature","geometry":{"type":"LineString","coordinates":[[25.72,64.8],[24.21,68.03]]},"properties":{"l":"road","c":"street"}},{"type":"Feature","geometry":{"type":"LineString","coordinates":[[24.21,68.03],[21.25,74.39]]},"properties":{"l":"road","c":"street"}},{"type":"Feature","geometry":{"type":"LineString","coordinates":[[21.25,74.39],[19.92,77.23]]},"properties":{"l":"road","c":"street"}},{"type":"Feature","geometry":{"type":"LineString","coordinates":[[25.42,60.58],[25.03,61.42]]},"properties":{"l":"road","c":"street"}},{"type":"Feature","geometry":{"type":"LineString","coordinates":[[25.03,61.42],[23.7,64.28]]},"properties":{"l":"road","c":"street"}},{"type":"Feature","geometry":{"type":"LineString","coordinates":[[23.7,64.28],[22.59,66.64]]},"properties":{"l":"road","c":"street"}},{"type":"Feature","geometry":{"type":"LineString","coordinates":[[22.59,66.64],[21.43,69.14]]},"properties":{"l":"road","c":"street"}},{"type":"Feature","geometry":{"type":"LineString","coordinates":[[18.53,75.37],[18.27,75.92]]},"properties":{"l":"road","c":"street"}},{"type":"Feature","geometry":{"type":"LineString","coordinates":[[21.76,64.19],[21.39,64.98]]},"properties":{"l":"road","c":"street"}},{"type":"Feature","geometry":{"type":"LineString","coordinates":[[53.88,58.26],[54.8,58.05]]},"properties":{"l":"road","c":"street"}},{"type":"Feature","geometry":{"type":"LineString","coordinates":[[53.3,59.34],[56.87,58.52]]},"properties":{"l":"road","c":"street"}},{"type":"Feature","geometry":{"type":"LineString","coordinates":[[52.76,60.36],[58.8,58.97]]},"properties":{"l":"road","c":"street"}},{"type":"Feature","geometry":{"type":"LineString","coordinates":[[52.14,61.53],[61.03,59.48]]},"properties":{"l":"road","c":"street"}},{"type":"Feature","geometry":{"type":"LineString","coordinates":[[51.57,62.61],[63.09,59.95]]},"properties":{"l":"road","c":"street"}},{"type":"Feature","geometry":{"type":"LineString","coordinates":[[51.0,63.68],[65.13,60.42]]},"properties":{"l":"road","c":"street"}},{"type":"Feature","geometry":{"type":"LineString","coordinates":[[50.46,64.71],[67.09,60.87]]},"properties":{"l":"road","c":"street"}},{"type":"Feature","geometry":{"type":"LineString","coordinates":[[50.46,65.6],[69.02,61.32]]},"properties":{"l":"road","c":"street"}},{"type":"Feature","geometry":{"type":"LineString","coordinates":[[51.19,66.47],[71.28,61.84]]},"properties":{"l":"road","c":"street"}},{"type":"Feature","geometry":{"type":"LineString","coordinates":[[51.91,67.41],[73.67,62.39]]},"properties":{"l":"road","c":"street"}},{"type":"Feature","geometry":{"type":"LineString","coordinates":[[52.44,68.21],[75.68,62.85]]},"properties":{"l":"road","c":"street"}},{"type":"Feature","geometry":{"type":"LineString","coordinates":[[52.96,69.17],[73.82,64.35]]},"properties":{"l":"road","c":"street"}},{"type":"Feature","geometry":{"type":"LineString","coordinates":[[53.33,70.0],[73.65,65.3]]},"properties":{"l":"road","c":"street"}},{"type":"Feature","geometry":{"type":"LineString","coordinates":[[53.69,70.97],[73.55,66.38]]},"properties":{"l":"road","c":"street"}},{"type":"Feature","geometry":{"type":"LineString","coordinates":[[53.92,71.81],[73.38,67.32]]},"properties":{"l":"road","c":"street"}},{"type":"Feature","geometry":{"type":"LineString","coordinates":[[54.12,72.76],[73.12,68.37]]},"properties":{"l":"road","c":"street"}},{"type":"Feature","geometry":{"type":"LineString","coordinates":[[54.24,73.68],[73.19,69.3]]},"properties":{"l":"road","c":"street"}},{"type":"Feature","geometry":{"type":"LineString","coordinates":[[54.34,74.75],[73.43,70.34]]},"properties":{"l":"road","c":"street"}},{"type":"Feature","geometry":{"type":"LineString","coordinates":[[54.4,75.79],[73.6,71.35]]},"properties":{"l":"road","c":"street"}},{"type":"Feature","geometry":{"type":"LineString","coordinates":[[54.42,76.64],[73.73,72.18]]},"properties":{"l":"road","c":"street"}},{"type":"Feature","geometry":{"type":"LineString","coordinates":[[54.42,77.49],[73.89,72.99]]},"properties":{"l":"road","c":"street"}},{"type":"Feature","geometry":{"type":"LineString","coordinates":[[54.39,78.46],[73.39,74.07]]},"properties":{"l":"road","c":"street"}},{"type":"Feature","geometry":{"type":"LineString","coordinates":[[54.33,79.36],[72.61,75.13]]},"properties":{"l":"road","c":"street"}},{"type":"Feature","geometry":{"type":"LineString","coordinates":[[54.25,80.27],[71.26,76.34]]},"properties":{"l":"road","c":"street"}},{"type":"Feature","geometry":{"type":"LineString","coordinates":[[57.51,80.63],[68.42,78.11]]},"properties":{"l":"road","c":"street"}},{"type":"Feature","geometry":{"type":"LineString","coordinates":[[64.85,80.05],[67.16,79.52]]},"properties":{"l":"road","c":"street"}},{"type":"Feature","geometry":{"type":"LineString","coordinates":[[74.26,62.52],[74.37,63.01]]},"properties":{"l":"road","c":"street"}},{"type":"Feature","geometry":{"type":"LineString","coordinates":[[72.44,62.1],[73.5,66.72]]},"properties":{"l":"road","c":"street"}},{"type":"Feature","geometry":{"type":"LineString","coordinates":[[70.66,61.87],[71.54,65.7]]},"properties":{"l":"road","c":"street"}},{"type":"Feature","geometry":{"type":"LineString","coordinates":[[71.54,65.7],[72.34,69.17]]},"properties":{"l":"road","c":"street"}},{"type":"Feature","geometry":{"type":"LineString","coordinates":[[72.34,69.17],[73.24,73.08]]},"properties":{"l":"road","c":"street"}},{"type":"Feature","geometry":{"type":"LineString","coordinates":[[73.24,73.08],[73.45,73.99]]},"properties":{"l":"road","c":"street"}},{"type":"Feature","geometry":{"type":"LineString","coordinates":[[68.8,61.27],[70.19,67.31]]},"properties":{"l":"road","c":"street"}},{"type":"Feature","geometry":{"type":"LineString","coordinates":[[70.19,67.31],[71.76,74.08]]},"properties":{"l":"road","c":"street"}},{"type":"Feature","geometry":{"type":"LineString","coordinates":[[71.76,74.08],[72.13,75.69]]},"properties":{"l":"road","c":"street"}},{"type":"Feature","geometry":{"type":"LineString","coordinates":[[68.63,67.92],[69.5,71.67]]},"properties":{"l":"road","c":"street"}},{"type":"Feature","geometry":{"type":"LineString","coordinates":[[69.5,71.67],[70.67,76.75]]},"properties":{"l":"road","c":"street"}},{"type":"Feature","geometry":{"type":"LineString","coordinates":[[65.18,60.43],[65.31,60.99]]},"properties":{"l":"road","c":"street"}},{"type":"Feature","geometry":{"type":"LineString","coordinates":[[65.31,60.99],[66.17,64.73]]},"properties":{"l":"road","c":"street"}},{"type":"Feature","geometry":{"type":"LineString","coordinates":[[66.17,64.73],[67.22,69.26]]},"properties":{"l":"road","c":"street"}},{"type":"Feature","geometry":{"type":"LineString","coordinates":[[67.22,69.26],[68.15,73.29]]},"properties":{"l":"road","c":"street"}},{"type":"Feature","geometry":{"type":"LineString","coordinates":[[68.15,73.29],[69.13,77.55]]},"properties":{"l":"road","c":"street"}},{"type":"Feature","geometry":{"type":"LineString","coordinates":[[63.64,60.08],[63.94,61.4]]},"properties":{"l":"road","c":"street"}},{"type":"Feature","geometry":{"type":"LineString","coordinates":[[63.94,61.4],[64.56,64.08]]},"properties":{"l":"road","c":"street"}},{"type":"Feature","geometry":{"type":"LineString","coordinates":[[66.5,72.5],[67.62,77.34]]},"properties":{"l":"road","c":"street"}},{"type":"Feature","geometry":{"type":"LineString","coordinates":[[67.62,77.34],[67.93,78.69]]},"properties":{"l":"road","c":"street"}},{"type":"Feature","geometry":{"type":"LineString","coordinates":[[61.96,59.69],[63.04,64.39]]},"properties":{"l":"road","c":"street"}},{"type":"Feature","geometry":{"type":"LineString","coordinates":[[63.04,64.39],[64.43,70.39]]},"properties":{"l":"road","c":"street"}},{"type":"Feature","geometry":{"type":"LineString","coordinates":[[64.43,70.39],[65.95,76.98]]},"properties":{"l":"road","c":"street"}},{"type":"Feature","geometry":{"type":"LineString","coordinates":[[65.95,76.98],[66.63,79.91]]},"properties":{"l":"road","c":"street"}},{"type":"Feature","geometry":{"type":"LineString","coordinates":[[59.99,59.24],[61.09,64.0]]},"properties":{"l":"road","c":"street"}},{"type":"Feature","geometry":{"type":"LineString","coordinates":[[61.09,64.0],[62.24,68.97]]},"properties":{"l":"road","c":"street"}},{"type":"Feature","geometry":{"type":"LineString","coordinates":[[62.24,68.97],[63.24,73.33]]},"properties":{"l":"road","c":"street"}},{"type":"Feature","geometry":{"type":"LineString","coordinates":[[63.24,73.33],[64.15,77.24]]},"properties":{"l":"road","c":"street"}},{"type":"Feature","geometry":{"type":"LineString","coordinates":[[64.15,77.24],[64.8,80.05]]},"properties":{"l":"road","c":"street"}},{"type":"Feature","geometry":{"type":"LineString","coordinates":[[58.6,60.78],[59.84,66.14]]},"properties":{"l":"road","c":"street"}},{"type":"Feature","geometry":{"type":"LineString","coordinates":[[59.84,66.14],[60.52,69.08]]},"properties":{"l":"road","c":"street"}},{"type":"Feature","geometry":{"type":"LineString","coordinates":[[60.52,69.08],[62.09,75.86]]},"properties":{"l":"road","c":"street"}},{"type":"Feature","geometry":{"type":"LineString","coordinates":[[62.09,75.86],[63.09,80.19]]},"properties":{"l":"road","c":"street"}},{"type":"Feature","geometry":{"type":"LineString","coordinates":[[56.58,58.45],[57.32,61.69]]},"properties":{"l":"road","c":"street"}},{"type":"Feature","geometry":{"type":"LineString","coordinates":[[57.32,61.69],[58.09,65.01]]},"properties":{"l":"road","c":"street"}},{"type":"Feature","geometry":{"type":"LineString","coordinates":[[58.91,68.56],[60.56,75.71]]},"properties":{"l":"road","c":"street"}},{"type":"Feature","geometry":{"type":"LineString","coordinates":[[60.56,75.71],[61.28,78.82]]},"properties":{"l":"road","c":"street"}},{"type":"Feature","geometry":{"type":"LineString","coordinates":[[61.28,78.82],[61.62,80.3]]},"properties":{"l":"road","c":"street"}},{"type":"Feature","geometry":{"type":"LineString","coordinates":[[56.0,64.24],[57.47,70.59]]},"properties":{"l":"road","c":"street"}},{"type":"Feature","geometry":{"type":"LineString","coordinates":[[57.47,70.59],[59.03,77.35]]},"properties":{"l":"road","c":"street"}},{"type":"Feature","geometry":{"type":"LineString","coordinates":[[59.03,77.35],[59.75,80.45]]},"properties":{"l":"road","c":"street"}},{"type":"Feature","geometry":{"type":"LineString","coordinates":[[53.18,59.57],[53.85,62.44]]},"properties":{"l":"road","c":"street"}},{"type":"Feature","geometry":{"type":"LineString","coordinates":[[53.85,62.44],[55.11,67.94]]},"properties":{"l":"road","c":"street"}},{"type":"Feature","geometry":{"type":"LineString","coordinates":[[55.11,67.94],[56.49,73.88]]},"properties":{"l":"road","c":"street"}},{"type":"Feature","geometry":{"type":"LineString","coordinates":[[56.49,73.88],[57.43,77.97]]},"properties":{"l":"road","c":"street"}},{"type":"Feature","geometry":{"type":"LineString","coordinates":[[57.43,77.97],[58.04,80.59]]},"properties":{"l":"road","c":"street"}},{"type":"Feature","geometry":{"type":"LineString","coordinates":[[51.94,61.92],[52.89,66.05]]},"properties":{"l":"road","c":"street"}},{"type":"Feature","geometry":{"type":"LineString","coordinates":[[52.89,66.05],[53.76,69.81]]},"properties":{"l":"road","c":"street"}},{"type":"Feature","geometry":{"type":"LineString","coordinates":[[53.76,69.81],[54.46,72.84]]},"properties":{"l":"road","c":"street"}},{"type":"Feature","geometry":{"type":"LineString","coordinates":[[54.46,72.84],[55.74,78.39]]},"properties":{"l":"road","c":"street"}},{"type":"Feature","geometry":{"type":"LineString","coordinates":[[55.74,78.39],[56.28,80.73]]},"properties":{"l":"road","c":"street"}},{"type":"Feature","geometry":{"type":"LineString","coordinates":[[50.83,64.01],[51.48,66.84]]},"properties":{"l":"road","c":"street"}},{"type":"Feature","geometry":{"type":"LineString","coordinates":[[54.34,79.23],[54.72,80.85]]},"properties":{"l":"road","c":"street"}},{"type":"Feature","geometry":{"type":"LineString","coordinates":[[37.68,81.11],[38.44,81.51]]},"properties":{"l":"road","c":"street"}},{"type":"Feature","geometry":{"type":"LineString","coordinates":[[34.27,80.41],[38.13,82.46]]},"properties":{"l":"road","c":"street"}},{"type":"Feature","geometry":{"type":"LineString","coordinates":[[30.93,79.73],[37.83,83.39]]},"properties":{"l":"road","c":"street"}},{"type":"Feature","geometry":{"type":"LineString","coordinates":[[26.96,78.92],[37.46,84.5]]},"properties":{"l":"road","c":"street"}},{"type":"Feature","geometry":{"type":"LineString","coordinates":[[23.24,78.16],[37.12,85.54]]},"properties":{"l":"road","c":"street"}},{"type":"Feature","geometry":{"type":"LineString","coordinates":[[19.82,77.46],[36.81,86.49]]},"properties":{"l":"road","c":"street"}},{"type":"Feature","geometry":{"type":"LineString","coordinates":[[17.58,77.34],[36.51,87.41]]},"properties":{"l":"road","c":"street"}},{"type":"Feature","geometry":{"type":"LineString","coordinates":[[17.12,78.13],[36.22,88.29]]},"properties":{"l":"road","c":"street"}},{"type":"Feature","geometry":{"type":"LineString","coordinates":[[16.61,79.04],[35.9,89.29]]},"properties":{"l":"road","c":"street"}},{"type":"Feature","geometry":{"type":"LineString","coordinates":[[16.12,80.06],[35.54,90.38]]},"properties":{"l":"road","c":"street"}},{"type":"Feature","geometry":{"type":"LineString","coordinates":[[15.78,80.89],[35.26,91.25]]},"properties":{"l":"road","c":"street"}},{"type":"Feature","geometry":{"type":"LineString","coordinates":[[15.43,81.82],[34.95,92.2]]},"properties":{"l":"road","c":"street"}},{"type":"Feature","geometry":{"type":"LineString","coordinates":[[14.99,82.66],[34.65,93.11]]},"properties":{"l":"road","c":"street"}},{"type":"Feature","geometry":{"type":"LineString","coordinates":[[14.51,83.58],[34.32,94.11]]},"properties":{"l":"road","c":"street"}},{"type":"Feature","geometry":{"type":"LineString","coordinates":[[14.32,84.52],[33.17,94.54]]},"properties":{"l":"road","c":"street"}},{"type":"Feature","geometry":{"type":"LineString","coordinates":[[14.36,85.52],[31.75,94.76]]},"properties":{"l":"road","c":"street"}},{"type":"Feature","geometry":{"type":"LineString","coordinates":[[14.32,86.69],[30.0,95.03]]},"properties":{"l":"road","c":"street"}},{"type":"Feature","geometry":{"type":"LineString","coordinates":[[14.35,87.77],[28.45,95.27]]},"properties":{"l":"road","c":"street"}},{"type":"Feature","geometry":{"type":"LineString","coordinates":[[14.32,88.94],[26.72,95.54]]},"properties":{"l":"road","c":"street"}},{"type":"Feature","geometry":{"type":"LineString","coordinates":[[14.56,90.35],[24.86,95.82]]},"properties":{"l":"road","c":"street"}},{"type":"Feature","geometry":{"type":"LineString","coordinates":[[15.15,91.82],[23.16,96.08]]},"properties":{"l":"road","c":"street"}},{"type":"Feature","geometry":{"type":"LineString","coordinates":[[16.11,93.62],[21.29,96.37]]},"properties":{"l":"road","c":"street"}},{"type":"Feature","geometry":{"type":"LineString","coordinates":[[16.44,95.03],[19.48,96.65]]},"properties":{"l":"road","c":"street"}},{"type":"Feature","geometry":{"type":"LineString","coordinates":[[16.41,95.99],[18.06,96.87]]},"properties":{"l":"road","c":"street"}},{"type":"Feature","geometry":{"type":"LineString","coordinates":[[35.54,90.4],[33.48,94.26]]},"properties":{"l":"road","c":"street"}},{"type":"Feature","geometry":{"type":"LineString","coordinates":[[35.02,87.82],[33.32,91.01]]},"properties":{"l":"road","c":"street"}},{"type":"Feature","geometry":{"type":"LineString","coordinates":[[33.32,91.01],[31.28,94.83]]},"properties":{"l":"road","c":"street"}},{"type":"Feature","geometry":{"type":"LineString","coordinates":[[36.77,80.92],[34.68,84.85]]},"properties":{"l":"road","c":"street"}},{"type":"Feature","geometry":{"type":"LineString","coordinates":[[34.68,84.85],[32.93,88.14]]},"properties":{"l":"road","c":"street"}},{"type":"Feature","geometry":{"type":"LineString","coordinates":[[29.54,94.53],[29.2,95.16]]},"properties":{"l":"road","c":"street"}},{"type":"Feature","geometry":{"type":"LineString","coordinates":[[34.93,80.55],[32.01,86.04]]},"properties":{"l":"road","c":"street"}},{"type":"Feature","geometry":{"type":"LineString","coordinates":[[30.28,89.3],[28.64,92.39]]},"properties":{"l":"road","c":"street"}},{"type":"Feature","geometry":{"type":"LineString","coordinates":[[28.64,92.39],[26.98,95.5]]},"properties":{"l":"road","c":"street"}},{"type":"Feature","geometry":{"type":"LineString","coordinates":[[33.05,80.16],[32.51,81.17]]},"properties":{"l":"road","c":"street"}},{"type":"Feature","geometry":{"type":"LineString","coordinates":[[32.51,81.17],[29.98,85.93]]},"properties":{"l":"road","c":"street"}},{"type":"Feature","geometry":{"type":"LineString","coordinates":[[29.98,85.93],[28.31,89.07]]},"properties":{"l":"road","c":"street"}},{"type":"Feature","geometry":{"type":"LineString","coordinates":[[28.31,89.07],[26.8,91.91]]},"properties":{"l":"road","c":"street"}},{"type":"Feature","geometry":{"type":"LineString","coordinates":[[26.8,91.91],[24.71,95.85]]},"properties":{"l":"road","c":"street"}},{"type":"Feature","geometry":{"type":"LineString","coordinates":[[31.5,80.06],[28.0,86.63]]},"properties":{"l":"road","c":"street"}},{"type":"Feature","geometry":{"type":"LineString","coordinates":[[28.0,86.63],[26.33,89.79]]},"properties":{"l":"road","c":"street"}},{"type":"Feature","geometry":{"type":"LineString","coordinates":[[26.33,89.79],[24.27,93.66]]},"properties":{"l":"road","c":"street"}},{"type":"Feature","geometry":{"type":"LineString","coordinates":[[24.27,93.66],[22.96,96.12]]},"properties":{"l":"road","c":"street"}},{"type":"Feature","geometry":{"type":"LineString","coordinates":[[29.89,79.52],[28.21,82.68]]},"properties":{"l":"road","c":"street"}},{"type":"Feature","geometry":{"type":"LineString","coordinates":[[26.79,85.34],[24.19,90.24]]},"properties":{"l":"road","c":"street"}},{"type":"Feature","geometry":{"type":"LineString","coordinates":[[24.19,90.24],[20.89,96.43]]},"properties":{"l":"road","c":"street"}},{"type":"Feature","geometry":{"type":"LineString","coordinates":[[28.29,79.19],[27.67,80.36]]},"properties":{"l":"road","c":"street"}},{"type":"Feature","geometry":{"type":"LineString","coordinates":[[27.67,80.36],[24.2,86.89]]},"properties":{"l":"road","c":"street"}},{"type":"Feature","geometry":{"type":"LineString","coordinates":[[22.69,89.73],[20.05,94.69]]},"properties":{"l":"road","c":"street"}},{"type":"Feature","geometry":{"type":"LineString","coordinates":[[20.05,94.69],[18.96,96.73]]},"properties":{"l":"road","c":"street"}},{"type":"Feature","geometry":{"type":"LineString","coordinates":[[26.86,78.9],[25.48,81.5]]},"properties":{"l":"road","c":"street"}},{"type":"Feature","geometry":{"type":"LineString","coordinates":[[25.48,81.5],[22.98,86.18]]},"properties":{"l":"road","c":"street"}},{"type":"Feature","geometry":{"type":"LineString","coordinates":[[22.98,86.18],[19.99,91.81]]},"properties":{"l":"road","c":"street"}},{"type":"Feature","geometry":{"type":"LineString","coordinates":[[25.03,78.52],[21.93,84.34]]},"properties":{"l":"road","c":"street"}},{"type":"Feature","geometry":{"type":"LineString","coordinates":[[21.93,84.34],[18.99,89.88]]},"properties":{"l":"road","c":"street"}},{"type":"Feature","geometry":{"type":"LineString","coordinates":[[23.58,78.23],[22.8,79.69]]},"properties":{"l":"road","c":"street"}},{"type":"Feature","geometry":{"type":"LineString","coordinates":[[22.8,79.69],[20.82,83.41]]},"properties":{"l":"road","c":"street"}},{"type":"Feature","geometry":{"type":"LineString","coordinates":[[20.82,83.41],[18.51,87.76]]},"properties":{"l":"road","c":"street"}},{"type":"Feature","geometry":{"type":"LineString","coordinates":[[18.51,87.76],[15.75,92.95]]},"properties":{"l":"road","c":"street"}},{"type":"Feature","geometry":{"type":"LineString","coordinates":[[21.8,77.86],[20.44,80.42]]},"properties":{"l":"road","c":"street"}},{"type":"Feature","geometry":{"type":"LineString","coordinates":[[20.44,80.42],[18.5,84.08]]},"properties":{"l":"road","c":"street"}},{"type":"Feature","geometry":{"type":"LineString","coordinates":[[18.5,84.08],[15.29,90.11]]},"properties":{"l":"road","c":"street"}},{"type":"Feature","geometry":{"type":"LineString","coordinates":[[15.29,90.11],[14.81,91.02]]},"properties":{"l":"road","c":"street"}},{"type":"Feature","geometry":{"type":"LineString","coordinates":[[20.1,77.51],[17.01,83.32]]},"properties":{"l":"road","c":"street"}},{"type":"Feature","geometry":{"type":"LineString","coordinates":[[17.01,83.32],[14.59,87.88]]},"properties":{"l":"road","c":"street"}},{"type":"Feature","geometry":{"type":"LineString","coordinates":[[14.59,87.88],[14.35,88.31]]},"properties":{"l":"road","c":"street"}},{"type":"Feature","geometry":{"type":"LineString","coordinates":[[18.2,77.13],[17.62,78.22]]},"properties":{"l":"road","c":"street"}},{"type":"Feature","geometry":{"type":"LineString","coordinates":[[17.62,78.22],[16.3,80.69]]},"properties":{"l":"road","c":"street"}},{"type":"Feature","geometry":{"type":"LineString","coordinates":[[16.3,80.69],[14.92,83.29]]},"properties":{"l":"road","c":"street"}},{"type":"Feature","geometry":{"type":"LineString","coordinates":[[14.92,83.29],[14.32,84.43]]},"properties":{"l":"road","c":"street"}},{"type":"Feature","geometry":{"type":"LineString","coordinates":[[38.43,82.31],[39.21,82.39]]},"properties":{"l":"road","c":"street"}},{"type":"Feature","geometry":{"type":"LineString","coordinates":[[38.18,83.08],[39.77,83.25]]},"properties":{"l":"road","c":"street"}},{"type":"Feature","geometry":{"type":"LineString","coordinates":[[37.92,83.89],[40.67,84.18]]},"properties":{"l":"road","c":"street"}},{"type":"Feature","geometry":{"type":"LineString","coordinates":[[52.45,85.42],[53.03,85.48]]},"properties":{"l":"road","c":"street"}},{"type":"Feature","geometry":{"type":"LineString","coordinates":[[37.66,84.69],[42.49,85.19]]},"properties":{"l":"road","c":"street"}},{"type":"Feature","geometry":{"type":"LineString","coordinates":[[51.49,86.14],[53.25,86.32]]},"properties":{"l":"road","c":"street"}},{"type":"Feature","geometry":{"type":"LineString","coordinates":[[37.39,85.5],[53.47,87.19]]},"properties":{"l":"road","c":"street"}},{"type":"Feature","geometry":{"type":"LineString","coordinates":[[37.08,86.45],[53.73,88.2]]},"properties":{"l":"road","c":"street"}},{"type":"Feature","geometry":{"type":"LineString","coordinates":[[36.79,87.34],[53.97,89.14]]},"properties":{"l":"road","c":"street"}},{"type":"Feature","geometry":{"type":"LineString","coordinates":[[36.56,88.04],[54.16,89.89]]},"properties":{"l":"road","c":"street"}},{"type":"Feature","geometry":{"type":"LineString","coordinates":[[36.3,88.83],[48.16,90.07]]},"properties":{"l":"road","c":"street"}},{"type":"Feature","geometry":{"type":"LineString","coordinates":[[49.49,90.21],[54.37,90.73]]},"properties":{"l":"road","c":"street"}},{"type":"Feature","geometry":{"type":"LineString","coordinates":[[35.99,89.78],[46.91,90.93]]},"properties":{"l":"road","c":"street"}},{"type":"Feature","geometry":{"type":"LineString","coordinates":[[50.44,91.3],[54.63,91.74]]},"properties":{"l":"road","c":"street"}},{"type":"Feature","geometry":{"type":"LineString","coordinates":[[35.7,90.67],[46.75,91.83]]},"properties":{"l":"road","c":"street"}},{"type":"Feature","geometry":{"type":"LineString","coordinates":[[50.33,92.21],[54.87,92.69]]},"properties":{"l":"road","c":"street"}},{"type":"Feature","geometry":{"type":"LineString","coordinates":[[35.42,91.53],[47.36,92.78]]},"properties":{"l":"road","c":"street"}},{"type":"Feature","geometry":{"type":"LineString","coordinates":[[49.45,93.0],[55.11,93.6]]},"properties":{"l":"road","c":"street"}},{"type":"Feature","geometry":{"type":"LineString","coordinates":[[35.13,92.39],[55.34,94.52]]},"properties":{"l":"road","c":"street"}},{"type":"Feature","geometry":{"type":"LineString","coordinates":[[34.85,93.27],[55.58,95.45]]},"properties":{"l":"road","c":"street"}},{"type":"Feature","geometry":{"type":"LineString","coordinates":[[34.61,94.0],[55.78,96.23]]},"properties":{"l":"road","c":"street"}},{"type":"Feature","geometry":{"type":"LineString","coordinates":[[34.61,94.83],[56.0,97.08]]},"properties":{"l":"road","c":"street"}},{"type":"Feature","geometry":{"type":"LineString","coordinates":[[34.99,95.67],[56.2,97.9]]},"properties":{"l":"road","c":"street"}},{"type":"Feature","geometry":{"type":"LineString","coordinates":[[35.35,96.48],[56.41,98.69]]},"properties":{"l":"road","c":"street"}},{"type":"Feature","geometry":{"type":"LineString","coordinates":[[35.78,97.43],[56.64,99.62]]},"properties":{"l":"road","c":"street"}},{"type":"Feature","geometry":{"type":"LineString","coordinates":[[36.13,98.19],[56.84,100.37]]},"properties":{"l":"road","c":"street"}},{"type":"Feature","geometry":{"type":"LineString","coordinates":[[36.49,99.0],[55.63,101.01]]},"properties":{"l":"road","c":"street"}},{"type":"Feature","geometry":{"type":"LineString","coordinates":[[36.93,99.96],[50.52,101.38]]},"properties":{"l":"road","c":"street"}},{"type":"Feature","geometry":{"type":"LineString","coordinates":[[37.39,100.97],[45.13,101.78]]},"properties":{"l":"road","c":"street"}},{"type":"Feature","geometry":{"type":"LineString","coordinates":[[37.77,101.81],[40.65,102.11]]},"properties":{"l":"road","c":"street"}},{"type":"Feature","geometry":{"type":"LineString","coordinates":[[56.41,99.38],[56.24,100.96]]},"properties":{"l":"road","c":"street"}},{"type":"Feature","geometry":{"type":"LineString","coordinates":[[55.49,95.11],[55.1,98.87]]},"properties":{"l":"road","c":"street"}},{"type":"Feature","geometry":{"type":"LineString","coordinates":[[55.1,98.87],[54.87,101.06]]},"properties":{"l":"road","c":"street"}},{"type":"Feature","geometry":{"type":"LineString","coordinates":[[54.72,92.09],[54.65,92.8]]},"properties":{"l":"road","c":"street"}},{"type":"Feature","geometry":{"type":"LineString","coordinates":[[54.65,92.8],[54.15,97.48]]},"properties":{"l":"road","c":"street"}},{"type":"Feature","geometry":{"type":"LineString","coordinates":[[54.15,97.48],[53.77,101.15]]},"properties":{"l":"road","c":"street"}},{"type":"Feature","geometry":{"type":"LineString","coordinates":[[53.87,88.77],[53.81,89.33]]},"properties":{"l":"road","c":"street"}},{"type":"Feature","geometry":{"type":"LineString","coordinates":[[53.81,89.33],[53.21,95.06]]},"properties":{"l":"road","c":"street"}},{"type":"Feature","geometry":{"type":"LineString","coordinates":[[53.21,95.06],[52.58,101.03]]},"properties":{"l":"road","c":"street"}},{"type":"Feature","geometry":{"type":"LineString","coordinates":[[53.08,85.67],[52.91,87.23]]},"properties":{"l":"road","c":"street"}},{"type":"Feature","geometry":{"type":"LineString","coordinates":[[52.91,87.23],[52.49,91.3]]},"properties":{"l":"road","c":"street"}},{"type":"Feature","geometry":{"type":"LineString","coordinates":[[52.49,91.3],[52.01,95.88]]},"properties":{"l":"road","c":"street"}},{"type":"Feature","geometry":{"type":"LineString","coordinates":[[52.01,95.88],[51.58,99.95]]},"properties":{"l":"road","c":"street"}},{"type":"Feature","geometry":{"type":"LineString","coordinates":[[51.58,99.95],[51.43,101.32]]},"properties":{"l":"road","c":"street"}},{"type":"Feature","geometry":{"type":"LineString","coordinates":[[51.6,86.08],[51.41,87.89]]},"properties":{"l":"road","c":"street"}},{"type":"Feature","geometry":{"type":"LineString","coordinates":[[51.41,87.89],[50.82,93.47]]},"properties":{"l":"road","c":"street"}},{"type":"Feature","geometry":{"type":"LineString","coordinates":[[50.24,99.01],[49.99,101.42]]},"properties":{"l":"road","c":"street"}},{"type":"Feature","geometry":{"type":"LineString","coordinates":[[50.27,86.55],[49.87,90.44]]},"properties":{"l":"road","c":"street"}},{"type":"Feature","geometry":{"type":"LineString","coordinates":[[49.18,96.98],[48.7,101.52]]},"properties":{"l":"road","c":"street"}},{"type":"Feature","geometry":{"type":"LineString","coordinates":[[48.99,86.64],[48.78,88.57]]},"properties":{"l":"road","c":"street"}},{"type":"Feature","geometry":{"type":"LineString","coordinates":[[48.78,88.57],[48.63,90.03]]},"properties":{"l":"road","c":"street"}},{"type":"Feature","geometry":{"type":"LineString","coordinates":[[48.3,93.15],[47.89,97.04]]},"properties":{"l":"road","c":"street"}},{"type":"Feature","geometry":{"type":"LineString","coordinates":[[47.89,97.04],[47.41,101.61]]},"properties":{"l":"road","c":"street"}},{"type":"Feature","geometry":{"type":"LineString","coordinates":[[47.94,86.55],[47.9,86.98]]},"properties":{"l":"road","c":"street"}},{"type":"Feature","geometry":{"type":"LineString","coordinates":[[47.9,86.98],[47.55,90.3]]},"properties":{"l":"road","c":"street"}},{"type":"Feature","geometry":{"type":"LineString","coordinates":[[47.29,92.73],[47.11,94.42]]},"properties":{"l":"road","c":"street"}},{"type":"Feature","geometry":{"type":"LineString","coordinates":[[47.11,94.42],[46.5,100.22]]},"properties":{"l":"road","c":"street"}},{"type":"Feature","geometry":{"type":"LineString","coordinates":[[46.03,93.35],[45.75,96.03]]},"properties":{"l":"road","c":"street"}},{"type":"Feature","geometry":{"type":"LineString","coordinates":[[45.75,96.03],[45.37,99.67]]},"properties":{"l":"road","c":"street"}},{"type":"Feature","geometry":{"type":"LineString","coordinates":[[45.37,99.67],[45.14,101.78]]},"properties":{"l":"road","c":"street"}},{"type":"Feature","geometry":{"type":"LineString","coordinates":[[45.36,86.07],[45.2,87.53]]},"properties":{"l":"road","c":"street"}},{"type":"Feature","geometry":{"type":"LineString","coordinates":[[45.2,87.53],[44.67,92.61]]},"properties":{"l":"road","c":"street"}},{"type":"Feature","geometry":{"type":"LineString","coordinates":[[44.67,92.61],[43.98,99.12]]},"properties":{"l":"road","c":"street"}},{"type":"Feature","geometry":{"type":"LineString","coordinates":[[43.98,99.12],[43.69,101.89]]},"properties":{"l":"road","c":"street"}},{"type":"Feature","geometry":{"type":"LineString","coordinates":[[44.05,85.71],[43.72,88.85]]},"properties":{"l":"road","c":"street"}},{"type":"Feature","geometry":{"type":"LineString","coordinates":[[43.72,88.85],[43.13,94.49]]},"properties":{"l":"road","c":"street"}},{"type":"Feature","geometry":{"type":"LineString","coordinates":[[43.13,94.49],[42.62,99.37]]},"properties":{"l":"road","c":"street"}},{"type":"Feature","geometry":{"type":"LineString","coordinates":[[42.62,99.37],[42.34,101.99]]},"properties":{"l":"road","c":"street"}},{"type":"Feature","geometry":{"type":"LineString","coordinates":[[42.79,87.45],[42.36,91.5]]},"properties":{"l":"road","c":"street"}},{"type":"Feature","geometry":{"type":"LineString","coordinates":[[41.92,95.71],[41.58,98.92]]},"properties":{"l":"road","c":"street"}},{"type":"Feature","geometry":{"type":"LineString","coordinates":[[41.58,98.92],[41.25,102.07]]},"properties":{"l":"road","c":"street"}},{"type":"Feature","geometry":{"type":"LineString","coordinates":[[41.93,84.97],[41.63,87.83]]},"properties":{"l":"road","c":"street"}},{"type":"Feature","geometry":{"type":"LineString","coordinates":[[41.63,87.83],[41.26,91.37]]},"properties":{"l":"road","c":"street"}},{"type":"Feature","geometry":{"type":"LineString","coordinates":[[41.26,91.37],[40.85,95.27]]},"properties":{"l":"road","c":"street"}},{"type":"Feature","geometry":{"type":"LineString","coordinates":[[40.85,95.27],[40.47,98.88]]},"properties":{"l":"road","c":"street"}},{"type":"Feature","geometry":{"type":"LineString","coordinates":[[40.83,84.59],[40.07,91.83]]},"properties":{"l":"road","c":"street"}},{"type":"Feature","geometry":{"type":"LineString","coordinates":[[40.07,91.83],[39.57,96.59]]},"properties":{"l":"road","c":"street"}},{"type":"Feature","geometry":{"type":"LineString","coordinates":[[39.57,96.59],[39.22,99.96]]},"properties":{"l":"road","c":"street"}},{"type":"Feature","geometry":{"type":"LineString","coordinates":[[39.22,99.96],[38.98,102.23]]},"properties":{"l":"road","c":"street"}},{"type":"Feature","geometry":{"type":"LineString","coordinates":[[39.64,83.06],[39.5,84.37]]},"properties":{"l":"road","c":"street"}},{"type":"Feature","geometry":{"type":"LineString","coordinates":[[39.5,84.37],[39.05,88.66]]},"properties":{"l":"road","c":"street"}},{"type":"Feature","geometry":{"type":"LineString","coordinates":[[39.05,88.66],[38.32,95.56]]},"properties":{"l":"road","c":"street"}},{"type":"Feature","geometry":{"type":"LineString","coordinates":[[38.32,95.56],[37.68,101.63]]},"properties":{"l":"road","c":"street"}},{"type":"Feature","geometry":{"type":"LineString","coordinates":[[38.53,82.0],[38.26,84.59]]},"properties":{"l":"road","c":"street"}},{"type":"Feature","geometry":{"type":"LineString","coordinates":[[38.26,84.59],[37.58,91.06]]},"properties":{"l":"road","c":"street"}},{"type":"Feature","geometry":{"type":"LineString","coordinates":[[37.58,91.06],[37.29,93.83]]},"properties":{"l":"road","c":"street"}},{"type":"Feature","geometry":{"type":"LineString","coordinates":[[36.87,97.86],[36.7,99.45]]},"properties":{"l":"road","c":"street"}},{"type":"Feature","geometry":{"type":"LineString","coordinates":[[36.89,87.02],[36.57,90.11]]},"properties":{"l":"road","c":"street"}},{"type":"Feature","geometry":{"type":"LineString","coordinates":[[36.57,90.11],[36.19,93.64]]},"properties":{"l":"road","c":"street"}},{"type":"Feature","geometry":{"type":"LineString","coordinates":[[36.19,93.64],[35.79,97.45]]},"properties":{"l":"road","c":"street"}},{"type":"Feature","geometry":{"type":"LineString","coordinates":[[35.19,92.23],[34.86,95.38]]},"properties":{"l":"road","c":"street"}},{"type":"Feature","geometry":{"type":"LineString","coordinates":[[53.94,82.19],[64.67,80.3]]},"properties":{"l":"road","c":"street"}},{"type":"Feature","geometry":{"type":"LineString","coordinates":[[53.65,83.28],[65.81,81.13]]},"properties":{"l":"road","c":"street"}},{"type":"Feature","geometry":{"type":"LineString","coordinates":[[53.27,84.21],[66.05,81.96]]},"properties":{"l":"road","c":"street"}},{"type":"Feature","geometry":{"type":"LineString","coordinates":[[53.16,85.03],[66.67,82.65]]},"properties":{"l":"road","c":"street"}},{"type":"Feature","geometry":{"type":"LineString","coordinates":[[53.42,86.04],[67.37,83.58]]},"properties":{"l":"road","c":"street"}},{"type":"Feature","geometry":{"type":"LineString","coordinates":[[53.67,87.02],[67.98,84.5]]},"properties":{"l":"road","c":"street"}},{"type":"Feature","geometry":{"type":"LineString","coordinates":[[53.89,87.88],[69.24,85.18]]},"properties":{"l":"road","c":"street"}},{"type":"Feature","geometry":{"type":"LineString","coordinates":[[54.09,88.65],[70.94,85.68]]},"properties":{"l":"road","c":"street"}},{"type":"Feature","geometry":{"type":"LineString","coordinates":[[54.33,89.6],[72.9,86.32]]},"properties":{"l":"road","c":"street"}},{"type":"Feature","geometry":{"type":"LineString","coordinates":[[54.59,90.6],[75.01,87.0]]},"properties":{"l":"road","c":"street"}},{"type":"Feature","geometry":{"type":"LineString","coordinates":[[54.8,91.42],[76.33,87.62]]},"properties":{"l":"road","c":"street"}},{"type":"Feature","geometry":{"type":"LineString","coordinates":[[55.01,92.26],[76.5,88.47]]},"properties":{"l":"road","c":"street"}},{"type":"Feature","geometry":{"type":"LineString","coordinates":[[55.26,93.24],[77.22,89.36]]},"properties":{"l":"road","c":"street"}},{"type":"Feature","geometry":{"type":"LineString","coordinates":[[55.5,94.18],[81.06,89.67]]},"properties":{"l":"road","c":"street"}},{"type":"Feature","geometry":{"type":"LineString","coordinates":[[55.76,95.17],[64.4,93.65]]},"properties":{"l":"road","c":"street"}},{"type":"Feature","geometry":{"type":"LineString","coordinates":[[66.6,93.26],[78.63,91.14]]},"properties":{"l":"road","c":"street"}},{"type":"Feature","geometry":{"type":"LineString","coordinates":[[55.99,96.08],[63.49,94.76]]},"properties":{"l":"road","c":"street"}},{"type":"Feature","geometry":{"type":"LineString","coordinates":[[68.48,93.88],[75.63,92.62]]},"properties":{"l":"road","c":"street"}},{"type":"Feature","geometry":{"type":"LineString","coordinates":[[56.19,96.88],[63.52,95.59]]},"properties":{"l":"road","c":"street"}},{"type":"Feature","geometry":{"type":"LineString","coordinates":[[68.89,94.64],[72.99,93.92]]},"properties":{"l":"road","c":"street"}},{"type":"Feature","geometry":{"type":"LineString","coordinates":[[56.45,97.88],[64.15,96.52]]},"properties":{"l":"road","c":"street"}},{"type":"Feature","geometry":{"type":"LineString","coordinates":[[68.84,95.7],[69.68,95.55]]},"properties":{"l":"road","c":"street"}},{"type":"Feature","geometry":{"type":"LineString","coordinates":[[56.69,98.84],[66.5,97.11]]},"properties":{"l":"road","c":"street"}},{"type":"Feature","geometry":{"type":"LineString","coordinates":[[56.94,99.82],[63.27,98.7]]},"properties":{"l":"road","c":"street"}},{"type":"Feature","geometry":{"type":"LineString","coordinates":[[57.15,100.65],[60.53,100.05]]},"properties":{"l":"road","c":"street"}},{"type":"Feature","geometry":{"type":"LineString","coordinates":[[76.43,88.28],[77.07,91.91]]},"properties":{"l":"road","c":"street"}},{"type":"Feature","geometry":{"type":"LineString","coordinates":[[75.0,86.99],[75.34,88.92]]},"properties":{"l":"road","c":"street"}},{"type":"Feature","geometry":{"type":"LineString","coordinates":[[75.34,88.92],[75.96,92.45]]},"properties":{"l":"road","c":"street"}},{"type":"Feature","geometry":{"type":"LineString","coordinates":[[73.51,86.49],[74.29,90.92]]},"properties":{"l":"road","c":"street"}},{"type":"Feature","geometry":{"type":"LineString","coordinates":[[74.29,90.92],[74.67,93.09]]},"properties":{"l":"road","c":"street"}},{"type":"Feature","geometry":{"type":"LineString","coordinates":[[71.98,86.04],[72.31,87.9]]},"properties":{"l":"road","c":"street"}},{"type":"Feature","geometry":{"type":"LineString","coordinates":[[72.31,87.9],[73.29,93.44]]},"properties":{"l":"road","c":"street"}},{"type":"Feature","geometry":{"type":"LineString","coordinates":[[70.25,85.46],[71.08,90.17]]},"properties":{"l":"road","c":"street"}},{"type":"Feature","geometry":{"type":"LineString","coordinates":[[71.08,90.17],[71.64,93.33]]},"properties":{"l":"road","c":"street"}},{"type":"Feature","geometry":{"type":"LineString","coordinates":[[71.64,93.33],[71.84,94.48]]},"properties":{"l":"road","c":"street"}},{"type":"Feature","geometry":{"type":"LineString","coordinates":[[68.78,85.01],[69.97,91.77]]},"properties":{"l":"road","c":"street"}},{"type":"Feature","geometry":{"type":"LineString","coordinates":[[66.98,83.04],[67.16,84.03]]},"properties":{"l":"road","c":"street"}},{"type":"Feature","geometry":{"type":"LineString","coordinates":[[67.16,84.03],[67.98,88.69]]},"properties":{"l":"road","c":"street"}},{"type":"Feature","geometry":{"type":"LineString","coordinates":[[67.98,88.69],[69.02,94.6]]},"properties":{"l":"road","c":"street"}},{"type":"Feature","geometry":{"type":"LineString","coordinates":[[69.02,94.6],[69.23,95.77]]},"properties":{"l":"road","c":"street"}},{"type":"Feature","geometry":{"type":"LineString","coordinates":[[65.1,80.27],[65.47,82.32]]},"properties":{"l":"road","c":"street"}},{"type":"Feature","geometry":{"type":"LineString","coordinates":[[65.47,82.32],[66.0,85.34]]},"properties":{"l":"road","c":"street"}},{"type":"Feature","geometry":{"type":"LineString","coordinates":[[66.0,85.34],[66.81,89.94]]},"properties":{"l":"road","c":"street"}},{"type":"Feature","geometry":{"type":"LineString","coordinates":[[66.81,89.94],[67.41,93.33]]},"properties":{"l":"road","c":"street"}},{"type":"Feature","geometry":{"type":"LineString","coordinates":[[63.67,80.38],[63.76,80.88]]},"properties":{"l":"road","c":"street"}},{"type":"Feature","geometry":{"type":"LineString","coordinates":[[64.9,87.37],[65.45,90.51]]},"properties":{"l":"road","c":"street"}},{"type":"Feature","geometry":{"type":"LineString","coordinates":[[65.45,90.51],[65.94,93.28]]},"properties":{"l":"road","c":"street"}},{"type":"Feature","geometry":{"type":"LineString","coordinates":[[62.2,80.5],[62.36,81.41]]},"properties":{"l":"road","c":"street"}},{"type":"Feature","geometry":{"type":"LineString","coordinates":[[63.34,86.96],[64.18,91.74]]},"properties":{"l":"road","c":"street"}},{"type":"Feature","geometry":{"type":"LineString","coordinates":[[64.18,91.74],[64.51,93.6]]},"properties":{"l":"road","c":"street"}},{"type":"Feature","geometry":{"type":"LineString","coordinates":[[65.09,96.88],[65.24,97.73]]},"properties":{"l":"road","c":"street"}},{"type":"Feature","geometry":{"type":"LineString","coordinates":[[61.33,82.44],[62.2,87.39]]},"properties":{"l":"road","c":"street"}},{"type":"Feature","geometry":{"type":"LineString","coordinates":[[62.2,87.39],[62.68,90.09]]},"properties":{"l":"road","c":"street"}},{"type":"Feature","geometry":{"type":"LineString","coordinates":[[62.68,90.09],[63.49,94.7]]},"properties":{"l":"road","c":"street"}},{"type":"Feature","geometry":{"type":"LineString","coordinates":[[59.79,80.69],[60.85,86.75]]},"properties":{"l":"road","c":"street"}},{"type":"Feature","geometry":{"type":"LineString","coordinates":[[60.85,86.75],[61.84,92.33]]},"properties":{"l":"road","c":"street"}},{"type":"Feature","geometry":{"type":"LineString","coordinates":[[61.84,92.33],[62.38,95.4]]},"properties":{"l":"road","c":"street"}},{"type":"Feature","geometry":{"type":"LineString","coordinates":[[58.48,80.79],[58.58,81.38]]},"properties":{"l":"road","c":"street"}},{"type":"Feature","geometry":{"type":"LineString","coordinates":[[58.58,81.38],[59.49,86.51]]},"properties":{"l":"road","c":"street"}},{"type":"Feature","geometry":{"type":"LineString","coordinates":[[60.04,89.67],[60.68,93.25]]},"properties":{"l":"road","c":"street"}},{"type":"Feature","geometry":{"type":"LineString","coordinates":[[60.68,93.25],[61.27,96.61]]},"properties":{"l":"road","c":"street"}},{"type":"Feature","geometry":{"type":"LineString","coordinates":[[61.27,96.61],[61.77,99.44]]},"properties":{"l":"road","c":"street"}},{"type":"Feature","geometry":{"type":"LineString","coordinates":[[57.23,80.89],[58.01,85.31]]},"properties":{"l":"road","c":"street"}},{"type":"Feature","geometry":{"type":"LineString","coordinates":[[58.01,85.31],[58.92,90.49]]},"properties":{"l":"road","c":"street"}},{"type":"Feature","geometry":{"type":"LineString","coordinates":[[58.92,90.49],[59.92,96.14]]},"properties":{"l":"road","c":"street"}},{"type":"Feature","geometry":{"type":"LineString","coordinates":[[59.92,96.14],[60.42,99.0]]},"properties":{"l":"road","c":"street"}},{"type":"Feature","geometry":{"type":"LineString","coordinates":[[60.42,99.0],[60.6,100.02]]},"properties":{"l":"road","c":"street"}},{"type":"Feature","geometry":{"type":"LineString","coordinates":[[56.11,83.78],[56.78,87.56]]},"properties":{"l":"road","c":"street"}},{"type":"Feature","geometry":{"type":"LineString","coordinates":[[56.78,87.56],[57.84,93.57]]},"properties":{"l":"road","c":"street"}},{"type":"Feature","geometry":{"type":"LineString","coordinates":[[57.84,93.57],[58.56,97.62]]},"properties":{"l":"road","c":"street"}},{"type":"Feature","geometry":{"type":"LineString","coordinates":[[58.56,97.62],[59.11,100.75]]},"properties":{"l":"road","c":"street"}},{"type":"Feature","geometry":{"type":"LineString","coordinates":[[54.71,83.83],[55.49,88.25]]},"properties":{"l":"road","c":"street"}},{"type":"Feature","geometry":{"type":"LineString","coordinates":[[55.49,88.25],[56.67,94.95]]},"properties":{"l":"road","c":"street"}},{"type":"Feature","geometry":{"type":"LineString","coordinates":[[56.67,94.95],[57.55,99.94]]},"properties":{"l":"road","c":"street"}},{"type":"Feature","geometry":{"type":"LineString","coordinates":[[57.55,99.94],[57.81,101.39]]},"properties":{"l":"road","c":"street"}},{"type":"Feature","geometry":{"type":"LineString","coordinates":[[53.37,83.99],[53.76,86.17]]},"properties":{"l":"road","c":"street"}},{"type":"Feature","geometry":{"type":"LineString","coordinates":[[53.76,86.17],[54.44,90.02]]},"properties":{"l":"road","c":"street"}},{"type":"Feature","geometry":{"type":"LineString","coordinates":[[81.71,89.89],[82.33,90.03]]},"properties":{"l":"road","c":"street"}},{"type":"Feature","geometry":{"type":"LineString","coordinates":[[80.37,90.55],[82.68,91.02]]},"properties":{"l":"road","c":"street"}},{"type":"Feature","geometry":{"type":"LineString","coordinates":[[79.15,91.15],[82.9,91.9]]},"properties":{"l":"road","c":"street"}},{"type":"Feature","geometry":{"type":"LineString","coordinates":[[77.94,91.75],[81.83,92.53],[83.38,92.97]]},"properties":{"l":"road","c":"street"}},{"type":"Feature","geometry":{"type":"LineString","coordinates":[[76.72,92.35],[79.44,92.88],[80.83,93.19],[82.19,93.6],[82.85,93.84],[83.96,94.33]]},"properties":{"l":"road","c":"street"}},{"type":"Feature","geometry":{"type":"LineString","coordinates":[[75.57,92.91],[78.47,93.48],[79.85,93.81],[80.53,94.01],[81.86,94.5],[83.15,95.1],[83.88,95.49]]},"properties":{"l":"road","c":"street"}},{"type":"Feature","geometry":{"type":"LineString","coordinates":[[74.4,93.49],[77.49,94.09],[78.87,94.45],[79.54,94.67],[80.2,94.91],[81.5,95.49],[83.71,96.68]]},"properties":{"l":"road","c":"street"}},{"type":"Feature","geometry":{"type":"LineString","coordinates":[[73.38,93.99],[76.55,94.62],[77.92,94.99],[78.59,95.21],[79.25,95.47],[80.54,96.06],[83.61,97.74]]},"properties":{"l":"road","c":"street"}},{"type":"Feature","geometry":{"type":"LineString","coordinates":[[72.4,94.47],[75.61,95.12],[76.98,95.5],[77.65,95.73],[78.3,96.0],[79.59,96.6],[82.73,98.32],[83.51,98.72]]},"properties":{"l":"road","c":"street"}},{"type":"Feature","geometry":{"type":"LineString","coordinates":[[71.12,95.1],[73.21,95.5],[74.6,95.83],[75.95,96.25],[76.61,96.5],[77.27,96.78],[78.54,97.41],[81.68,99.14],[82.32,99.45],[83.27,99.86]]},"properties":{"l":"road","c":"street"}},{"type":"Feature","geometry":{"type":"LineString","coordinates":[[69.86,95.72],[71.51,96.04],[72.9,96.35],[74.27,96.75],[74.93,96.99],[75.59,97.26],[76.87,97.87],[79.37,99.26],[80.64,99.92],[81.94,100.49],[82.86,100.81]]},"properties":{"l":"road","c":"street"}},{"type":"Feature","geometry":{"type":"LineString","coordinates":[[68.54,96.37],[71.19,96.91],[72.56,97.29],[73.23,97.53],[73.89,97.79],[75.17,98.39],[78.31,100.11],[79.59,100.75],[80.9,101.27],[82.44,101.74]]},"properties":{"l":"road","c":"street"}},{"type":"Feature","geometry":{"type":"LineString","coordinates":[[67.31,96.98],[69.5,97.42],[70.88,97.78],[71.55,98.0],[72.21,98.25],[73.5,98.84],[77.28,100.89],[78.56,101.49],[79.22,101.75],[80.57,102.19],[82.1,102.56]]},"properties":{"l":"road","c":"street"}},{"type":"Feature","geometry":{"type":"LineString","coordinates":[[66.13,97.56],[68.52,98.05],[69.88,98.44],[70.55,98.68],[71.21,98.94],[72.49,99.55],[75.63,101.28],[76.91,101.9],[77.56,102.18],[78.22,102.43],[79.58,102.84],[81.79,103.31]]},"properties":{"l":"road","c":"street"}},{"type":"Feature","geometry":{"type":"LineString","coordinates":[[65.11,98.06],[66.18,98.27],[67.57,98.58],[68.93,98.99],[69.59,99.24],[70.25,99.51],[71.52,100.14],[74.66,101.86],[75.95,102.47],[76.6,102.74],[77.27,102.98],[78.63,103.37],[80.03,103.67],[81.54,103.96]]},"properties":{"l":"road","c":"street"}},{"type":"Feature","geometry":{"type":"LineString","coordinates":[[63.83,98.69],[65.17,98.96],[66.56,99.3],[67.9,99.75],[68.56,100.01],[69.84,100.62],[73.62,102.67],[74.91,103.25],[75.57,103.5],[76.25,103.71],[77.62,104.07],[81.22,104.79]]},"properties":{"l":"road","c":"street"}},{"type":"Feature","geometry":{"type":"LineString","coordinates":[[62.67,99.26],[64.89,99.75],[66.24,100.16],[66.9,100.42],[67.56,100.69],[68.83,101.33],[71.34,102.72],[72.61,103.36],[73.92,103.91],[74.58,104.15],[75.26,104.35],[76.65,104.69],[79.46,105.23],[80.81,105.55]]},"properties":{"l":"road","c":"street"}},{"type":"Feature","geometry":{"type":"LineString","coordinates":[[61.39,99.9],[62.49,100.12],[63.87,100.47],[65.21,100.92],[65.87,101.19],[67.15,101.81],[69.66,103.2],[70.92,103.85],[72.22,104.42],[72.89,104.67],[74.25,105.07],[75.64,105.38],[78.46,105.93],[79.15,106.09],[80.27,106.42]]},"properties":{"l":"road","c":"street"}},{"type":"Feature","geometry":{"type":"LineString","coordinates":[[60.14,100.51],[62.18,100.98],[63.53,101.41],[64.19,101.67],[65.48,102.27],[69.25,104.32],[70.54,104.9],[71.2,105.16],[71.87,105.38],[73.25,105.75],[77.45,106.61],[78.82,106.99],[79.72,107.31]]},"properties":{"l":"road","c":"street"}},{"type":"Feature","geometry":{"type":"LineString","coordinates":[[58.88,101.13],[60.49,101.49],[61.85,101.9],[62.51,102.15],[63.16,102.42],[64.44,103.05],[66.95,104.44],[68.22,105.09],[69.52,105.65],[70.19,105.88],[70.86,106.09],[72.25,106.43],[75.06,106.98],[76.45,107.3],[77.81,107.71],[79.08,108.22]]},"properties":{"l":"road","c":"street"}},{"type":"Feature","geometry":{"type":"LineString","coordinates":[[57.88,101.76],[59.5,102.15],[60.84,102.59],[61.5,102.85],[62.78,103.46],[66.56,105.51],[67.85,106.09],[68.52,106.34],[69.19,106.56],[70.56,106.92],[74.08,107.61],[75.46,107.95],[76.8,108.4],[77.46,108.66],[78.37,109.09]]},"properties":{"l":"road","c":"street"}},{"type":"Feature","geometry":{"type":"LineString","coordinates":[[58.1,102.75],[59.16,103.08],[60.47,103.62],[61.74,104.25],[64.88,105.97],[66.17,106.57],[66.83,106.83],[67.5,107.06],[68.87,107.44],[72.38,108.14],[73.76,108.47],[75.12,108.89],[75.78,109.14],[77.26,109.83]]},"properties":{"l":"road","c":"street"}},{"type":"Feature","geometry":{"type":"LineString","coordinates":[[58.33,103.78],[59.48,104.27],[60.11,104.59],[62.62,105.97],[63.89,106.64],[65.18,107.21],[65.85,107.46],[66.52,107.68],[67.9,108.03],[71.41,108.73],[72.79,109.07],[74.13,109.52],[75.62,110.18]]},"properties":{"l":"road","c":"street"}},{"type":"Feature","geometry":{"type":"LineString","coordinates":[[58.63,105.12],[62.22,107.08],[63.51,107.67],[64.17,107.93],[64.84,108.16],[66.21,108.54],[69.72,109.24],[71.11,109.56],[72.46,109.99],[73.12,110.25],[74.09,110.68]]},"properties":{"l":"road","c":"street"}},{"type":"Feature","geometry":{"type":"LineString","coordinates":[[58.94,106.55],[60.58,107.45],[61.86,108.07],[63.18,108.59],[63.85,108.8],[65.12,109.13]]},"properties":{"l":"road","c":"street"}},{"type":"Feature","geometry":{"type":"LineString","coordinates":[[66.86,109.48],[68.74,109.85],[70.12,110.2],[71.46,110.65],[72.75,111.21]]},"properties":{"l":"road","c":"street"}},{"type":"Feature","geometry":{"type":"LineString","coordinates":[[59.27,108.03],[60.2,108.49],[61.51,109.03],[62.86,109.46],[64.13,109.76]]},"properties":{"l":"road","c":"street"}},{"type":"Feature","geometry":{"type":"LineString","coordinates":[[67.02,110.32],[68.45,110.66],[69.13,110.86],[70.46,111.34],[71.42,111.78]]},"properties":{"l":"road","c":"street"}},{"type":"Feature","geometry":{"type":"LineString","coordinates":[[59.6,109.49],[60.47,109.81],[61.84,110.2],[63.23,110.5],[64.89,110.82]]},"properties":{"l":"road","c":"street"}},{"type":"Feature","geometry":{"type":"LineString","coordinates":[[65.37,110.91],[66.74,111.22],[67.42,111.41],[68.09,111.63],[68.97,111.97]]},"properties":{"l":"road","c":"street"}},{"type":"Feature","geometry":{"type":"LineString","coordinates":[[59.86,110.66],[60.83,110.91],[63.64,111.46],[65.03,111.76],[65.72,111.95],[66.81,112.31]]},"properties":{"l":"road","c":"street"}},{"type":"Feature","geometry":{"type":"LineString","coordinates":[[60.07,111.61],[63.35,112.26],[64.8,112.67]]},"properties":{"l":"road","c":"street"}},{"type":"Feature","geometry":{"type":"LineString","coordinates":[[60.26,112.46],[61.67,112.74],[63.36,113.19]]},"properties":{"l":"road","c":"street"}},{"type":"Feature","geometry":{"type":"LineString","coordinates":[[60.43,113.22],[62.02,113.63]]},"properties":{"l":"road","c":"street"}},{"type":"Feature","geometry":{"type":"LineString","coordinates":[[83.66,97.19],[82.92,98.63],[82.33,100.09]]},"properties":{"l":"road","c":"street"}},{"type":"Feature","geometry":{"type":"LineString","coordinates":[[82.33,100.09],[81.95,101.28],[81.77,101.97],[81.2,104.84]]},"properties":{"l":"road","c":"street"}},{"type":"Feature","geometry":{"type":"LineString","coordinates":[[83.39,92.99],[82.45,94.69],[82.01,95.53]]},"properties":{"l":"road","c":"street"}},{"type":"Feature","geometry":{"type":"LineString","coordinates":[[82.01,95.53],[81.52,96.61],[81.27,97.27],[81.04,97.94],[80.74,99.01]]},"properties":{"l":"road","c":"street"}},{"type":"Feature","geometry":{"type":"LineString","coordinates":[[80.74,99.01],[80.51,100.01],[79.81,103.52],[79.43,104.89],[79.01,106.07]]},"properties":{"l":"road","c":"street"}},{"type":"Feature","geometry":{"type":"LineString","coordinates":[[79.01,106.07],[78.36,107.51],[77.06,109.88]]},"properties":{"l":"road","c":"street"}},{"type":"Feature","geometry":{"type":"LineString","coordinates":[[82.38,90.15],[81.58,91.59]]},"properties":{"l":"road","c":"street"}},{"type":"Feature","geometry":{"type":"LineString","coordinates":[[81.58,91.59],[80.7,93.3],[80.16,94.61],[79.93,95.28],[79.56,96.65],[79.16,98.6]]},"properties":{"l":"road","c":"street"}},{"type":"Feature","geometry":{"type":"LineString","coordinates":[[79.16,98.6],[78.71,100.86],[78.31,102.27]]},"properties":{"l":"road","c":"street"}},{"type":"Feature","geometry":{"type":"LineString","coordinates":[[78.31,102.27],[77.84,103.56],[77.56,104.21],[76.92,105.48],[75.93,107.26]]},"properties":{"l":"road","c":"street"}},{"type":"Feature","geometry":{"type":"LineString","coordinates":[[75.93,107.26],[75.2,108.62],[74.89,109.26],[74.35,110.59]]},"properties":{"l":"road","c":"street"}},{"type":"Feature","geometry":{"type":"LineString","coordinates":[[80.22,90.62],[79.54,92.12],[79.11,93.34]]},"properties":{"l":"road","c":"street"}},{"type":"Feature","geometry":{"type":"LineString","coordinates":[[79.11,93.34],[78.71,94.83],[78.02,98.31]]},"properties":{"l":"road","c":"street"}},{"type":"Feature","geometry":{"type":"LineString","coordinates":[[78.02,98.31],[77.67,99.73],[77.23,101.07],[76.67,102.38],[76.08,103.53]]},"properties":{"l":"road","c":"street"}},{"type":"Feature","geometry":{"type":"LineString","coordinates":[[76.08,103.53],[74.63,106.15],[74.12,107.19]]},"properties":{"l":"road","c":"street"}},{"type":"Feature","geometry":{"type":"LineString","coordinates":[[74.12,107.19],[73.73,108.08],[73.48,108.75],[73.11,109.95]]},"properties":{"l":"road","c":"street"}},{"type":"Feature","geometry":{"type":"LineString","coordinates":[[73.11,109.95],[72.82,111.18]]},"properties":{"l":"road","c":"street"}},{"type":"Feature","geometry":{"type":"LineString","coordinates":[[77.88,91.78],[77.61,92.93],[77.04,95.86]]},"properties":{"l":"road","c":"street"}},{"type":"Feature","geometry":{"type":"LineString","coordinates":[[77.04,95.86],[76.74,97.13],[76.31,98.48],[75.76,99.79],[75.35,100.62]]},"properties":{"l":"road","c":"street"}},{"type":"Feature","geometry":{"type":"LineString","coordinates":[[75.35,100.62],[73.4,104.2],[72.81,105.49],[72.49,106.33]]},"properties":{"l":"road","c":"street"}},{"type":"Feature","geometry":{"type":"LineString","coordinates":[[72.49,106.33],[72.13,107.5],[71.96,108.19],[71.23,111.83]]},"properties":{"l":"road","c":"street"}},{"type":"Feature","geometry":{"type":"LineString","coordinates":[[76.23,92.59],[75.78,94.58]]},"properties":{"l":"road","c":"street"}},{"type":"Feature","geometry":{"type":"LineString","coordinates":[[75.78,94.58],[75.38,95.88],[75.13,96.55],[74.86,97.2],[74.25,98.42]]},"properties":{"l":"road","c":"street"}},{"type":"Feature","geometry":{"type":"LineString","coordinates":[[74.25,98.42],[72.58,101.45]]},"properties":{"l":"road","c":"street"}},{"type":"Feature","geometry":{"type":"LineString","coordinates":[[72.58,101.45],[71.9,102.9],[71.4,104.22],[71.19,104.95]]},"properties":{"l":"road","c":"street"}},{"type":"Feature","geometry":{"type":"LineString","coordinates":[[71.19,104.95],[70.86,106.29],[70.57,107.75]]},"properties":{"l":"road","c":"street"}},{"type":"Feature","geometry":{"type":"LineString","coordinates":[[70.57,107.75],[70.31,109.1],[69.99,110.49],[69.54,111.95]]},"properties":{"l":"road","c":"street"}},{"type":"Feature","geometry":{"type":"LineString","coordinates":[[74.5,93.44],[74.22,94.21]]},"properties":{"l":"road","c":"street"}},{"type":"Feature","geometry":{"type":"LineString","coordinates":[[74.22,94.21],[73.75,95.29],[73.43,95.92],[72.39,97.82]]},"properties":{"l":"road","c":"street"}},{"type":"Feature","geometry":{"type":"LineString","coordinates":[[70.65,101.43],[70.35,102.33],[69.99,103.71],[69.26,107.38]]},"properties":{"l":"road","c":"street"}},{"type":"Feature","geometry":{"type":"LineString","coordinates":[[68.22,110.63],[67.47,112.16]]},"properties":{"l":"road","c":"street"}},{"type":"Feature","geometry":{"type":"LineString","coordinates":[[72.15,94.6],[70.71,97.2],[70.4,97.84],[69.95,98.88]]},"properties":{"l":"road","c":"street"}},{"type":"Feature","geometry":{"type":"LineString","coordinates":[[69.95,98.88],[69.61,99.81],[69.18,101.41]]},"properties":{"l":"road","c":"street"}},{"type":"Feature","geometry":{"type":"LineString","coordinates":[[67.62,107.86],[67.26,108.74],[66.89,109.51]]},"properties":{"l":"road","c":"street"}},{"type":"Feature","geometry":{"type":"LineString","coordinates":[[66.17,110.85],[65.21,112.57]]},"properties":{"l":"road","c":"street"}},{"type":"Feature","geometry":{"type":"LineString","coordinates":[[65.31,108.37],[64.85,109.2]]},"properties":{"l":"road","c":"street"}},{"type":"Feature","geometry":{"type":"LineString","coordinates":[[64.2,110.37],[63.46,111.88],[63.19,112.53],[62.88,113.38]]},"properties":{"l":"road","c":"street"}},{"type":"Feature","geometry":{"type":"LineString","coordinates":[[67.12,97.07],[66.86,98.39]]},"properties":{"l":"road","c":"street"}},{"type":"Feature","geometry":{"type":"LineString","coordinates":[[66.86,98.39],[66.51,100.18],[66.17,101.57],[65.73,102.91],[65.43,103.66]]},"properties":{"l":"road","c":"street"}},{"type":"Feature","geometry":{"type":"LineString","coordinates":[[65.43,103.66],[64.86,104.86],[64.05,106.35]]},"properties":{"l":"road","c":"street"}},{"type":"Feature","geometry":{"type":"LineString","coordinates":[[64.05,106.35],[63.14,107.99],[62.51,109.27],[61.98,110.59],[61.76,111.26]]},"properties":{"l":"road","c":"street"}},{"type":"Feature","geometry":{"type":"LineString","coordinates":[[61.76,111.26],[61.4,112.63],[61.16,113.8]]},"properties":{"l":"road","c":"street"}},{"type":"Feature","geometry":{"type":"LineString","coordinates":[[64.75,99.84],[64.34,100.9],[64.05,101.55],[63.01,103.5]]},"properties":{"l":"road","c":"street"}},{"type":"Feature","geometry":{"type":"LineString","coordinates":[[63.01,103.5],[61.68,105.96],[61.1,107.25],[60.69,108.45]]},"properties":{"l":"road","c":"street"}},{"type":"Feature","geometry":{"type":"LineString","coordinates":[[60.69,108.45],[60.28,109.97],[60.01,111.32]]},"properties":{"l":"road","c":"street"}},{"type":"Feature","geometry":{"type":"LineString","coordinates":[[63.13,99.04],[62.52,100.24],[61.84,101.47]]},"properties":{"l":"road","c":"street"}},{"type":"Feature","geometry":{"type":"LineString","coordinates":[[61.84,101.47],[60.8,103.38],[60.31,104.44]]},"properties":{"l":"road","c":"street"}},{"type":"Feature","geometry":{"type":"LineString","coordinates":[[59.62,100.77],[59.06,101.99],[58.81,102.65],[58.39,104.03]]},"properties":{"l":"road","c":"street"}},{"type":"Feature","geometry":{"type":"LineString","coordinates":[[33.2,94.78],[34.85,95.94]]},"properties":{"l":"road","c":"street"}},{"type":"Feature","geometry":{"type":"LineString","coordinates":[[32.21,94.94],[35.41,97.17]]},"properties":{"l":"road","c":"street"}},{"type":"Feature","geometry":{"type":"LineString","coordinates":[[31.17,95.1],[35.99,98.47]]},"properties":{"l":"road","c":"street"}},{"type":"Feature","geometry":{"type":"LineString","coordinates":[[30.07,95.26],[36.62,99.85]]},"properties":{"l":"road","c":"street"}},{"type":"Feature","geometry":{"type":"LineString","coordinates":[[28.87,95.45],[37.29,101.35]]},"properties":{"l":"road","c":"street"}},{"type":"Feature","geometry":{"type":"LineString","coordinates":[[27.77,95.62],[37.75,102.6]]},"properties":{"l":"road","c":"street"}},{"type":"Feature","geometry":{"type":"LineString","coordinates":[[26.72,95.78],[37.56,103.37]]},"properties":{"l":"road","c":"street"}},{"type":"Feature","geometry":{"type":"LineString","coordinates":[[25.71,95.94],[37.38,104.1]]},"properties":{"l":"road","c":"street"}},{"type":"Feature","geometry":{"type":"LineString","coordinates":[[24.55,96.11],[37.16,104.95]]},"properties":{"l":"road","c":"street"}},{"type":"Feature","geometry":{"type":"LineString","coordinates":[[23.54,96.27],[36.98,105.68]]},"properties":{"l":"road","c":"street"}},{"type":"Feature","geometry":{"type":"LineString","coordinates":[[22.62,96.41],[36.81,106.35]]},"properties":{"l":"road","c":"street"}},{"type":"Feature","geometry":{"type":"LineString","coordinates":[[21.53,96.58],[36.62,107.14]]},"properties":{"l":"road","c":"street"}},{"type":"Feature","geometry":{"type":"LineString","coordinates":[[20.45,96.74],[36.42,107.93]]},"properties":{"l":"road","c":"street"}},{"type":"Feature","geometry":{"type":"LineString","coordinates":[[19.26,96.93],[36.2,108.79]]},"properties":{"l":"road","c":"street"}},{"type":"Feature","geometry":{"type":"LineString","coordinates":[[18.21,97.09],[36.01,109.55]]},"properties":{"l":"road","c":"street"}},{"type":"Feature","geometry":{"type":"LineString","coordinates":[[17.08,97.26],[35.81,110.38]]},"properties":{"l":"road","c":"street"}},{"type":"Feature","geometry":{"type":"LineString","coordinates":[[16.05,97.42],[35.62,111.12]]},"properties":{"l":"road","c":"street"}},{"type":"Feature","geometry":{"type":"LineString","coordinates":[[15.72,98.1],[34.72,111.41]]},"properties":{"l":"road","c":"street"}},{"type":"Feature","geometry":{"type":"LineString","coordinates":[[15.72,98.9],[33.75,111.52]]},"properties":{"l":"road","c":"street"}},{"type":"Feature","geometry":{"type":"LineString","coordinates":[[15.91,99.93],[32.64,111.65]]},"properties":{"l":"road","c":"street"}},{"type":"Feature","geometry":{"type":"LineString","coordinates":[[16.45,101.14],[31.62,111.76]]},"properties":{"l":"road","c":"street"}},{"type":"Feature","geometry":{"type":"LineString","coordinates":[[16.75,102.24],[30.53,111.89]]},"properties":{"l":"road","c":"street"}},{"type":"Feature","geometry":{"type":"LineString","coordinates":[[17.05,103.29],[29.49,112.01]]},"properties":{"l":"road","c":"street"}},{"type":"Feature","geometry":{"type":"LineString","coordinates":[[18.25,105.11],[28.3,112.15]]},"properties":{"l":"road","c":"street"}},{"type":"Feature","geometry":{"type":"LineString","coordinates":[[20.35,107.46],[27.22,112.27]]},"properties":{"l":"road","c":"street"}},{"type":"Feature","geometry":{"type":"LineString","coordinates":[[21.35,109.05],[26.13,112.39]]},"properties":{"l":"road","c":"street"}},{"type":"Feature","geometry":{"type":"LineString","coordinates":[[23.24,111.27],[25.03,112.52]]},"properties":{"l":"road","c":"street"}},{"type":"Feature","geometry":{"type":"LineString","coordinates":[[23.0,112.05],[23.86,112.65]]},"properties":{"l":"road","c":"street"}},{"type":"Feature","geometry":{"type":"LineString","coordinates":[[36.91,105.96],[35.96,107.31]]},"properties":{"l":"road","c":"street"}},{"type":"Feature","geometry":{"type":"LineString","coordinates":[[35.96,107.31],[32.95,111.61]]},"properties":{"l":"road","c":"street"}},{"type":"Feature","geometry":{"type":"LineString","coordinates":[[37.69,102.21],[34.39,106.91]]},"properties":{"l":"road","c":"street"}},{"type":"Feature","geometry":{"type":"LineString","coordinates":[[34.39,106.91],[30.94,111.84]]},"properties":{"l":"road","c":"street"}},{"type":"Feature","geometry":{"type":"LineString","coordinates":[[37.01,100.73],[34.7,104.03]]},"properties":{"l":"road","c":"street"}},{"type":"Feature","geometry":{"type":"LineString","coordinates":[[34.7,104.03],[31.2,109.03]]},"properties":{"l":"road","c":"street"}},{"type":"Feature","geometry":{"type":"LineString","coordinates":[[31.2,109.03],[29.08,112.06]]},"properties":{"l":"road","c":"street"}},{"type":"Feature","geometry":{"type":"LineString","coordinates":[[36.32,99.19],[34.08,102.39]]},"properties":{"l":"road","c":"street"}},{"type":"Feature","geometry":{"type":"LineString","coordinates":[[31.83,105.6],[29.91,108.35]]},"properties":{"l":"road","c":"street"}},{"type":"Feature","geometry":{"type":"LineString","coordinates":[[29.91,108.35],[27.16,112.28]]},"properties":{"l":"road","c":"street"}},{"type":"Feature","geometry":{"type":"LineString","coordinates":[[35.31,98.31],[33.76,100.54]]},"properties":{"l":"road","c":"street"}},{"type":"Feature","geometry":{"type":"LineString","coordinates":[[33.76,100.54],[31.02,104.45]]},"properties":{"l":"road","c":"street"}},{"type":"Feature","geometry":{"type":"LineString","coordinates":[[31.02,104.45],[28.39,108.2]]},"properties":{"l":"road","c":"street"}},{"type":"Feature","geometry":{"type":"LineString","coordinates":[[28.39,108.2],[25.39,112.48]]},"properties":{"l":"road","c":"street"}},{"type":"Feature","geometry":{"type":"LineString","coordinates":[[30.77,102.21],[27.09,107.46]]},"properties":{"l":"road","c":"street"}},{"type":"Feature","geometry":{"type":"LineString","coordinates":[[27.09,107.46],[25.45,109.81]]},"properties":{"l":"road","c":"street"}},{"type":"Feature","geometry":{"type":"LineString","coordinates":[[25.45,109.81],[23.47,112.63]]},"properties":{"l":"road","c":"street"}},{"type":"Feature","geometry":{"type":"LineString","coordinates":[[34.34,94.82],[32.99,96.75]]},"properties":{"l":"road","c":"street"}},{"type":"Feature","geometry":{"type":"LineString","coordinates":[[32.99,96.75],[31.03,99.55]]},"properties":{"l":"road","c":"street"}},{"type":"Feature","geometry":{"type":"LineString","coordinates":[[31.03,99.55],[27.24,104.97]]},"properties":{"l":"road","c":"street"}},{"type":"Feature","geometry":{"type":"LineString","coordinates":[[27.24,104.97],[24.75,108.52]]},"properties":{"l":"road","c":"street"}},{"type":"Feature","geometry":{"type":"LineString","coordinates":[[24.75,108.52],[23.06,110.93]]},"properties":{"l":"road","c":"street"}},{"type":"Feature","geometry":{"type":"LineString","coordinates":[[32.43,94.9],[31.03,96.89]]},"properties":{"l":"road","c":"street"}},{"type":"Feature","geometry":{"type":"LineString","coordinates":[[31.03,96.89],[28.8,100.08]]},"properties":{"l":"road","c":"street"}},{"type":"Feature","geometry":{"type":"LineString","coordinates":[[28.8,100.08],[26.79,102.95]]},"properties":{"l":"road","c":"street"}},{"type":"Feature","geometry":{"type":"LineString","coordinates":[[26.79,102.95],[23.46,107.71]]},"properties":{"l":"road","c":"street"}},{"type":"Feature","geometry":{"type":"LineString","coordinates":[[23.46,107.71],[21.96,109.85]]},"properties":{"l":"road","c":"street"}},{"type":"Feature","geometry":{"type":"LineString","coordinates":[[30.89,95.14],[29.55,97.05]]},"properties":{"l":"road","c":"street"}},{"type":"Feature","geometry":{"type":"LineString","coordinates":[[29.55,97.05],[27.01,100.67]]},"properties":{"l":"road","c":"street"}},{"type":"Feature","geometry":{"type":"LineString","coordinates":[[27.01,100.67],[25.41,102.95]]},"properties":{"l":"road","c":"street"}},{"type":"Feature","geometry":{"type":"LineString","coordinates":[[23.65,105.48],[21.72,108.23]]},"properties":{"l":"road","c":"street"}},{"type":"Feature","geometry":{"type":"LineString","coordinates":[[29.27,95.39],[28.34,96.72]]},"properties":{"l":"road","c":"street"}},{"type":"Feature","geometry":{"type":"LineString","coordinates":[[28.34,96.72],[25.81,100.34]]},"properties":{"l":"road","c":"street"}},{"type":"Feature","geometry":{"type":"LineString","coordinates":[[25.81,100.34],[24.03,102.87]]},"properties":{"l":"road","c":"street"}},{"type":"Feature","geometry":{"type":"LineString","coordinates":[[24.03,102.87],[22.49,105.07]]},"properties":{"l":"road","c":"street"}},{"type":"Feature","geometry":{"type":"LineString","coordinates":[[27.71,95.63],[26.13,97.89]]},"properties":{"l":"road","c":"street"}},{"type":"Feature","geometry":{"type":"LineString","coordinates":[[26.13,97.89],[23.39,101.8]]},"properties":{"l":"road","c":"street"}},{"type":"Feature","geometry":{"type":"LineString","coordinates":[[21.62,104.32],[19.84,106.87]]},"properties":{"l":"road","c":"street"}},{"type":"Feature","geometry":{"type":"LineString","coordinates":[[25.89,95.91],[22.16,101.23]]},"properties":{"l":"road","c":"street"}},{"type":"Feature","geometry":{"type":"LineString","coordinates":[[22.16,101.23],[18.9,105.9]]},"properties":{"l":"road","c":"street"}},{"type":"Feature","geometry":{"type":"LineString","coordinates":[[24.03,96.19],[21.31,100.08]]},"properties":{"l":"road","c":"street"}},{"type":"Feature","geometry":{"type":"LineString","coordinates":[[21.31,100.08],[19.76,102.3]]},"properties":{"l":"road","c":"street"}},{"type":"Feature","geometry":{"type":"LineString","coordinates":[[22.0,96.51],[19.85,99.58]]},"properties":{"l":"road","c":"street"}},{"type":"Feature","geometry":{"type":"LineString","coordinates":[[19.85,99.58],[17.13,103.47]]},"properties":{"l":"road","c":"street"}},{"type":"Feature","geometry":{"type":"LineString","coordinates":[[19.94,96.82],[17.29,100.61]]},"properties":{"l":"road","c":"street"}},{"type":"Feature","geometry":{"type":"LineString","coordinates":[[17.29,100.61],[16.61,101.58]]},"properties":{"l":"road","c":"street"}},{"type":"Feature","geometry":{"type":"LineString","coordinates":[[17.94,97.13],[15.94,99.99]]},"properties":{"l":"road","c":"street"}},{"type":"Feature","geometry":{"type":"LineString","coordinates":[[16.13,97.41],[15.71,98.0]]},"properties":{"l":"road","c":"street"}},{"type":"Feature","geometry":{"type":"LineString","coordinates":[[41.08,102.32],[42.02,102.46],[42.72,102.52],[43.42,102.52],[44.13,102.49],[45.53,102.28],[47.3,101.86]]},"properties":{"l":"road","c":"street"}},{"type":"Feature","geometry":{"type":"LineString","coordinates":[[54.0,101.37],[57.75,102.26]]},"properties":{"l":"road","c":"street"}},{"type":"Feature","geometry":{"type":"LineString","coordinates":[[38.15,102.53],[39.21,102.8],[40.62,103.09],[41.32,103.18],[42.02,103.23],[42.72,103.24],[43.42,103.19],[44.83,102.98],[47.64,102.29],[49.04,102.0],[49.74,101.9],[50.44,101.85],[51.15,101.84],[51.85,101.88],[53.25,102.09],[56.76,102.94],[57.94,103.14]]},"properties":{"l":"road","c":"street"}},{"type":"Feature","geometry":{"type":"LineString","coordinates":[[37.79,103.43],[39.21,103.76],[39.91,103.89],[40.62,103.97],[41.32,104.01],[42.02,104.0],[42.72,103.95],[44.13,103.72],[46.93,103.02],[48.34,102.75],[49.04,102.66],[49.74,102.62],[50.44,102.62],[51.15,102.67],[52.55,102.89],[55.36,103.58],[56.76,103.87],[57.46,103.96],[58.13,104.0]]},"properties":{"l":"road","c":"street"}},{"type":"Feature","geometry":{"type":"LineString","coordinates":[[37.56,104.37],[38.51,104.57],[39.21,104.69],[39.91,104.76],[40.62,104.79],[41.32,104.77],[42.02,104.71],[43.42,104.46],[46.93,103.62],[48.34,103.42],[49.04,103.39],[49.74,103.41],[50.44,103.47],[51.15,103.57],[52.55,103.87],[54.66,104.4],[56.06,104.67],[56.76,104.75],[57.46,104.79],[58.3,104.77]]},"properties":{"l":"road","c":"street"}},{"type":"Feature","geometry":{"type":"LineString","coordinates":[[37.36,105.16],[38.51,105.37],[39.21,105.44],[39.91,105.47],[40.62,105.44],[41.32,105.38],[42.72,105.13],[45.53,104.43],[46.23,104.28],[47.64,104.1],[48.34,104.07],[49.04,104.08],[49.74,104.15],[50.44,104.25],[51.85,104.56],[53.95,105.09],[55.36,105.35],[56.06,105.43],[56.76,105.46],[57.46,105.45],[58.43,105.35]]},"properties":{"l":"road","c":"street"}},{"type":"Feature","geometry":{"type":"LineString","coordinates":[[37.11,106.15],[37.81,106.25],[38.51,106.31],[39.21,106.32],[39.91,106.28],[40.62,106.2],[42.02,105.92],[44.13,105.39],[45.53,105.09],[46.23,104.99],[46.93,104.93],[47.64,104.92],[48.34,104.95],[49.74,105.15],[53.25,105.99],[54.66,106.24],[55.36,106.3],[56.06,106.32],[56.76,106.29],[57.46,106.21],[58.58,106.01]]},"properties":{"l":"road","c":"street"}},{"type":"Feature","geometry":{"type":"LineString","coordinates":[[36.88,107.08],[37.81,107.15],[38.51,107.14],[39.21,107.09],[39.91,107.0],[41.32,106.71],[44.13,106.02],[45.53,105.8],[46.23,105.76],[46.93,105.76],[47.64,105.81],[48.34,105.9],[49.74,106.19],[52.55,106.88],[53.95,107.1],[54.66,107.15],[55.36,107.15],[56.06,107.1],[56.76,107.02],[57.46,106.89],[58.71,106.6]]},"properties":{"l":"road","c":"street"}},{"type":"Feature","geometry":{"type":"LineString","coordinates":[[36.66,107.96],[37.81,107.96],[38.51,107.89],[39.21,107.79],[39.91,107.64],[42.72,106.95],[43.42,106.8],[44.83,106.61],[45.53,106.58],[46.23,106.59],[46.93,106.65],[47.64,106.76],[49.04,107.06],[51.85,107.74],[53.25,107.94],[53.95,107.98],[54.66,107.96],[55.36,107.91],[56.06,107.81],[57.46,107.51],[58.83,107.16]]},"properties":{"l":"road","c":"street"}},{"type":"Feature","geometry":{"type":"LineString","coordinates":[[36.45,108.81],[37.11,108.78],[38.51,108.58],[42.02,107.73],[43.42,107.49],[44.13,107.43],[44.83,107.41],[45.53,107.44],[46.23,107.52],[47.64,107.78],[49.74,108.31],[51.15,108.62],[51.85,108.72],[52.55,108.79],[53.25,108.81],[53.95,108.78],[54.66,108.71],[55.36,108.6],[56.06,108.46],[58.96,107.74]]},"properties":{"l":"road","c":"street"}},{"type":"Feature","geometry":{"type":"LineString","coordinates":[[36.23,109.66],[37.11,109.55],[37.81,109.42],[40.62,108.73],[41.32,108.58],[42.41,108.4]]},"properties":{"l":"road","c":"street"}},{"type":"Feature","geometry":{"type":"LineString","coordinates":[[47.07,108.79],[49.04,109.29],[50.44,109.57],[51.15,109.66],[51.85,109.71],[52.55,109.71],[53.25,109.66],[54.66,109.45],[57.46,108.76],[58.17,108.6],[59.12,108.43]]},"properties":{"l":"road","c":"street"}},{"type":"Feature","geometry":{"type":"LineString","coordinates":[[36.06,110.37],[37.11,110.18],[40.62,109.34],[41.32,109.22],[42.15,109.14]]},"properties":{"l":"road","c":"street"}},{"type":"Feature","geometry":{"type":"LineString","coordinates":[[47.12,109.82],[48.34,110.12],[49.74,110.39],[50.44,110.47],[51.15,110.51],[51.85,110.5],[52.55,110.44],[53.95,110.2],[57.46,109.36],[58.17,109.24],[59.27,109.13]]},"properties":{"l":"road","c":"street"}},{"type":"Feature","geometry":{"type":"LineString","coordinates":[[35.88,111.06],[39.21,110.25],[39.91,110.11],[40.62,110.01],[41.32,109.94],[42.26,109.93]]},"properties":{"l":"road","c":"street"}},{"type":"Feature","geometry":{"type":"LineString","coordinates":[[46.35,110.67],[47.64,110.98],[49.04,111.23],[49.74,111.3],[50.44,111.32],[51.15,111.3],[51.85,111.23],[53.25,110.97],[56.06,110.28],[56.76,110.13],[57.46,110.02],[58.17,109.95],[58.87,109.92],[59.45,109.94]]},"properties":{"l":"road","c":"street"}},{"type":"Feature","geometry":{"type":"LineString","coordinates":[[36.02,111.71],[37.81,111.26],[39.21,110.97],[39.91,110.89],[40.62,110.84],[41.32,110.84],[42.02,110.89],[43.42,111.11],[46.23,111.8],[47.64,112.09],[48.34,112.18],[49.04,112.23],[49.74,112.23],[50.44,112.19],[51.85,111.97],[55.36,111.12],[56.76,110.9],[57.46,110.85],[58.17,110.84],[58.87,110.88],[59.69,110.99]]},"properties":{"l":"road","c":"street"}},{"type":"Feature","geometry":{"type":"LineString","coordinates":[[36.39,112.26],[37.81,111.94],[38.51,111.83],[39.21,111.76],[39.91,111.74],[40.62,111.76],[41.32,111.83],[42.72,112.08],[45.53,112.77],[46.23,112.92],[47.64,113.11],[48.34,113.14],[49.04,113.12],[49.74,113.05],[50.44,112.95],[51.15,112.81],[54.66,111.96],[56.06,111.77],[56.76,111.74],[57.46,111.75],[58.17,111.81],[58.87,111.91],[59.94,112.14]]},"properties":{"l":"road","c":"street"}},{"type":"Feature","geometry":{"type":"LineString","coordinates":[[36.71,112.72],[37.81,112.54],[38.51,112.47],[39.21,112.45],[39.91,112.48],[40.62,112.55],[42.02,112.81],[44.13,113.34],[45.53,113.65],[46.23,113.76],[46.93,113.83],[47.64,113.85],[48.34,113.83],[49.04,113.76],[49.74,113.65],[51.15,113.34],[53.25,112.81],[54.66,112.55],[55.36,112.48],[56.06,112.45],[56.76,112.47],[57.46,112.54],[58.87,112.79],[60.16,113.1]]},"properties":{"l":"road","c":"street"}},{"type":"Feature","geometry":{"type":"LineString","coordinates":[[37.07,113.23],[37.81,113.17],[38.51,113.15],[39.21,113.19],[39.91,113.26],[41.32,113.53],[44.13,114.23],[45.53,114.47],[46.23,114.53],[46.93,114.55],[47.64,114.52],[48.34,114.45],[49.38,114.26]]},"properties":{"l":"road","c":"street"}},{"type":"Feature","geometry":{"type":"LineString","coordinates":[[37.64,114.06],[38.51,114.12],[39.91,114.34],[42.72,115.04],[44.13,115.32],[44.83,115.41],[45.53,115.45],[46.23,115.45],[47.19,115.37]]},"properties":{"l":"road","c":"street"}},{"type":"Feature","geometry":{"type":"LineString","coordinates":[[38.32,115.05],[39.21,115.22],[40.57,115.56]]},"properties":{"l":"road","c":"street"}},{"type":"Feature","geometry":{"type":"LineString","coordinates":[[44.66,116.28],[45.64,116.26]]},"properties":{"l":"road","c":"street"}},{"type":"Feature","geometry":{"type":"LineString","coordinates":[[38.99,116.03],[39.9,116.26]]},"properties":{"l":"road","c":"street"}},{"type":"Feature","geometry":{"type":"LineString","coordinates":[[57.58,101.61],[57.51,102.33],[57.49,103.03],[57.52,103.73],[57.59,104.45]]},"properties":{"l":"road","c":"street"}},{"type":"Feature","geometry":{"type":"LineString","coordinates":[[57.59,104.45],[57.85,105.84],[58.38,107.94],[58.69,109.35],[58.8,110.05],[58.87,110.75],[58.89,111.41]]},"properties":{"l":"road","c":"street"}},{"type":"Feature","geometry":{"type":"LineString","coordinates":[[58.89,111.41],[58.87,112.15],[58.77,113.08]]},"properties":{"l":"road","c":"street"}},{"type":"Feature","geometry":{"type":"LineString","coordinates":[[56.28,103.05],[56.54,104.43],[57.23,107.23]]},"properties":{"l":"road","c":"street"}},{"type":"Feature","geometry":{"type":"LineString","coordinates":[[57.23,107.23],[57.48,108.64],[57.55,109.35],[57.57,110.05],[57.54,110.75],[57.4,111.86]]},"properties":{"l":"road","c":"street"}},{"type":"Feature","geometry":{"type":"LineString","coordinates":[[57.4,111.86],[57.19,112.92]]},"properties":{"l":"road","c":"street"}},{"type":"Feature","geometry":{"type":"LineString","coordinates":[[54.85,101.31],[55.02,102.33],[55.17,103.03],[55.72,105.22]]},"properties":{"l":"road","c":"street"}},{"type":"Feature","geometry":{"type":"LineString","coordinates":[[55.72,105.22],[56.0,106.54],[56.1,107.24],[56.15,107.95]]},"properties":{"l":"road","c":"street"}},{"type":"Feature","geometry":{"type":"LineString","coordinates":[[56.15,107.95],[56.16,108.64],[56.13,109.35],[56.04,110.05],[55.77,111.45],[55.48,112.62]]},"properties":{"l":"road","c":"street"}},{"type":"Feature","geometry":{"type":"LineString","coordinates":[[53.96,101.37],[54.59,103.91]]},"properties":{"l":"road","c":"street"}},{"type":"Feature","geometry":{"type":"LineString","coordinates":[[54.59,103.91],[54.85,105.13],[54.96,105.84],[55.03,106.54],[55.05,107.24],[55.02,107.94],[54.95,108.64],[54.84,109.35],[54.64,110.27]]},"properties":{"l":"road","c":"street"}},{"type":"Feature","geometry":{"type":"LineString","coordinates":[[53.17,101.43],[53.37,102.21]]},"properties":{"l":"road","c":"street"}},{"type":"Feature","geometry":{"type":"LineString","coordinates":[[53.37,102.21],[53.72,103.73],[53.84,104.43],[53.92,105.13],[53.94,105.71]]},"properties":{"l":"road","c":"street"}},{"type":"Feature","geometry":{"type":"LineString","coordinates":[[53.94,105.71],[53.94,106.54],[53.88,107.24],[53.78,107.94],[53.62,108.74]]},"properties":{"l":"road","c":"street"}},{"type":"Feature","geometry":{"type":"LineString","coordinates":[[53.62,108.74],[52.93,111.54]]},"properties":{"l":"road","c":"street"}},{"type":"Feature","geometry":{"type":"LineString","coordinates":[[52.26,101.5],[52.42,102.23]]},"properties":{"l":"road","c":"street"}},{"type":"Feature","geometry":{"type":"LineString","coordinates":[[52.42,102.23],[52.56,103.03],[52.64,103.73],[52.67,104.43],[52.66,105.13],[52.6,105.84],[52.49,106.54],[52.19,107.94],[51.9,109.1]]},"properties":{"l":"road","c":"street"}},{"type":"Feature","geometry":{"type":"LineString","coordinates":[[51.9,109.1],[51.66,110.05],[51.39,111.45],[51.31,112.15],[51.27,112.86],[51.28,113.58]]},"properties":{"l":"road","c":"street"}},{"type":"Feature","geometry":{"type":"LineString","coordinates":[[51.31,101.62],[51.38,102.33],[51.42,103.03],[51.41,103.73],[51.35,104.43],[51.11,105.84],[50.47,108.4]]},"properties":{"l":"road","c":"street"}},{"type":"Feature","geometry":{"type":"LineString","coordinates":[[50.47,108.4],[50.26,109.35],[50.06,110.75],[50.02,111.45],[50.05,112.42]]},"properties":{"l":"road","c":"street"}},{"type":"Feature","geometry":{"type":"LineString","coordinates":[[50.05,112.42],[50.09,112.86],[50.25,113.9]]},"properties":{"l":"road","c":"street"}},{"type":"Feature","geometry":{"type":"LineString","coordinates":[[50.11,103.4],[49.94,104.43],[49.24,107.24],[49.06,108.13]]},"properties":{"l":"road","c":"street"}},{"type":"Feature","geometry":{"type":"LineString","coordinates":[[49.06,108.13],[48.88,109.35],[48.83,110.05],[48.84,110.75],[48.89,111.45],[48.98,112.15],[49.16,113.1]]},"properties":{"l":"road","c":"street"}},{"type":"Feature","geometry":{"type":"LineString","coordinates":[[49.16,113.1],[49.44,114.24]]},"properties":{"l":"road","c":"street"}},{"type":"Feature","geometry":{"type":"LineString","coordinates":[[48.85,101.75],[48.77,102.33],[48.49,103.68]]},"properties":{"l":"road","c":"street"}},{"type":"Feature","geometry":{"type":"LineString","coordinates":[[48.49,103.68],[47.79,106.54],[47.66,107.24],[47.55,108.38]]},"properties":{"l":"road","c":"street"}},{"type":"Feature","geometry":{"type":"LineString","coordinates":[[47.55,108.38],[47.54,109.35],[47.59,110.05],[47.69,110.75],[47.98,112.15],[48.5,114.23]]},"properties":{"l":"road","c":"street"}},{"type":"Feature","geometry":{"type":"LineString","coordinates":[[48.5,114.23],[48.6,114.68]]},"properties":{"l":"road","c":"street"}},{"type":"Feature","geometry":{"type":"LineString","coordinates":[[47.32,101.86],[46.85,103.76]]},"properties":{"l":"road","c":"street"}},{"type":"Feature","geometry":{"type":"LineString","coordinates":[[46.85,103.76],[46.53,105.13],[46.4,105.84],[46.32,106.54],[46.28,107.24],[46.28,107.82]]},"properties":{"l":"road","c":"street"}},{"type":"Feature","geometry":{"type":"LineString","coordinates":[[46.98,111.81],[47.4,113.56],[47.53,114.26],[47.63,115.15]]},"properties":{"l":"road","c":"street"}},{"type":"Feature","geometry":{"type":"LineString","coordinates":[[45.7,101.98],[45.28,103.75]]},"properties":{"l":"road","c":"street"}},{"type":"Feature","geometry":{"type":"LineString","coordinates":[[45.28,103.75],[45.07,105.13],[45.03,105.84],[45.03,106.54],[45.12,107.53]]},"properties":{"l":"road","c":"street"}},{"type":"Feature","geometry":{"type":"LineString","coordinates":[[45.84,110.86],[46.15,112.15],[46.28,112.86],[46.37,113.56],[46.41,114.2]]},"properties":{"l":"road","c":"street"}},{"type":"Feature","geometry":{"type":"LineString","coordinates":[[46.41,114.2],[46.42,114.96],[46.35,115.81]]},"properties":{"l":"road","c":"street"}},{"type":"Feature","geometry":{"type":"LineString","coordinates":[[44.04,102.1],[43.81,103.48]]},"properties":{"l":"road","c":"street"}},{"type":"Feature","geometry":{"type":"LineString","coordinates":[[43.81,103.48],[43.74,104.43],[43.74,105.13],[43.8,105.84],[43.89,106.54],[44.1,107.6]]},"properties":{"l":"road","c":"street"}},{"type":"Feature","geometry":{"type":"LineString","coordinates":[[44.92,111.03],[45.08,112.15],[45.13,112.86],[45.13,113.56],[45.08,114.26],[44.99,114.96],[44.72,116.31]]},"properties":{"l":"road","c":"street"}},{"type":"Feature","geometry":{"type":"LineString","coordinates":[[42.42,102.22],[42.38,103.03],[42.39,103.59]]},"properties":{"l":"road","c":"street"}},{"type":"Feature","geometry":{"type":"LineString","coordinates":[[42.39,103.59],[42.45,104.43],[42.55,105.13],[42.84,106.54],[43.18,107.85]]},"properties":{"l":"road","c":"street"}},{"type":"Feature","geometry":{"type":"LineString","coordinates":[[43.75,111.03],[43.76,112.15],[43.71,112.86],[43.48,114.26],[43.12,115.74]]},"properties":{"l":"road","c":"street"}},{"type":"Feature","geometry":{"type":"LineString","coordinates":[[41.77,106.35],[42.13,107.94],[42.25,108.67]]},"properties":{"l":"road","c":"street"}},{"type":"Feature","geometry":{"type":"LineString","coordinates":[[42.34,110.13],[42.33,110.75],[42.26,111.45],[42.15,112.15],[41.92,113.25]]},"properties":{"l":"road","c":"street"}},{"type":"Feature","geometry":{"type":"LineString","coordinates":[[41.92,113.25],[41.38,115.42]]},"properties":{"l":"road","c":"street"}},{"type":"Feature","geometry":{"type":"LineString","coordinates":[[39.95,102.44],[40.23,103.73],[40.76,105.84],[40.94,106.74]]},"properties":{"l":"road","c":"street"}},{"type":"Feature","geometry":{"type":"LineString","coordinates":[[40.94,106.74],[41.1,107.94],[41.14,108.64],[41.12,109.35],[41.02,110.3]]},"properties":{"l":"road","c":"street"}},{"type":"Feature","geometry":{"type":"LineString","coordinates":[[41.02,110.3],[40.82,111.45],[40.12,114.26],[39.95,115.11]]},"properties":{"l":"road","c":"street"}},{"type":"Feature","geometry":{"type":"LineString","coordinates":[[39.95,115.11],[39.85,115.66],[39.77,116.48]]},"properties":{"l":"road","c":"street"}},{"type":"Feature","geometry":{"type":"LineString","coordinates":[[38.95,102.48],[39.44,104.43],[39.67,105.64]]},"properties":{"l":"road","c":"street"}},{"type":"Feature","geometry":{"type":"LineString","coordinates":[[39.75,108.29],[39.6,109.35],[39.19,111.18]]},"properties":{"l":"road","c":"street"}},{"type":"Feature","geometry":{"type":"LineString","coordinates":[[39.19,111.18],[38.62,113.56],[38.51,114.26],[38.42,115.2]]},"properties":{"l":"road","c":"street"}},{"type":"Feature","geometry":{"type":"LineString","coordinates":[[38.01,102.56],[38.11,102.99]]},"properties":{"l":"road","c":"street"}},{"type":"Feature","geometry":{"type":"LineString","coordinates":[[38.39,107.03],[38.25,107.94],[38.11,108.64],[37.65,110.5]]},"properties":{"l":"road","c":"street"}},{"type":"Feature","geometry":{"type":"LineString","coordinates":[[37.65,110.5],[37.27,112.15],[37.11,113.3]]},"properties":{"l":"road","c":"street"}},{"type":"Feature","geometry":{"type":"LineString","coordinates":[[37.24,105.64],[37.12,106.54],[36.98,107.24],[36.4,109.58]]},"properties":{"l":"road","c":"street"}},{"type":"Feature","geometry":{"type":"LineString","coordinates":[[21.7,114.23],[24.81,112.79]]},"properties":{"l":"road","c":"street"}},{"type":"Feature","geometry":{"type":"LineString","coordinates":[[21.07,115.79],[28.38,112.38]]},"properties":{"l":"road","c":"street"}},{"type":"Feature","geometry":{"type":"LineString","coordinates":[[20.65,117.2],[31.84,111.98]]},"properties":{"l":"road","c":"street"}},{"type":"Feature","geometry":{"type":"LineString","coordinates":[[20.21,118.66],[35.42,111.57]]},"properties":{"l":"road","c":"street"}},{"type":"Feature","geometry":{"type":"LineString","coordinates":[[19.87,120.06],[36.22,112.43]]},"properties":{"l":"road","c":"street"}},{"type":"Feature","geometry":{"type":"LineString","coordinates":[[19.39,121.5],[36.86,113.36]]},"properties":{"l":"road","c":"street"}},{"type":"Feature","geometry":{"type":"LineString","coordinates":[[19.47,122.8],[37.56,114.37]]},"properties":{"l":"road","c":"street"}},{"type":"Feature","geometry":{"type":"LineString","coordinates":[[19.68,123.99],[38.23,115.34]]},"properties":{"l":"road","c":"street"}},{"type":"Feature","geometry":{"type":"LineString","coordinates":[[19.77,125.16],[38.86,116.26]]},"properties":{"l":"road","c":"street"}},{"type":"Feature","geometry":{"type":"LineString","coordinates":[[19.78,126.18],[39.39,117.04]]},"properties":{"l":"road","c":"street"}},{"type":"Feature","geometry":{"type":"LineString","coordinates":[[19.84,127.26],[39.67,118.01]]},"properties":{"l":"road","c":"street"}},{"type":"Feature","geometry":{"type":"LineString","coordinates":[[20.14,128.19],[39.08,119.36]]},"properties":{"l":"road","c":"street"}},{"type":"Feature","geometry":{"type":"LineString","coordinates":[[21.21,129.05],[38.68,120.9]]},"properties":{"l":"road","c":"street"}},{"type":"Feature","geometry":{"type":"LineString","coordinates":[[22.13,130.01],[38.37,122.44]]},"properties":{"l":"road","c":"street"}},{"type":"Feature","geometry":{"type":"LineString","coordinates":[[23.25,130.66],[38.18,123.69]]},"properties":{"l":"road","c":"street"}},{"type":"Feature","geometry":{"type":"LineString","coordinates":[[26.69,130.36],[37.56,125.3]]},"properties":{"l":"road","c":"street"}},{"type":"Feature","geometry":{"type":"LineString","coordinates":[[30.14,129.8],[36.46,126.85]]},"properties":{"l":"road","c":"street"}},{"type":"Feature","geometry":{"type":"LineString","coordinates":[[35.24,111.59],[36.68,114.69]]},"properties":{"l":"road","c":"street"}},{"type":"Feature","geometry":{"type":"LineString","coordinates":[[36.68,114.69],[38.94,119.53]]},"properties":{"l":"road","c":"street"}},{"type":"Feature","geometry":{"type":"LineString","coordinates":[[33.49,111.79],[33.7,112.24]]},"properties":{"l":"road","c":"street"}},{"type":"Feature","geometry":{"type":"LineString","coordinates":[[33.7,112.24],[34.84,114.69]]},"properties":{"l":"road","c":"street"}},{"type":"Feature","geometry":{"type":"LineString","coordinates":[[34.84,114.69],[37.37,120.12]]},"properties":{"l":"road","c":"street"}},{"type":"Feature","geometry":{"type":"LineString","coordinates":[[37.37,120.12],[38.39,122.31]]},"properties":{"l":"road","c":"street"}},{"type":"Feature","geometry":{"type":"LineString","coordinates":[[33.08,115.57],[34.4,118.39]]},"properties":{"l":"road","c":"street"}},{"type":"Feature","geometry":{"type":"LineString","coordinates":[[34.4,118.39],[35.76,121.31]]},"properties":{"l":"road","c":"street"}},{"type":"Feature","geometry":{"type":"LineString","coordinates":[[35.76,121.31],[37.16,124.32]]},"properties":{"l":"road","c":"street"}},{"type":"Feature","geometry":{"type":"LineString","coordinates":[[37.16,124.32],[37.59,125.25]]},"properties":{"l":"road","c":"street"}},{"type":"Feature","geometry":{"type":"LineString","coordinates":[[29.26,112.28],[30.39,114.7]]},"properties":{"l":"road","c":"street"}},{"type":"Feature","geometry":{"type":"LineString","coordinates":[[30.39,114.7],[31.49,117.06]]},"properties":{"l":"road","c":"street"}},{"type":"Feature","geometry":{"type":"LineString","coordinates":[[31.49,117.06],[34.22,122.92]]},"properties":{"l":"road","c":"street"}},{"type":"Feature","geometry":{"type":"LineString","coordinates":[[34.22,122.92],[36.24,127.25]]},"properties":{"l":"road","c":"street"}},{"type":"Feature","geometry":{"type":"LineString","coordinates":[[27.11,112.52],[28.71,115.96]]},"properties":{"l":"road","c":"street"}},{"type":"Feature","geometry":{"type":"LineString","coordinates":[[28.71,115.96],[31.07,121.03]]},"properties":{"l":"road","c":"street"}},{"type":"Feature","geometry":{"type":"LineString","coordinates":[[31.07,121.03],[32.58,124.26]]},"properties":{"l":"road","c":"street"}},{"type":"Feature","geometry":{"type":"LineString","coordinates":[[25.07,112.76],[26.56,115.94]]},"properties":{"l":"road","c":"street"}},{"type":"Feature","geometry":{"type":"LineString","coordinates":[[26.56,115.94],[28.68,120.49]]},"properties":{"l":"road","c":"street"}},{"type":"Feature","geometry":{"type":"LineString","coordinates":[[28.68,120.49],[30.86,125.16]]},"properties":{"l":"road","c":"street"}},{"type":"Feature","geometry":{"type":"LineString","coordinates":[[23.11,112.98],[23.59,114.01]]},"properties":{"l":"road","c":"street"}},{"type":"Feature","geometry":{"type":"LineString","coordinates":[[25.46,118.02],[28.19,123.89]]},"properties":{"l":"road","c":"street"}},{"type":"Feature","geometry":{"type":"LineString","coordinates":[[28.19,123.89],[30.33,128.48]]},"properties":{"l":"road","c":"street"}},{"type":"Feature","geometry":{"type":"LineString","coordinates":[[30.33,128.48],[30.88,129.66]]},"properties":{"l":"road","c":"street"}},{"type":"Feature","geometry":{"type":"LineString","coordinates":[[21.47,114.62],[23.45,118.87]]},"properties":{"l":"road","c":"street"}},{"type":"Feature","geometry":{"type":"LineString","coordinates":[[23.45,118.87],[25.71,123.71]]},"properties":{"l":"road","c":"street"}},{"type":"Feature","geometry":{"type":"LineString","coordinates":[[25.71,123.71],[27.95,128.52]]},"properties":{"l":"road","c":"street"}},{"type":"Feature","geometry":{"type":"LineString","coordinates":[[27.95,128.52],[28.7,130.12]]},"properties":{"l":"road","c":"street"}},{"type":"Feature","geometry":{"type":"LineString","coordinates":[[21.3,119.22],[24.01,125.02]]},"properties":{"l":"road","c":"street"}},{"type":"Feature","geometry":{"type":"LineString","coordinates":[[24.01,125.02],[25.81,128.89]]},"properties":{"l":"road","c":"street"}},{"type":"Feature","geometry":{"type":"LineString","coordinates":[[25.81,128.89],[26.5,130.37]]},"properties":{"l":"road","c":"street"}},{"type":"Feature","geometry":{"type":"LineString","coordinates":[[19.78,120.35],[21.04,123.06]]},"properties":{"l":"road","c":"street"}},{"type":"Feature","geometry":{"type":"LineString","coordinates":[[21.04,123.06],[23.81,129.01]]},"properties":{"l":"road","c":"street"}},{"type":"Feature","geometry":{"type":"LineString","coordinates":[[23.81,129.01],[24.5,130.47]]},"properties":{"l":"road","c":"street"}},{"type":"Feature","geometry":{"type":"LineString","coordinates":[[19.78,125.56],[20.29,126.65]]},"properties":{"l":"road","c":"street"}},{"type":"Feature","geometry":{"type":"LineString","coordinates":[[20.29,126.65],[21.55,129.36]]},"properties":{"l":"road","c":"street"}},{"type":"Feature","geometry":{"type":"LineString","coordinates":[[114.5,-25.61],[115.28,-25.44]]},"properties":{"l":"road","c":"street"}},{"type":"Feature","geometry":{"type":"LineString","coordinates":[[114.58,-24.59],[116.37,-24.21]]},"properties":{"l":"road","c":"street"}},{"type":"Feature","geometry":{"type":"LineString","coordinates":[[114.66,-23.57],[117.48,-22.97]]},"properties":{"l":"road","c":"street"}},{"type":"Feature","geometry":{"type":"LineString","coordinates":[[114.73,-22.76],[118.35,-21.99]]},"properties":{"l":"road","c":"street"}},{"type":"Feature","geometry":{"type":"LineString","coordinates":[[114.81,-21.78],[119.4,-20.81]]},"properties":{"l":"road","c":"street"}},{"type":"Feature","geometry":{"type":"LineString","coordinates":[[114.87,-20.98],[120.26,-19.84]]},"properties":{"l":"road","c":"street"}},{"type":"Feature","geometry":{"type":"LineString","coordinates":[[114.94,-20.07],[121.24,-18.74]]},"properties":{"l":"road","c":"street"}},{"type":"Feature","geometry":{"type":"LineString","coordinates":[[115.01,-19.22],[122.17,-17.7]]},"properties":{"l":"road","c":"street"}},{"type":"Feature","geometry":{"type":"LineString","coordinates":[[115.08,-18.4],[123.04,-16.71]]},"properties":{"l":"road","c":"street"}},{"type":"Feature","geometry":{"type":"LineString","coordinates":[[115.15,-17.54],[123.97,-15.66]]},"properties":{"l":"road","c":"street"}},{"type":"Feature","geometry":{"type":"LineString","coordinates":[[115.22,-16.59],[125.0,-14.51]]},"properties":{"l":"road","c":"street"}},{"type":"Feature","geometry":{"type":"LineString","coordinates":[[115.3,-15.65],[126.0,-13.38]]},"properties":{"l":"road","c":"street"}},{"type":"Feature","geometry":{"type":"LineString","coordinates":[[115.37,-14.81],[126.91,-12.36]]},"properties":{"l":"road","c":"street"}},{"type":"Feature","geometry":{"type":"LineString","coordinates":[[115.43,-14.03],[127.75,-11.42]]},"properties":{"l":"road","c":"street"}},{"type":"Feature","geometry":{"type":"LineString","coordinates":[[115.49,-13.29],[128.55,-10.51]]},"properties":{"l":"road","c":"street"}},{"type":"Feature","geometry":{"type":"LineString","coordinates":[[115.57,-12.29],[129.07,-9.42]]},"properties":{"l":"road","c":"street"}},{"type":"Feature","geometry":{"type":"LineString","coordinates":[[115.64,-11.4],[128.18,-8.73]]},"properties":{"l":"road","c":"street"}},{"type":"Feature","geometry":{"type":"LineString","coordinates":[[115.71,-10.51],[127.3,-8.05]]},"properties":{"l":"road","c":"street"}},{"type":"Feature","geometry":{"type":"LineString","coordinates":[[115.78,-9.65],[126.43,-7.39]]},"properties":{"l":"road","c":"street"}},{"type":"Feature","geometry":{"type":"LineString","coordinates":[[115.84,-8.88],[125.66,-6.79]]},"properties":{"l":"road","c":"street"}},{"type":"Feature","geometry":{"type":"LineString","coordinates":[[115.9,-8.07],[124.85,-6.17]]},"properties":{"l":"road","c":"street"}},{"type":"Feature","geometry":{"type":"LineString","coordinates":[[115.99,-7.05],[123.83,-5.39]]},"properties":{"l":"road","c":"street"}},{"type":"Feature","geometry":{"type":"LineString","coordinates":[[118.13,-5.76],[122.98,-4.73]]},"properties":{"l":"road","c":"street"}},{"type":"Feature","geometry":{"type":"LineString","coordinates":[[121.54,-4.16],[122.08,-4.04]]},"properties":{"l":"road","c":"street"}},{"type":"Feature","geometry":{"type":"LineString","coordinates":[[128.99,-10.01],[128.83,-9.23]]},"properties":{"l":"road","c":"street"}},{"type":"Feature","geometry":{"type":"LineString","coordinates":[[127.71,-11.46],[127.54,-10.66]]},"properties":{"l":"road","c":"street"}},{"type":"Feature","geometry":{"type":"LineString","coordinates":[[127.54,-10.66],[126.92,-7.76]]},"properties":{"l":"road","c":"street"}},{"type":"Feature","geometry":{"type":"LineString","coordinates":[[125.37,-7.88],[125.04,-6.32]]},"properties":{"l":"road","c":"street"}},{"type":"Feature","geometry":{"type":"LineString","coordinates":[[125.0,-14.5],[123.67,-8.22]]},"properties":{"l":"road","c":"street"}},{"type":"Feature","geometry":{"type":"LineString","coordinates":[[123.67,-8.22],[123.0,-5.1]]},"properties":{"l":"road","c":"street"}},{"type":"Feature","geometry":{"type":"LineString","coordinates":[[123.0,-5.1],[122.91,-4.68]]},"properties":{"l":"road","c":"street"}},{"type":"Feature","geometry":{"type":"LineString","coordinates":[[123.64,-16.04],[122.96,-12.87]]},"properties":{"l":"road","c":"street"}},{"type":"Feature","geometry":{"type":"LineString","coordinates":[[122.96,-12.87],[121.91,-7.91]]},"properties":{"l":"road","c":"street"}},{"type":"Feature","geometry":{"type":"LineString","coordinates":[[121.91,-7.91],[121.36,-5.35]]},"properties":{"l":"road","c":"street"}},{"type":"Feature","geometry":{"type":"LineString","coordinates":[[121.36,-5.35],[121.15,-4.34]]},"properties":{"l":"road","c":"street"}},{"type":"Feature","geometry":{"type":"LineString","coordinates":[[122.27,-17.58],[121.67,-14.75]]},"properties":{"l":"road","c":"street"}},{"type":"Feature","geometry":{"type":"LineString","coordinates":[[121.67,-14.75],[120.61,-9.76]]},"properties":{"l":"road","c":"street"}},{"type":"Feature","geometry":{"type":"LineString","coordinates":[[120.61,-9.76],[119.61,-5.07]]},"properties":{"l":"road","c":"street"}},{"type":"Feature","geometry":{"type":"LineString","coordinates":[[120.83,-19.19],[119.85,-14.54]]},"properties":{"l":"road","c":"street"}},{"type":"Feature","geometry":{"type":"LineString","coordinates":[[119.47,-20.73],[118.87,-17.93]]},"properties":{"l":"road","c":"street"}},{"type":"Feature","geometry":{"type":"LineString","coordinates":[[118.87,-17.93],[117.71,-12.45]]},"properties":{"l":"road","c":"street"}},{"type":"Feature","geometry":{"type":"LineString","coordinates":[[117.71,-12.45],[116.87,-8.51]]},"properties":{"l":"road","c":"street"}},{"type":"Feature","geometry":{"type":"LineString","coordinates":[[116.87,-8.51],[116.45,-6.55]]},"properties":{"l":"road","c":"street"}},{"type":"Feature","geometry":{"type":"LineString","coordinates":[[118.34,-22.0],[117.78,-19.37]]},"properties":{"l":"road","c":"street"}},{"type":"Feature","geometry":{"type":"LineString","coordinates":[[117.78,-19.37],[116.81,-14.79]]},"properties":{"l":"road","c":"street"}},{"type":"Feature","geometry":{"type":"LineString","coordinates":[[116.81,-14.79],[116.26,-12.22]]},"properties":{"l":"road","c":"street"}},{"type":"Feature","geometry":{"type":"LineString","coordinates":[[116.26,-12.22],[115.76,-9.87]]},"properties":{"l":"road","c":"street"}},{"type":"Feature","geometry":{"type":"LineString","coordinates":[[116.27,-18.64],[115.39,-14.51]]},"properties":{"l":"road","c":"street"}},{"type":"Feature","geometry":{"type":"LineString","coordinates":[[115.91,-24.73],[114.94,-20.16]]},"properties":{"l":"road","c":"street"}},{"type":"Feature","geometry":{"type":"LineString","coordinates":[[115.39,-5.93],[118.71,-5.22]]},"properties":{"l":"road","c":"street"}},{"type":"Feature","geometry":{"type":"LineString","coordinates":[[114.39,-4.8],[122.0,-3.18]]},"properties":{"l":"road","c":"street"}},{"type":"Feature","geometry":{"type":"LineString","coordinates":[[113.56,-3.86],[122.26,-2.01]]},"properties":{"l":"road","c":"street"}},{"type":"Feature","geometry":{"type":"LineString","coordinates":[[113.86,-2.67],[122.53,-0.82]]},"properties":{"l":"road","c":"street"}},{"type":"Feature","geometry":{"type":"LineString","coordinates":[[111.87,-1.93],[113.01,-1.69]]},"properties":{"l":"road","c":"street"}},{"type":"Feature","geometry":{"type":"LineString","coordinates":[[114.33,-1.41],[122.8,0.39]]},"properties":{"l":"road","c":"street"}},{"type":"Feature","geometry":{"type":"LineString","coordinates":[[110.88,-0.82],[113.53,-0.26]]},"properties":{"l":"road","c":"street"}},{"type":"Feature","geometry":{"type":"LineString","coordinates":[[114.84,0.02],[123.11,1.78]]},"properties":{"l":"road","c":"street"}},{"type":"Feature","geometry":{"type":"LineString","coordinates":[[109.84,0.36],[114.07,1.26]]},"properties":{"l":"road","c":"street"}},{"type":"Feature","geometry":{"type":"LineString","coordinates":[[115.36,1.53],[119.82,2.48]]},"properties":{"l":"road","c":"street"}},{"type":"Feature","geometry":{"type":"LineString","coordinates":[[108.87,1.46],[114.53,2.66]]},"properties":{"l":"road","c":"street"}},{"type":"Feature","geometry":{"type":"LineString","coordinates":[[115.8,2.93],[116.89,3.16]]},"properties":{"l":"road","c":"street"}},{"type":"Feature","geometry":{"type":"LineString","coordinates":[[108.01,2.43],[114.37,3.78]]},"properties":{"l":"road","c":"street"}},{"type":"Feature","geometry":{"type":"LineString","coordinates":[[107.21,3.34],[112.68,4.5]]},"properties":{"l":"road","c":"street"}},{"type":"Feature","geometry":{"type":"LineString","coordinates":[[106.36,4.3],[111.06,5.3]]},"properties":{"l":"road","c":"street"}},{"type":"Feature","geometry":{"type":"LineString","coordinates":[[105.53,5.24],[109.31,6.05]]},"properties":{"l":"road","c":"street"}},{"type":"Feature","geometry":{"type":"LineString","coordinates":[[104.62,6.28],[106.62,6.7]]},"properties":{"l":"road","c":"street"}},{"type":"Feature","geometry":{"type":"LineString","coordinates":[[122.22,-2.23],[121.52,1.03]]},"properties":{"l":"road","c":"street"}},{"type":"Feature","geometry":{"type":"LineString","coordinates":[[121.52,1.03],[121.27,2.23]]},"properties":{"l":"road","c":"street"}},{"type":"Feature","geometry":{"type":"LineString","coordinates":[[120.65,-4.31],[120.17,-2.05]]},"properties":{"l":"road","c":"street"}},{"type":"Feature","geometry":{"type":"LineString","coordinates":[[120.17,-2.05],[119.42,1.49]]},"properties":{"l":"road","c":"street"}},{"type":"Feature","geometry":{"type":"LineString","coordinates":[[119.42,1.49],[119.18,2.61]]},"properties":{"l":"road","c":"street"}},{"type":"Feature","geometry":{"type":"LineString","coordinates":[[118.72,-5.22],[118.58,-4.55]]},"properties":{"l":"road","c":"street"}},{"type":"Feature","geometry":{"type":"LineString","coordinates":[[118.58,-4.55],[117.35,1.24]]},"properties":{"l":"road","c":"street"}},{"type":"Feature","geometry":{"type":"LineString","coordinates":[[117.35,1.24],[116.95,3.15]]},"properties":{"l":"road","c":"street"}},{"type":"Feature","geometry":{"type":"LineString","coordinates":[[116.9,-6.08],[116.33,-3.39]]},"properties":{"l":"road","c":"street"}},{"type":"Feature","geometry":{"type":"LineString","coordinates":[[114.39,-4.79],[113.91,-2.54]]},"properties":{"l":"road","c":"street"}},{"type":"Feature","geometry":{"type":"LineString","coordinates":[[113.46,-0.45],[112.97,1.89]]},"properties":{"l":"road","c":"street"}},{"type":"Feature","geometry":{"type":"LineString","coordinates":[[112.97,1.89],[112.38,4.66]]},"properties":{"l":"road","c":"street"}},{"type":"Feature","geometry":{"type":"LineString","coordinates":[[111.95,-2.03],[111.19,1.54]]},"properties":{"l":"road","c":"street"}},{"type":"Feature","geometry":{"type":"LineString","coordinates":[[111.19,1.54],[110.43,5.13]]},"properties":{"l":"road","c":"street"}},{"type":"Feature","geometry":{"type":"LineString","coordinates":[[110.43,5.13],[110.31,5.68]]},"properties":{"l":"road","c":"street"}},{"type":"Feature","geometry":{"type":"LineString","coordinates":[[107.09,3.48],[106.97,4.05]]},"properties":{"l":"road","c":"street"}},{"type":"Feature","geometry":{"type":"LineString","coordinates":[[104.79,6.08],[104.55,7.21]]},"properties":{"l":"road","c":"street"}},{"type":"Feature","geometry":{"type":"LineString","coordinates":[[114.15,-27.37],[117.77,-27.88]]},"properties":{"l":"road","c":"street"}},{"type":"Feature","geometry":{"type":"LineString","coordinates":[[114.81,-26.33],[125.8,-27.88]]},"properties":{"l":"road","c":"street"}},{"type":"Feature","geometry":{"type":"LineString","coordinates":[[115.87,-25.14],[135.39,-27.88]]},"properties":{"l":"road","c":"street"}},{"type":"Feature","geometry":{"type":"LineString","coordinates":[[116.81,-24.09],[139.88,-27.33]]},"properties":{"l":"road","c":"street"}},{"type":"Feature","geometry":{"type":"LineString","coordinates":[[117.82,-22.95],[139.88,-26.05]]},"properties":{"l":"road","c":"street"}},{"type":"Feature","geometry":{"type":"LineString","coordinates":[[118.92,-21.71],[139.88,-24.66]]},"properties":{"l":"road","c":"street"}},{"type":"Feature","geometry":{"type":"LineString","coordinates":[[119.97,-20.53],[139.88,-23.33]]},"properties":{"l":"road","c":"street"}},{"type":"Feature","geometry":{"type":"LineString","coordinates":[[120.96,-19.41],[139.88,-22.07]]},"properties":{"l":"road","c":"street"}},{"type":"Feature","geometry":{"type":"LineString","coordinates":[[122.01,-18.23],[139.88,-20.74]]},"properties":{"l":"road","c":"street"}},{"type":"Feature","geometry":{"type":"LineString","coordinates":[[122.82,-17.32],[139.88,-19.72]]},"properties":{"l":"road","c":"street"}},{"type":"Feature","geometry":{"type":"LineString","coordinates":[[123.76,-16.27],[139.88,-18.53]]},"properties":{"l":"road","c":"street"}},{"type":"Feature","geometry":{"type":"LineString","coordinates":[[124.83,-15.06],[139.88,-17.18]]},"properties":{"l":"road","c":"street"}},{"type":"Feature","geometry":{"type":"LineString","coordinates":[[125.86,-13.9],[139.88,-15.87]]},"properties":{"l":"road","c":"street"}},{"type":"Feature","geometry":{"type":"LineString","coordinates":[[126.8,-12.84],[139.88,-14.68]]},"properties":{"l":"road","c":"street"}},{"type":"Feature","geometry":{"type":"LineString","coordinates":[[127.68,-11.86],[139.69,-13.54]]},"properties":{"l":"road","c":"street"}},{"type":"Feature","geometry":{"type":"LineString","coordinates":[[128.59,-10.83],[134.78,-11.7]]},"properties":{"l":"road","c":"street"}},{"type":"Feature","geometry":{"type":"LineString","coordinates":[[138.1,-27.88],[138.24,-26.88]]},"properties":{"l":"road","c":"street"}},{"type":"Feature","geometry":{"type":"LineString","coordinates":[[138.24,-26.88],[138.79,-22.96]]},"properties":{"l":"road","c":"street"}},{"type":"Feature","geometry":{"type":"LineString","coordinates":[[138.79,-22.96],[139.55,-17.58]]},"properties":{"l":"road","c":"street"}},{"type":"Feature","geometry":{"type":"LineString","coordinates":[[139.55,-17.58],[139.88,-15.21]]},"properties":{"l":"road","c":"street"}},{"type":"Feature","geometry":{"type":"LineString","coordinates":[[136.84,-22.92],[137.22,-20.24]]},"properties":{"l":"road","c":"street"}},{"type":"Feature","geometry":{"type":"LineString","coordinates":[[138.07,-14.16],[138.24,-13.0]]},"properties":{"l":"road","c":"street"}},{"type":"Feature","geometry":{"type":"LineString","coordinates":[[134.63,-27.88],[134.98,-25.36]]},"properties":{"l":"road","c":"street"}},{"type":"Feature","geometry":{"type":"LineString","coordinates":[[136.11,-17.33],[136.8,-12.46]]},"properties":{"l":"road","c":"street"}},{"type":"Feature","geometry":{"type":"LineString","coordinates":[[133.14,-25.5],[133.76,-21.11]]},"properties":{"l":"road","c":"street"}},{"type":"Feature","geometry":{"type":"LineString","coordinates":[[133.76,-21.11],[134.34,-16.97]]},"properties":{"l":"road","c":"street"}},{"type":"Feature","geometry":{"type":"LineString","coordinates":[[131.29,-27.88],[131.77,-24.52]]},"properties":{"l":"road","c":"street"}},{"type":"Feature","geometry":{"type":"LineString","coordinates":[[131.77,-24.52],[132.49,-19.37]]},"properties":{"l":"road","c":"street"}},{"type":"Feature","geometry":{"type":"LineString","coordinates":[[132.49,-19.37],[133.14,-14.77]]},"properties":{"l":"road","c":"street"}},{"type":"Feature","geometry":{"type":"LineString","coordinates":[[129.53,-27.88],[130.24,-22.84]]},"properties":{"l":"road","c":"street"}},{"type":"Feature","geometry":{"type":"LineString","coordinates":[[130.24,-22.84],[130.7,-19.55]]},"properties":{"l":"road","c":"street"}},{"type":"Feature","geometry":{"type":"LineString","coordinates":[[130.7,-19.55],[131.08,-16.83]]},"properties":{"l":"road","c":"street"}},{"type":"Feature","geometry":{"type":"LineString","coordinates":[[131.08,-16.83],[131.66,-12.7]]},"properties":{"l":"road","c":"street"}},{"type":"Feature","geometry":{"type":"LineString","coordinates":[[131.66,-12.7],[131.95,-10.64]]},"properties":{"l":"road","c":"street"}},{"type":"Feature","geometry":{"type":"LineString","coordinates":[[127.65,-26.78],[128.36,-21.73]]},"properties":{"l":"road","c":"street"}},{"type":"Feature","geometry":{"type":"LineString","coordinates":[[128.36,-21.73],[129.24,-15.47]]},"properties":{"l":"road","c":"street"}},{"type":"Feature","geometry":{"type":"LineString","coordinates":[[129.24,-15.47],[130.01,-10.0]]},"properties":{"l":"road","c":"street"}},{"type":"Feature","geometry":{"type":"LineString","coordinates":[[125.97,-25.69],[126.39,-22.69]]},"properties":{"l":"road","c":"street"}},{"type":"Feature","geometry":{"type":"LineString","coordinates":[[126.39,-22.69],[127.32,-16.12]]},"properties":{"l":"road","c":"street"}},{"type":"Feature","geometry":{"type":"LineString","coordinates":[[127.32,-16.12],[127.68,-13.53]]},"properties":{"l":"road","c":"street"}},{"type":"Feature","geometry":{"type":"LineString","coordinates":[[127.68,-13.53],[127.96,-11.54]]},"properties":{"l":"road","c":"street"}},{"type":"Feature","geometry":{"type":"LineString","coordinates":[[124.03,-27.88],[124.33,-25.8]]},"properties":{"l":"road","c":"street"}},{"type":"Feature","geometry":{"type":"LineString","coordinates":[[124.33,-25.8],[124.86,-22.02]]},"properties":{"l":"road","c":"street"}},{"type":"Feature","geometry":{"type":"LineString","coordinates":[[125.5,-17.42],[126.02,-13.72]]},"properties":{"l":"road","c":"street"}},{"type":"Feature","geometry":{"type":"LineString","coordinates":[[122.28,-27.88],[123.17,-21.51]]},"properties":{"l":"road","c":"street"}},{"type":"Feature","geometry":{"type":"LineString","coordinates":[[123.17,-21.51],[123.91,-16.3]]},"properties":{"l":"road","c":"street"}},{"type":"Feature","geometry":{"type":"LineString","coordinates":[[120.38,-27.88],[121.17,-22.3]]},"properties":{"l":"road","c":"street"}},{"type":"Feature","geometry":{"type":"LineString","coordinates":[[121.17,-22.3],[121.69,-18.59]]},"properties":{"l":"road","c":"street"}},{"type":"Feature","geometry":{"type":"LineString","coordinates":[[118.53,-27.88],[119.26,-22.64]]},"properties":{"l":"road","c":"street"}},{"type":"Feature","geometry":{"type":"LineString","coordinates":[[119.26,-22.64],[119.48,-21.07]]},"properties":{"l":"road","c":"street"}},{"type":"Feature","geometry":{"type":"LineString","coordinates":[[116.87,-27.88],[117.35,-24.45]]},"properties":{"l":"road","c":"street"}},{"type":"Feature","geometry":{"type":"LineString","coordinates":[[117.35,-24.45],[117.52,-23.29]]},"properties":{"l":"road","c":"street"}},{"type":"Feature","geometry":{"type":"LineString","coordinates":[[114.79,-27.88],[115.04,-26.07]]},"properties":{"l":"road","c":"street"}},{"type":"Feature","geometry":{"type":"LineString","coordinates":[[129.07,-9.11],[129.58,-9.0]]},"properties":{"l":"road","c":"street"}},{"type":"Feature","geometry":{"type":"LineString","coordinates":[[128.0,-8.29],[129.91,-7.88]]},"properties":{"l":"road","c":"street"}},{"type":"Feature","geometry":{"type":"LineString","coordinates":[[127.02,-7.54],[130.21,-6.86]]},"properties":{"l":"road","c":"street"}},{"type":"Feature","geometry":{"type":"LineString","coordinates":[[125.92,-6.69],[130.55,-5.71]]},"properties":{"l":"road","c":"street"}},{"type":"Feature","geometry":{"type":"LineString","coordinates":[[124.86,-5.88],[130.88,-4.6]]},"properties":{"l":"road","c":"street"}},{"type":"Feature","geometry":{"type":"LineString","coordinates":[[123.84,-5.09],[131.19,-3.53]]},"properties":{"l":"road","c":"street"}},{"type":"Feature","geometry":{"type":"LineString","coordinates":[[122.98,-4.43],[131.46,-2.63]]},"properties":{"l":"road","c":"street"}},{"type":"Feature","geometry":{"type":"LineString","coordinates":[[122.15,-3.65],[131.76,-1.61]]},"properties":{"l":"road","c":"street"}},{"type":"Feature","geometry":{"type":"LineString","coordinates":[[122.41,-2.48],[132.11,-0.41]]},"properties":{"l":"road","c":"street"}},{"type":"Feature","geometry":{"type":"LineString","coordinates":[[122.64,-1.44],[131.18,0.38]]},"properties":{"l":"road","c":"street"}},{"type":"Feature","geometry":{"type":"LineString","coordinates":[[122.85,-0.46],[129.1,0.87]]},"properties":{"l":"road","c":"street"}},{"type":"Feature","geometry":{"type":"LineString","coordinates":[[123.09,0.6],[127.08,1.45]]},"properties":{"l":"road","c":"street"}},{"type":"Feature","geometry":{"type":"LineString","coordinates":[[123.29,1.51],[124.95,1.86]]},"properties":{"l":"road","c":"street"}},{"type":"Feature","geometry":{"type":"LineString","coordinates":[[131.73,-1.69],[131.3,0.35]]},"properties":{"l":"road","c":"street"}},{"type":"Feature","geometry":{"type":"LineString","coordinates":[[130.76,-5.0],[130.15,-2.12]]},"properties":{"l":"road","c":"street"}},{"type":"Feature","geometry":{"type":"LineString","coordinates":[[130.15,-2.12],[129.53,0.77]]},"properties":{"l":"road","c":"street"}},{"type":"Feature","geometry":{"type":"LineString","coordinates":[[129.73,-8.48],[129.32,-6.52]]},"properties":{"l":"road","c":"street"}},{"type":"Feature","geometry":{"type":"LineString","coordinates":[[129.32,-6.52],[128.6,-3.17]]},"properties":{"l":"road","c":"street"}},{"type":"Feature","geometry":{"type":"LineString","coordinates":[[128.6,-3.17],[127.68,1.2]]},"properties":{"l":"road","c":"street"}},{"type":"Feature","geometry":{"type":"LineString","coordinates":[[127.8,-8.14],[126.85,-3.67]]},"properties":{"l":"road","c":"street"}},{"type":"Feature","geometry":{"type":"LineString","coordinates":[[126.85,-3.67],[125.68,1.83]]},"properties":{"l":"road","c":"street"}},{"type":"Feature","geometry":{"type":"LineString","coordinates":[[126.16,-6.87],[126.02,-6.25]]},"properties":{"l":"road","c":"street"}},{"type":"Feature","geometry":{"type":"LineString","coordinates":[[124.96,-1.22],[124.3,1.87]]},"properties":{"l":"road","c":"street"}},{"type":"Feature","geometry":{"type":"LineString","coordinates":[[124.13,-5.31],[123.25,-1.2]]},"properties":{"l":"road","c":"street"}},{"type":"Feature","geometry":{"type":"LineString","coordinates":[[123.25,-1.2],[122.98,0.09]]},"properties":{"l":"road","c":"street"}},{"type":"Feature","geometry":{"type":"LineString","coordinates":[[138.61,-12.88],[139.88,-12.42]]},"properties":{"l":"road","c":"street"}},{"type":"Feature","geometry":{"type":"LineString","coordinates":[[136.66,-12.15],[139.88,-10.98]]},"properties":{"l":"road","c":"street"}},{"type":"Feature","geometry":{"type":"LineString","coordinates":[[135.19,-11.6],[139.88,-9.89]]},"properties":{"l":"road","c":"street"}},{"type":"Feature","geometry":{"type":"LineString","coordinates":[[133.44,-10.94],[139.88,-8.6]]},"properties":{"l":"road","c":"street"}},{"type":"Feature","geometry":{"type":"LineString","coordinates":[[131.81,-10.33],[139.88,-7.39]]},"properties":{"l":"road","c":"street"}},{"type":"Feature","geometry":{"type":"LineString","coordinates":[[129.88,-9.61],[139.88,-5.97]]},"properties":{"l":"road","c":"street"}},{"type":"Feature","geometry":{"type":"LineString","coordinates":[[130.0,-8.43],[139.88,-4.83]]},"properties":{"l":"road","c":"street"}},{"type":"Feature","geometry":{"type":"LineString","coordinates":[[130.4,-7.08],[139.88,-3.62]]},"properties":{"l":"road","c":"street"}},{"type":"Feature","geometry":{"type":"LineString","coordinates":[[130.8,-5.72],[139.88,-2.41]]},"properties":{"l":"road","c":"street"}},{"type":"Feature","geometry":{"type":"LineString","coordinates":[[131.18,-4.41],[139.88,-1.24]]},"properties":{"l":"road","c":"street"}},{"type":"Feature","geometry":{"type":"LineString","coordinates":[[131.54,-3.21],[139.88,-0.17]]},"properties":{"l":"road","c":"street"}},{"type":"Feature","geometry":{"type":"LineString","coordinates":[[131.95,-1.8],[136.52,-0.14]]},"properties":{"l":"road","c":"street"}},{"type":"Feature","geometry":{"type":"LineString","coordinates":[[132.31,-0.56],[133.66,-0.07]]},"properties":{"l":"road","c":"street"}},{"type":"Feature","geometry":{"type":"LineString","coordinates":[[139.88,-5.76],[139.52,-4.77]]},"properties":{"l":"road","c":"street"}},{"type":"Feature","geometry":{"type":"LineString","coordinates":[[139.52,-4.77],[138.35,-1.55]]},"properties":{"l":"road","c":"street"}},{"type":"Feature","geometry":{"type":"LineString","coordinates":[[138.41,-6.62],[136.93,-2.56]]},"properties":{"l":"road","c":"street"}},{"type":"Feature","geometry":{"type":"LineString","coordinates":[[136.93,-2.56],[136.05,-0.14]]},"properties":{"l":"road","c":"street"}},{"type":"Feature","geometry":{"type":"LineString","coordinates":[[138.5,-12.84],[137.14,-9.09]]},"properties":{"l":"road","c":"street"}},{"type":"Feature","geometry":{"type":"LineString","coordinates":[[137.14,-9.09],[135.86,-5.57]]},"properties":{"l":"road","c":"street"}},{"type":"Feature","geometry":{"type":"LineString","coordinates":[[135.86,-5.57],[134.67,-2.31]]},"properties":{"l":"road","c":"street"}},{"type":"Feature","geometry":{"type":"LineString","coordinates":[[134.67,-2.31],[133.87,-0.1]]},"properties":{"l":"road","c":"street"}},{"type":"Feature","geometry":{"type":"LineString","coordinates":[[136.54,-12.11],[135.48,-9.2]]},"properties":{"l":"road","c":"street"}},{"type":"Feature","geometry":{"type":"LineString","coordinates":[[133.89,-4.82],[132.89,-2.09]]},"properties":{"l":"road","c":"street"}},{"type":"Feature","geometry":{"type":"LineString","coordinates":[[132.89,-2.09],[132.32,-0.52]]},"properties":{"l":"road","c":"street"}},{"type":"Feature","geometry":{"type":"LineString","coordinates":[[134.66,-11.4],[132.12,-4.42]]},"properties":{"l":"road","c":"street"}},{"type":"Feature","geometry":{"type":"LineString","coordinates":[[132.12,-4.42],[131.6,-2.99]]},"properties":{"l":"road","c":"street"}},{"type":"Feature","geometry":{"type":"LineString","coordinates":[[132.39,-10.55],[130.88,-6.39]]},"properties":{"l":"road","c":"street"}},{"type":"Feature","geometry":{"type":"LineString","coordinates":[[130.88,-6.39],[130.72,-5.97]]},"properties":{"l":"road","c":"street"}},{"type":"Feature","geometry":{"type":"LineString","coordinates":[[129.95,-9.63],[129.78,-9.17]]},"properties":{"l":"road","c":"street"}},{"type":"Feature","geometry":{"type":"LineString","coordinates":[[100.13,-27.53],[109.14,-27.53]]},"properties":{"l":"road","c":"street"}},{"type":"Feature","geometry":{"type":"LineString","coordinates":[[110.28,-27.53],[113.83,-27.53]]},"properties":{"l":"road","c":"street"}},{"type":"Feature","geometry":{"type":"LineString","coordinates":[[100.17,-26.27],[109.09,-26.27]]},"properties":{"l":"road","c":"street"}},{"type":"Feature","geometry":{"type":"LineString","coordinates":[[110.23,-26.27],[114.21,-26.27]]},"properties":{"l":"road","c":"street"}},{"type":"Feature","geometry":{"type":"LineString","coordinates":[[100.21,-24.85],[109.12,-24.85]]},"properties":{"l":"road","c":"street"}},{"type":"Feature","geometry":{"type":"LineString","coordinates":[[110.27,-24.85],[114.32,-24.85]]},"properties":{"l":"road","c":"street"}},{"type":"Feature","geometry":{"type":"LineString","coordinates":[[100.24,-23.74],[109.22,-23.74]]},"properties":{"l":"road","c":"street"}},{"type":"Feature","geometry":{"type":"LineString","coordinates":[[110.37,-23.74],[114.41,-23.74]]},"properties":{"l":"road","c":"street"}},{"type":"Feature","geometry":{"type":"LineString","coordinates":[[100.27,-22.58],[109.39,-22.58]]},"properties":{"l":"road","c":"street"}},{"type":"Feature","geometry":{"type":"LineString","coordinates":[[110.55,-22.58],[114.5,-22.58]]},"properties":{"l":"road","c":"street"}},{"type":"Feature","geometry":{"type":"LineString","coordinates":[[100.31,-21.09],[109.72,-21.09]]},"properties":{"l":"road","c":"street"}},{"type":"Feature","geometry":{"type":"LineString","coordinates":[[110.89,-21.09],[114.62,-21.09]]},"properties":{"l":"road","c":"street"}},{"type":"Feature","geometry":{"type":"LineString","coordinates":[[100.35,-19.65],[110.14,-19.65]]},"properties":{"l":"road","c":"street"}},{"type":"Feature","geometry":{"type":"LineString","coordinates":[[111.35,-19.65],[114.74,-19.65]]},"properties":{"l":"road","c":"street"}},{"type":"Feature","geometry":{"type":"LineString","coordinates":[[100.38,-18.55],[110.56,-18.55]]},"properties":{"l":"road","c":"street"}},{"type":"Feature","geometry":{"type":"LineString","coordinates":[[111.79,-18.55],[114.83,-18.55]]},"properties":{"l":"road","c":"street"}},{"type":"Feature","geometry":{"type":"LineString","coordinates":[[100.42,-17.26],[111.03,-17.26]]},"properties":{"l":"road","c":"street"}},{"type":"Feature","geometry":{"type":"LineString","coordinates":[[112.23,-17.26],[114.93,-17.26]]},"properties":{"l":"road","c":"street"}},{"type":"Feature","geometry":{"type":"LineString","coordinates":[[100.45,-15.99],[111.41,-15.99]]},"properties":{"l":"road","c":"street"}},{"type":"Feature","geometry":{"type":"LineString","coordinates":[[112.59,-15.99],[115.03,-15.99]]},"properties":{"l":"road","c":"street"}},{"type":"Feature","geometry":{"type":"LineString","coordinates":[[100.48,-14.81],[111.7,-14.81]]},"properties":{"l":"road","c":"street"}},{"type":"Feature","geometry":{"type":"LineString","coordinates":[[112.86,-14.81],[115.13,-14.81]]},"properties":{"l":"road","c":"street"}},{"type":"Feature","geometry":{"type":"LineString","coordinates":[[100.52,-13.67],[111.89,-13.67]]},"properties":{"l":"road","c":"street"}},{"type":"Feature","geometry":{"type":"LineString","coordinates":[[113.04,-13.67],[115.22,-13.67]]},"properties":{"l":"road","c":"street"}},{"type":"Feature","geometry":{"type":"LineString","coordinates":[[100.55,-12.45],[112.01,-12.45]]},"properties":{"l":"road","c":"street"}},{"type":"Feature","geometry":{"type":"LineString","coordinates":[[113.15,-12.45],[115.31,-12.45]]},"properties":{"l":"road","c":"street"}},{"type":"Feature","geometry":{"type":"LineString","coordinates":[[100.58,-11.3],[112.03,-11.3]]},"properties":{"l":"road","c":"street"}},{"type":"Feature","geometry":{"type":"LineString","coordinates":[[113.17,-11.3],[115.41,-11.3]]},"properties":{"l":"road","c":"street"}},{"type":"Feature","geometry":{"type":"LineString","coordinates":[[100.61,-10.13],[111.94,-10.13]]},"properties":{"l":"road","c":"street"}},{"type":"Feature","geometry":{"type":"LineString","coordinates":[[113.09,-10.13],[115.5,-10.13]]},"properties":{"l":"road","c":"street"}},{"type":"Feature","geometry":{"type":"LineString","coordinates":[[100.65,-8.68],[111.81,-8.68]]},"properties":{"l":"road","c":"street"}},{"type":"Feature","geometry":{"type":"LineString","coordinates":[[112.96,-8.68],[115.62,-8.68]]},"properties":{"l":"road","c":"street"}},{"type":"Feature","geometry":{"type":"LineString","coordinates":[[100.69,-7.44],[111.81,-7.44]]},"properties":{"l":"road","c":"street"}},{"type":"Feature","geometry":{"type":"LineString","coordinates":[[112.95,-7.44],[115.71,-7.44]]},"properties":{"l":"road","c":"street"}},{"type":"Feature","geometry":{"type":"LineString","coordinates":[[100.72,-6.22],[111.9,-6.22]]},"properties":{"l":"road","c":"street"}},{"type":"Feature","geometry":{"type":"LineString","coordinates":[[113.05,-6.22],[115.33,-6.22]]},"properties":{"l":"road","c":"street"}},{"type":"Feature","geometry":{"type":"LineString","coordinates":[[100.76,-4.96],[112.08,-4.96]]},"properties":{"l":"road","c":"street"}},{"type":"Feature","geometry":{"type":"LineString","coordinates":[[113.24,-4.96],[114.22,-4.96]]},"properties":{"l":"road","c":"street"}},{"type":"Feature","geometry":{"type":"LineString","coordinates":[[100.79,-3.83],[112.33,-3.83]]},"properties":{"l":"road","c":"street"}},{"type":"Feature","geometry":{"type":"LineString","coordinates":[[100.83,-2.36],[111.92,-2.36]]},"properties":{"l":"road","c":"street"}},{"type":"Feature","geometry":{"type":"LineString","coordinates":[[100.86,-1.05],[110.77,-1.05]]},"properties":{"l":"road","c":"street"}},{"type":"Feature","geometry":{"type":"LineString","coordinates":[[100.9,0.31],[109.56,0.31]]},"properties":{"l":"road","c":"street"}},{"type":"Feature","geometry":{"type":"LineString","coordinates":[[100.94,1.82],[108.24,1.82]]},"properties":{"l":"road","c":"street"}},{"type":"Feature","geometry":{"type":"LineString","coordinates":[[100.98,2.95],[107.23,2.95]]},"properties":{"l":"road","c":"street"}},{"type":"Feature","geometry":{"type":"LineString","coordinates":[[101.01,4.28],[106.06,4.28]]},"properties":{"l":"road","c":"street"}},{"type":"Feature","geometry":{"type":"LineString","coordinates":[[101.05,5.57],[104.92,5.57]]},"properties":{"l":"road","c":"street"}},{"type":"Feature","geometry":{"type":"LineString","coordinates":[[101.09,6.99],[103.68,6.99]]},"properties":{"l":"road","c":"street"}},{"type":"Feature","geometry":{"type":"LineString","coordinates":[[114.95,-16.86],[114.95,-11.68]]},"properties":{"l":"road","c":"street"}},{"type":"Feature","geometry":{"type":"LineString","coordinates":[[114.95,-11.68],[114.95,-5.8]]},"properties":{"l":"road","c":"street"}},{"type":"Feature","geometry":{"type":"LineString","coordinates":[[112.88,-27.88],[112.88,-21.15]]},"properties":{"l":"road","c":"street"}},{"type":"Feature","geometry":{"type":"LineString","coordinates":[[112.88,-18.17],[112.88,-14.68]]},"properties":{"l":"road","c":"street"}},{"type":"Feature","geometry":{"type":"LineString","coordinates":[[110.17,-9.2],[110.17,-4.53]]},"properties":{"l":"road","c":"street"}},{"type":"Feature","geometry":{"type":"LineString","coordinates":[[110.17,-4.53],[110.17,-0.37]]},"properties":{"l":"road","c":"street"}},{"type":"Feature","geometry":{"type":"LineString","coordinates":[[107.56,-27.88],[107.56,-24.11]]},"properties":{"l":"road","c":"street"}},{"type":"Feature","geometry":{"type":"LineString","coordinates":[[107.56,-24.11],[107.56,-18.67]]},"properties":{"l":"road","c":"street"}},{"type":"Feature","geometry":{"type":"LineString","coordinates":[[107.56,-18.67],[107.56,-12.6]]},"properties":{"l":"road","c":"street"}},{"type":"Feature","geometry":{"type":"LineString","coordinates":[[107.56,-12.6],[107.56,-9.5]]},"properties":{"l":"road","c":"street"}},{"type":"Feature","geometry":{"type":"LineString","coordinates":[[107.56,-4.76],[107.56,-0.28]]},"properties":{"l":"road","c":"street"}},{"type":"Feature","geometry":{"type":"LineString","coordinates":[[107.56,-0.28],[107.56,2.58]]},"properties":{"l":"road","c":"street"}},{"type":"Feature","geometry":{"type":"LineString","coordinates":[[105.23,-27.58],[105.23,-22.11]]},"properties":{"l":"road","c":"street"}},{"type":"Feature","geometry":{"type":"LineString","coordinates":[[105.23,-22.11],[105.23,-16.12]]},"properties":{"l":"road","c":"street"}},{"type":"Feature","geometry":{"type":"LineString","coordinates":[[105.23,-10.41],[105.23,-6.32]]},"properties":{"l":"road","c":"street"}},{"type":"Feature","geometry":{"type":"LineString","coordinates":[[105.23,-6.32],[105.23,-0.1]]},"properties":{"l":"road","c":"street"}},{"type":"Feature","geometry":{"type":"LineString","coordinates":[[103.02,-27.88],[103.02,-24.13]]},"properties":{"l":"road","c":"street"}},{"type":"Feature","geometry":{"type":"LineString","coordinates":[[103.02,-24.13],[103.02,-18.49]]},"properties":{"l":"road","c":"street"}},{"type":"Feature","geometry":{"type":"LineString","coordinates":[[103.02,-18.49],[103.02,-13.1]]},"properties":{"l":"road","c":"street"}},{"type":"Feature","geometry":{"type":"LineString","coordinates":[[103.02,-13.1],[103.02,-6.24]]},"properties":{"l":"road","c":"street"}},{"type":"Feature","geometry":{"type":"LineString","coordinates":[[103.02,-0.08],[103.02,6.78]]},"properties":{"l":"road","c":"street"}},{"type":"Feature","geometry":{"type":"LineString","coordinates":[[100.64,-26.62],[100.64,-22.74]]},"properties":{"l":"road","c":"street"}},{"type":"Feature","geometry":{"type":"LineString","coordinates":[[100.64,-22.74],[100.64,-17.9]]},"properties":{"l":"road","c":"street"}},{"type":"Feature","geometry":{"type":"LineString","coordinates":[[100.64,-10.73],[100.64,-9.28]]},"properties":{"l":"road","c":"street"}},{"type":"Feature","geometry":{"type":"LineString","coordinates":[[-1.99,12.46],[-1.41,12.63],[-0.72,12.78],[-0.02,12.87],[0.68,12.91],[2.12,12.86],[4.55,12.61]]},"properties":{"l":"road","c":"street"}},{"type":"Feature","geometry":{"type":"LineString","coordinates":[[-5.47,13.32],[-4.47,13.72],[-3.79,13.93],[-3.1,14.1],[-2.41,14.2],[-1.7,14.26],[-0.27,14.24],[3.37,13.89],[4.09,13.88],[4.8,13.91],[5.5,13.99],[6.19,14.13],[6.88,14.31],[7.55,14.55],[8.88,15.13],[11.15,16.23]]},"properties":{"l":"road","c":"street"}},{"type":"Feature","geometry":{"type":"LineString","coordinates":[[-7.47,14.95],[-6.87,15.18],[-6.19,15.4],[-5.51,15.56],[-4.81,15.67],[-4.11,15.73],[-3.39,15.74],[-2.67,15.71],[0.24,15.42],[1.68,15.35],[2.39,15.38],[3.1,15.46],[3.79,15.59],[4.47,15.77],[5.15,16.0],[5.81,16.28],[8.45,17.55],[9.78,18.11],[10.46,18.33],[11.15,18.5],[12.01,18.63]]},"properties":{"l":"road","c":"street"}},{"type":"Feature","geometry":{"type":"LineString","coordinates":[[-8.54,16.88],[-7.91,17.03],[-7.22,17.15],[-6.51,17.21],[-5.8,17.22],[-4.36,17.14],[-1.44,16.85],[-0.72,16.83],[-0.01,16.86],[0.69,16.93],[1.38,17.06],[2.07,17.24],[2.74,17.47],[4.07,18.04],[6.71,19.31],[7.38,19.57],[8.06,19.79],[8.74,19.97],[9.44,20.09],[10.14,20.15],[10.85,20.17],[11.89,20.12]]},"properties":{"l":"road","c":"street"}},{"type":"Feature","geometry":{"type":"LineString","coordinates":[[-9.0,18.36],[-8.16,18.42],[-7.44,18.42],[-5.99,18.31],[-3.81,18.08],[-2.37,18.04],[-1.66,18.08],[-0.96,18.17],[-0.27,18.32],[0.41,18.52],[1.08,18.77],[2.41,19.36],[4.39,20.32],[5.72,20.86],[6.4,21.06],[7.09,21.22],[7.79,21.32],[8.49,21.36],[9.93,21.33],[11.81,21.13]]},"properties":{"l":"road","c":"street"}},{"type":"Feature","geometry":{"type":"LineString","coordinates":[[-9.0,19.89],[-6.95,19.67],[-5.5,19.56],[-4.78,19.56],[-4.07,19.6],[-3.38,19.7],[-2.69,19.85],[-2.01,20.05],[-1.33,20.29],[-0.01,20.89],[1.97,21.85],[3.31,22.39],[3.99,22.59],[4.67,22.74],[5.37,22.84],[6.08,22.89],[7.52,22.85],[10.43,22.55],[11.58,22.51]]},"properties":{"l":"road","c":"street"}},{"type":"Feature","geometry":{"type":"LineString","coordinates":[[-8.89,20.93],[-7.87,20.85],[-7.15,20.82],[-6.44,20.84],[-5.74,20.91],[-5.04,21.04],[-4.36,21.21],[-3.68,21.44],[-3.01,21.7],[-0.37,22.97],[0.96,23.54],[1.63,23.77],[2.32,23.94],[3.01,24.07],[3.71,24.14],[4.42,24.16],[5.87,24.09],[8.78,23.8],[9.5,23.77],[10.21,23.79],[10.94,23.86]]},"properties":{"l":"road","c":"street"}},{"type":"Feature","geometry":{"type":"LineString","coordinates":[[-8.74,22.28],[-8.13,22.33],[-7.44,22.44],[-6.75,22.61],[-6.07,22.82],[-4.74,23.38],[-2.76,24.35],[-1.44,24.93],[-0.76,25.16],[-0.08,25.35],[0.61,25.48],[1.32,25.56],[2.03,25.59],[2.74,25.58],[3.47,25.53],[5.66,25.29],[7.1,25.2],[7.82,25.21],[8.52,25.27],[9.22,25.38],[9.88,25.53]]},"properties":{"l":"road","c":"street"}},{"type":"Feature","geometry":{"type":"LineString","coordinates":[[-7.93,24.66],[-7.17,24.99],[-5.2,25.96],[-3.87,26.53],[-3.19,26.76],[-2.51,26.94],[-1.81,27.07],[-1.11,27.14],[-0.4,27.17],[0.32,27.15],[3.23,26.86],[4.68,26.78],[5.39,26.79],[6.1,26.85],[6.79,26.97],[7.84,27.26]]},"properties":{"l":"road","c":"street"}},{"type":"Feature","geometry":{"type":"LineString","coordinates":[[-2.03,28.63],[0.82,28.35],[2.27,28.26],[2.98,28.28],[3.69,28.34],[4.51,28.48]]},"properties":{"l":"road","c":"street"}},{"type":"Feature","geometry":{"type":"LineString","coordinates":[[10.94,15.71],[10.86,16.73]]},"properties":{"l":"road","c":"street"}},{"type":"Feature","geometry":{"type":"LineString","coordinates":[[10.86,16.73],[10.91,18.11],[11.2,21.03],[11.24,21.82]]},"properties":{"l":"road","c":"street"}},{"type":"Feature","geometry":{"type":"LineString","coordinates":[[11.24,21.82],[11.25,22.46],[11.18,23.35]]},"properties":{"l":"road","c":"street"}},{"type":"Feature","geometry":{"type":"LineString","coordinates":[[8.21,13.55],[8.27,14.3]]},"properties":{"l":"road","c":"street"}},{"type":"Feature","geometry":{"type":"LineString","coordinates":[[8.27,14.3],[8.54,16.98],[8.56,18.31]]},"properties":{"l":"road","c":"street"}},{"type":"Feature","geometry":{"type":"LineString","coordinates":[[8.56,18.31],[8.5,19.12],[8.39,19.81],[8.23,20.5],[8.01,21.18],[7.75,21.85],[6.96,23.54]]},"properties":{"l":"road","c":"street"}},{"type":"Feature","geometry":{"type":"LineString","coordinates":[[6.96,23.54],[6.19,25.15],[5.91,25.82],[5.67,26.49],[5.49,27.17],[5.31,28.19]]},"properties":{"l":"road","c":"street"}},{"type":"Feature","geometry":{"type":"LineString","coordinates":[[5.91,12.96],[5.93,13.49]]},"properties":{"l":"road","c":"street"}},{"type":"Feature","geometry":{"type":"LineString","coordinates":[[5.93,13.49],[5.91,14.37],[5.84,15.07],[5.72,15.77],[5.54,16.45],[5.14,17.56]]},"properties":{"l":"road","c":"street"}},{"type":"Feature","geometry":{"type":"LineString","coordinates":[[5.14,17.56],[4.74,18.46],[3.78,20.43],[3.21,21.76],[2.98,22.44],[2.81,23.12],[2.66,24.13]]},"properties":{"l":"road","c":"street"}},{"type":"Feature","geometry":{"type":"LineString","coordinates":[[2.66,24.13],[2.6,25.23],[2.62,25.95],[2.9,28.76]]},"properties":{"l":"road","c":"street"}},{"type":"Feature","geometry":{"type":"LineString","coordinates":[[2.3,12.45],[1.79,13.64],[0.68,15.92]]},"properties":{"l":"road","c":"street"}},{"type":"Feature","geometry":{"type":"LineString","coordinates":[[-0.38,20.61],[-0.32,21.86],[-0.13,23.55]]},"properties":{"l":"road","c":"street"}},{"type":"Feature","geometry":{"type":"LineString","coordinates":[[-0.13,23.55],[-0.02,24.77],[0.0,25.49],[-0.01,26.2],[-0.13,27.25]]},"properties":{"l":"road","c":"street"}},{"type":"Feature","geometry":{"type":"LineString","coordinates":[[-0.13,27.25],[-0.36,28.29],[-0.64,29.12]]},"properties":{"l":"road","c":"street"}},{"type":"Feature","geometry":{"type":"LineString","coordinates":[[-2.19,12.51],[-2.57,13.59],[-2.7,14.07]]},"properties":{"l":"road","c":"street"}},{"type":"Feature","geometry":{"type":"LineString","coordinates":[[-2.7,14.07],[-2.87,14.97],[-2.94,15.67],[-2.96,16.38],[-2.88,17.83],[-2.62,20.43]]},"properties":{"l":"road","c":"street"}},{"type":"Feature","geometry":{"type":"LineString","coordinates":[[-2.62,20.43],[-2.57,21.46],[-2.59,22.17],[-2.65,22.88],[-2.78,23.57],[-2.95,24.25],[-3.17,24.93],[-3.46,25.65]]},"properties":{"l":"road","c":"street"}},{"type":"Feature","geometry":{"type":"LineString","coordinates":[[-5.27,13.27],[-5.24,13.7]]},"properties":{"l":"road","c":"street"}},{"type":"Feature","geometry":{"type":"LineString","coordinates":[[-5.24,13.7],[-4.94,16.75],[-4.9,17.47],[-4.92,18.48]]},"properties":{"l":"road","c":"street"}},{"type":"Feature","geometry":{"type":"LineString","coordinates":[[-4.92,18.48],[-5.05,19.59],[-5.2,20.28],[-5.41,20.96],[-5.95,22.3],[-6.6,23.64]]},"properties":{"l":"road","c":"street"}},{"type":"Feature","geometry":{"type":"LineString","coordinates":[[-6.6,23.64],[-7.22,24.93],[-7.49,25.56]]},"properties":{"l":"road","c":"street"}},{"type":"Feature","geometry":{"type":"LineString","coordinates":[[107.81,49.25],[114.76,49.73]]},"properties":{"l":"road","c":"street"}},{"type":"Feature","geometry":{"type":"LineString","coordinates":[[104.98,50.09],[117.52,50.97]]},"properties":{"l":"road","c":"street"}},{"type":"Feature","geometry":{"type":"LineString","coordinates":[[103.59,50.86],[118.26,51.89]]},"properties":{"l":"road","c":"street"}},{"type":"Feature","geometry":{"type":"LineString","coordinates":[[101.9,51.8],[119.16,53.01]]},"properties":{"l":"road","c":"street"}},{"type":"Feature","geometry":{"type":"LineString","coordinates":[[101.08,52.76],[120.02,54.09]]},"properties":{"l":"road","c":"street"}},{"type":"Feature","geometry":{"type":"LineString","coordinates":[[100.47,53.68],[120.74,55.09]]},"properties":{"l":"road","c":"street"}},{"type":"Feature","geometry":{"type":"LineString","coordinates":[[99.78,54.72],[121.07,56.2]]},"properties":{"l":"road","c":"street"}},{"type":"Feature","geometry":{"type":"LineString","coordinates":[[99.17,55.64],[121.36,57.19]]},"properties":{"l":"road","c":"street"}},{"type":"Feature","geometry":{"type":"LineString","coordinates":[[98.55,56.57],[121.65,58.19]]},"properties":{"l":"road","c":"street"}},{"type":"Feature","geometry":{"type":"LineString","coordinates":[[98.26,57.65],[121.98,59.31]]},"properties":{"l":"road","c":"street"}},{"type":"Feature","geometry":{"type":"LineString","coordinates":[[98.04,58.63],[122.28,60.33]]},"properties":{"l":"road","c":"street"}},{"type":"Feature","geometry":{"type":"LineString","coordinates":[[97.81,59.62],[122.58,61.35]]},"properties":{"l":"road","c":"street"}},{"type":"Feature","geometry":{"type":"LineString","coordinates":[[97.62,60.45],[122.67,62.2]]},"properties":{"l":"road","c":"street"}},{"type":"Feature","geometry":{"type":"LineString","coordinates":[[97.39,61.48],[122.73,63.25]]},"properties":{"l":"road","c":"street"}},{"type":"Feature","geometry":{"type":"LineString","coordinates":[[97.17,62.4],[122.78,64.19]]},"properties":{"l":"road","c":"street"}},{"type":"Feature","geometry":{"type":"LineString","coordinates":[[96.97,63.29],[122.83,65.1]]},"properties":{"l":"road","c":"street"}},{"type":"Feature","geometry":{"type":"LineString","coordinates":[[96.92,64.33],[122.89,66.14]]},"properties":{"l":"road","c":"street"}},{"type":"Feature","geometry":{"type":"LineString","coordinates":[[96.92,65.3],[122.94,67.12]]},"properties":{"l":"road","c":"street"}},{"type":"Feature","geometry":{"type":"LineString","coordinates":[[96.92,66.22],[122.99,68.04]]},"properties":{"l":"road","c":"street"}},{"type":"Feature","geometry":{"type":"LineString","coordinates":[[96.92,67.2],[123.05,69.02]]},"properties":{"l":"road","c":"street"}},{"type":"Feature","geometry":{"type":"LineString","coordinates":[[96.92,68.12],[123.1,69.95]]},"properties":{"l":"road","c":"street"}},{"type":"Feature","geometry":{"type":"LineString","coordinates":[[96.92,69.09],[123.05,70.92]]},"properties":{"l":"road","c":"street"}},{"type":"Feature","geometry":{"type":"LineString","coordinates":[[96.92,70.17],[122.84,71.98]]},"properties":{"l":"road","c":"street"}},{"type":"Feature","geometry":{"type":"LineString","coordinates":[[96.92,71.02],[122.68,72.82]]},"properties":{"l":"road","c":"street"}},{"type":"Feature","geometry":{"type":"LineString","coordinates":[[96.92,72.14],[122.47,73.93]]},"properties":{"l":"road","c":"street"}},{"type":"Feature","geometry":{"type":"LineString","coordinates":[[97.11,73.21],[122.27,74.97]]},"properties":{"l":"road","c":"street"}},{"type":"Feature","geometry":{"type":"LineString","coordinates":[[97.38,74.28],[122.07,76.0]]},"properties":{"l":"road","c":"street"}},{"type":"Feature","geometry":{"type":"LineString","coordinates":[[97.61,75.18],[121.9,76.88]]},"properties":{"l":"road","c":"street"}},{"type":"Feature","geometry":{"type":"LineString","coordinates":[[97.89,76.25],[121.44,77.9]]},"properties":{"l":"road","c":"street"}},{"type":"Feature","geometry":{"type":"LineString","coordinates":[[98.11,77.11],[120.9,78.7]]},"properties":{"l":"road","c":"street"}},{"type":"Feature","geometry":{"type":"LineString","coordinates":[[98.37,78.15],[120.25,79.68]]},"properties":{"l":"road","c":"street"}},{"type":"Feature","geometry":{"type":"LineString","coordinates":[[98.66,79.13],[119.64,80.6]]},"properties":{"l":"road","c":"street"}},{"type":"Feature","geometry":{"type":"LineString","coordinates":[[99.62,80.34],[118.92,81.69]]},"properties":{"l":"road","c":"street"}},{"type":"Feature","geometry":{"type":"LineString","coordinates":[[100.36,81.26],[117.84,82.48]]},"properties":{"l":"road","c":"street"}},{"type":"Feature","geometry":{"type":"LineString","coordinates":[[101.21,82.32],[116.17,83.36]]},"properties":{"l":"road","c":"street"}},{"type":"Feature","geometry":{"type":"LineString","coordinates":[[102.39,83.43],[114.45,84.27]]},"properties":{"l":"road","c":"street"}},{"type":"Feature","geometry":{"type":"LineString","coordinates":[[106.26,84.85],[108.6,85.01]]},"properties":{"l":"road","c":"street"}},{"type":"Feature","geometry":{"type":"LineString","coordinates":[[122.64,61.65],[122.53,63.14]]},"properties":{"l":"road","c":"street"}},{"type":"Feature","geometry":{"type":"LineString","coordinates":[[122.01,70.57],[121.59,76.58]]},"properties":{"l":"road","c":"street"}},{"type":"Feature","geometry":{"type":"LineString","coordinates":[[121.59,76.58],[121.51,77.78]]},"properties":{"l":"road","c":"street"}},{"type":"Feature","geometry":{"type":"LineString","coordinates":[[121.18,56.59],[120.88,60.81]]},"properties":{"l":"road","c":"street"}},{"type":"Feature","geometry":{"type":"LineString","coordinates":[[120.88,60.81],[120.46,66.91]]},"properties":{"l":"road","c":"street"}},{"type":"Feature","geometry":{"type":"LineString","coordinates":[[119.67,78.22],[119.48,80.84]]},"properties":{"l":"road","c":"street"}},{"type":"Feature","geometry":{"type":"LineString","coordinates":[[119.65,53.63],[119.43,56.77]]},"properties":{"l":"road","c":"street"}},{"type":"Feature","geometry":{"type":"LineString","coordinates":[[119.43,56.77],[119.23,59.59]]},"properties":{"l":"road","c":"street"}},{"type":"Feature","geometry":{"type":"LineString","coordinates":[[119.23,59.59],[118.8,65.79]]},"properties":{"l":"road","c":"street"}},{"type":"Feature","geometry":{"type":"LineString","coordinates":[[118.8,65.79],[118.35,72.19]]},"properties":{"l":"road","c":"street"}},{"type":"Feature","geometry":{"type":"LineString","coordinates":[[118.35,72.19],[117.97,77.62]]},"properties":{"l":"road","c":"street"}},{"type":"Feature","geometry":{"type":"LineString","coordinates":[[117.97,77.62],[117.62,82.6]]},"properties":{"l":"road","c":"street"}},{"type":"Feature","geometry":{"type":"LineString","coordinates":[[118.12,51.72],[118.09,52.21]]},"properties":{"l":"road","c":"street"}},{"type":"Feature","geometry":{"type":"LineString","coordinates":[[118.09,52.21],[117.7,57.7]]},"properties":{"l":"road","c":"street"}},{"type":"Feature","geometry":{"type":"LineString","coordinates":[[117.7,57.7],[117.43,61.59]]},"properties":{"l":"road","c":"street"}},{"type":"Feature","geometry":{"type":"LineString","coordinates":[[117.43,61.59],[117.02,67.52]]},"properties":{"l":"road","c":"street"}},{"type":"Feature","geometry":{"type":"LineString","coordinates":[[117.02,67.52],[116.68,72.39]]},"properties":{"l":"road","c":"street"}},{"type":"Feature","geometry":{"type":"LineString","coordinates":[[116.68,72.39],[116.32,77.48]]},"properties":{"l":"road","c":"street"}},{"type":"Feature","geometry":{"type":"LineString","coordinates":[[116.32,77.48],[115.9,83.51]]},"properties":{"l":"road","c":"street"}},{"type":"Feature","geometry":{"type":"LineString","coordinates":[[116.47,50.39],[116.29,52.9]]},"properties":{"l":"road","c":"street"}},{"type":"Feature","geometry":{"type":"LineString","coordinates":[[116.29,52.9],[115.77,60.33]]},"properties":{"l":"road","c":"street"}},{"type":"Feature","geometry":{"type":"LineString","coordinates":[[115.77,60.33],[115.44,65.14]]},"properties":{"l":"road","c":"street"}},{"type":"Feature","geometry":{"type":"LineString","coordinates":[[115.44,65.14],[115.11,69.79]]},"properties":{"l":"road","c":"street"}},{"type":"Feature","geometry":{"type":"LineString","coordinates":[[115.11,69.79],[114.63,76.75]]},"properties":{"l":"road","c":"street"}},{"type":"Feature","geometry":{"type":"LineString","coordinates":[[114.63,76.75],[114.26,81.99]]},"properties":{"l":"road","c":"street"}},{"type":"Feature","geometry":{"type":"LineString","coordinates":[[114.26,81.99],[114.09,84.46]]},"properties":{"l":"road","c":"street"}},{"type":"Feature","geometry":{"type":"LineString","coordinates":[[115.03,49.84],[114.77,53.51]]},"properties":{"l":"road","c":"street"}},{"type":"Feature","geometry":{"type":"LineString","coordinates":[[114.77,53.51],[114.58,56.27]]},"properties":{"l":"road","c":"street"}},{"type":"Feature","geometry":{"type":"LineString","coordinates":[[114.58,56.27],[114.09,63.16]]},"properties":{"l":"road","c":"street"}},{"type":"Feature","geometry":{"type":"LineString","coordinates":[[114.09,63.16],[113.72,68.47]]},"properties":{"l":"road","c":"street"}},{"type":"Feature","geometry":{"type":"LineString","coordinates":[[113.72,68.47],[113.29,74.66]]},"properties":{"l":"road","c":"street"}},{"type":"Feature","geometry":{"type":"LineString","coordinates":[[113.29,74.66],[113.03,78.36]]},"properties":{"l":"road","c":"street"}},{"type":"Feature","geometry":{"type":"LineString","coordinates":[[112.78,82.01],[112.59,84.72]]},"properties":{"l":"road","c":"street"}},{"type":"Feature","geometry":{"type":"LineString","coordinates":[[113.64,49.3],[113.58,50.22]]},"properties":{"l":"road","c":"street"}},{"type":"Feature","geometry":{"type":"LineString","coordinates":[[113.58,50.22],[113.25,54.93]]},"properties":{"l":"road","c":"street"}},{"type":"Feature","geometry":{"type":"LineString","coordinates":[[113.25,54.93],[112.74,62.2]]},"properties":{"l":"road","c":"street"}},{"type":"Feature","geometry":{"type":"LineString","coordinates":[[112.24,69.4],[112.01,72.67]]},"properties":{"l":"road","c":"street"}},{"type":"Feature","geometry":{"type":"LineString","coordinates":[[112.01,72.67],[111.49,80.07]]},"properties":{"l":"road","c":"street"}},{"type":"Feature","geometry":{"type":"LineString","coordinates":[[111.49,80.07],[111.16,84.82]]},"properties":{"l":"road","c":"street"}},{"type":"Feature","geometry":{"type":"LineString","coordinates":[[112.19,48.9],[112.14,49.63]]},"properties":{"l":"road","c":"street"}},{"type":"Feature","geometry":{"type":"LineString","coordinates":[[112.14,49.63],[111.81,54.35]]},"properties":{"l":"road","c":"street"}},{"type":"Feature","geometry":{"type":"LineString","coordinates":[[111.52,58.55],[111.15,63.75]]},"properties":{"l":"road","c":"street"}},{"type":"Feature","geometry":{"type":"LineString","coordinates":[[110.76,69.29],[110.37,74.96]]},"properties":{"l":"road","c":"street"}},{"type":"Feature","geometry":{"type":"LineString","coordinates":[[110.37,74.96],[110.07,79.16]]},"properties":{"l":"road","c":"street"}},{"type":"Feature","geometry":{"type":"LineString","coordinates":[[110.07,79.16],[109.82,82.83]]},"properties":{"l":"road","c":"street"}},{"type":"Feature","geometry":{"type":"LineString","coordinates":[[110.47,49.04],[110.04,55.18]]},"properties":{"l":"road","c":"street"}},{"type":"Feature","geometry":{"type":"LineString","coordinates":[[110.04,55.18],[109.57,61.92]]},"properties":{"l":"road","c":"street"}},{"type":"Feature","geometry":{"type":"LineString","coordinates":[[109.57,61.92],[109.35,65.11]]},"properties":{"l":"road","c":"street"}},{"type":"Feature","geometry":{"type":"LineString","coordinates":[[109.03,69.57],[108.53,76.76]]},"properties":{"l":"road","c":"street"}},{"type":"Feature","geometry":{"type":"LineString","coordinates":[[108.53,76.76],[108.12,82.67]]},"properties":{"l":"road","c":"street"}},{"type":"Feature","geometry":{"type":"LineString","coordinates":[[108.12,82.67],[107.95,85.06]]},"properties":{"l":"road","c":"street"}},{"type":"Feature","geometry":{"type":"LineString","coordinates":[[108.91,49.16],[108.88,49.65]]},"properties":{"l":"road","c":"street"}},{"type":"Feature","geometry":{"type":"LineString","coordinates":[[108.88,49.65],[108.41,56.29]]},"properties":{"l":"road","c":"street"}},{"type":"Feature","geometry":{"type":"LineString","coordinates":[[107.94,63.02],[107.52,69.13]]},"properties":{"l":"road","c":"street"}},{"type":"Feature","geometry":{"type":"LineString","coordinates":[[107.12,74.76],[106.91,77.81]]},"properties":{"l":"road","c":"street"}},{"type":"Feature","geometry":{"type":"LineString","coordinates":[[106.91,77.81],[106.59,82.34]]},"properties":{"l":"road","c":"street"}},{"type":"Feature","geometry":{"type":"LineString","coordinates":[[106.59,82.34],[106.41,84.91]]},"properties":{"l":"road","c":"street"}},{"type":"Feature","geometry":{"type":"LineString","coordinates":[[107.08,52.38],[106.66,58.38]]},"properties":{"l":"road","c":"street"}},{"type":"Feature","geometry":{"type":"LineString","coordinates":[[106.66,58.38],[106.2,64.9]]},"properties":{"l":"road","c":"street"}},{"type":"Feature","geometry":{"type":"LineString","coordinates":[[106.2,64.9],[105.76,71.27]]},"properties":{"l":"road","c":"street"}},{"type":"Feature","geometry":{"type":"LineString","coordinates":[[105.76,71.27],[105.52,74.71]]},"properties":{"l":"road","c":"street"}},{"type":"Feature","geometry":{"type":"LineString","coordinates":[[105.52,74.71],[105.29,77.92]]},"properties":{"l":"road","c":"street"}},{"type":"Feature","geometry":{"type":"LineString","coordinates":[[105.08,80.94],[104.84,84.33]]},"properties":{"l":"road","c":"street"}},{"type":"Feature","geometry":{"type":"LineString","coordinates":[[105.34,55.74],[105.12,58.92]]},"properties":{"l":"road","c":"street"}},{"type":"Feature","geometry":{"type":"LineString","coordinates":[[105.12,58.92],[104.79,63.65]]},"properties":{"l":"road","c":"street"}},{"type":"Feature","geometry":{"type":"LineString","coordinates":[[104.79,63.65],[104.35,69.91]]},"properties":{"l":"road","c":"street"}},{"type":"Feature","geometry":{"type":"LineString","coordinates":[[104.35,69.91],[103.86,76.89]]},"properties":{"l":"road","c":"street"}},{"type":"Feature","geometry":{"type":"LineString","coordinates":[[103.53,81.76],[103.38,83.79]]},"properties":{"l":"road","c":"street"}},{"type":"Feature","geometry":{"type":"LineString","coordinates":[[104.3,50.47],[104.25,51.16]]},"properties":{"l":"road","c":"street"}},{"type":"Feature","geometry":{"type":"LineString","coordinates":[[104.25,51.16],[103.91,56.03]]},"properties":{"l":"road","c":"street"}},{"type":"Feature","geometry":{"type":"LineString","coordinates":[[103.91,56.03],[103.39,63.35]]},"properties":{"l":"road","c":"street"}},{"type":"Feature","geometry":{"type":"LineString","coordinates":[[103.39,63.35],[103.12,67.26]]},"properties":{"l":"road","c":"street"}},{"type":"Feature","geometry":{"type":"LineString","coordinates":[[103.12,67.26],[102.77,72.23]]},"properties":{"l":"road","c":"street"}},{"type":"Feature","geometry":{"type":"LineString","coordinates":[[102.77,72.23],[102.34,78.42]]},"properties":{"l":"road","c":"street"}},{"type":"Feature","geometry":{"type":"LineString","coordinates":[[102.34,78.42],[102.08,82.15]]},"properties":{"l":"road","c":"street"}},{"type":"Feature","geometry":{"type":"LineString","coordinates":[[102.08,82.15],[102.0,83.28]]},"properties":{"l":"road","c":"street"}},{"type":"Feature","geometry":{"type":"LineString","coordinates":[[102.55,51.45],[102.16,56.89]]},"properties":{"l":"road","c":"street"}},{"type":"Feature","geometry":{"type":"LineString","coordinates":[[101.86,61.31],[101.64,64.44]]},"properties":{"l":"road","c":"street"}},{"type":"Feature","geometry":{"type":"LineString","coordinates":[[101.64,64.44],[101.24,70.14]]},"properties":{"l":"road","c":"street"}},{"type":"Feature","geometry":{"type":"LineString","coordinates":[[100.98,73.87],[100.63,78.84]]},"properties":{"l":"road","c":"street"}},{"type":"Feature","geometry":{"type":"LineString","coordinates":[[100.63,78.84],[100.45,81.37]]},"properties":{"l":"road","c":"street"}},{"type":"Feature","geometry":{"type":"LineString","coordinates":[[100.88,53.06],[100.56,57.73]]},"properties":{"l":"road","c":"street"}},{"type":"Feature","geometry":{"type":"LineString","coordinates":[[100.56,57.73],[100.11,64.12]]},"properties":{"l":"road","c":"street"}},{"type":"Feature","geometry":{"type":"LineString","coordinates":[[100.11,64.12],[99.81,68.43]]},"properties":{"l":"road","c":"street"}},{"type":"Feature","geometry":{"type":"LineString","coordinates":[[99.81,68.43],[99.44,73.68]]},"properties":{"l":"road","c":"street"}},{"type":"Feature","geometry":{"type":"LineString","coordinates":[[99.44,73.68],[99.2,77.14]]},"properties":{"l":"road","c":"street"}},{"type":"Feature","geometry":{"type":"LineString","coordinates":[[99.2,77.14],[99.03,79.59]]},"properties":{"l":"road","c":"street"}},{"type":"Feature","geometry":{"type":"LineString","coordinates":[[98.76,56.26],[98.62,58.32]]},"properties":{"l":"road","c":"street"}},{"type":"Feature","geometry":{"type":"LineString","coordinates":[[98.62,58.32],[98.11,65.55]]},"properties":{"l":"road","c":"street"}},{"type":"Feature","geometry":{"type":"LineString","coordinates":[[98.11,65.55],[97.87,68.96]]},"properties":{"l":"road","c":"street"}},{"type":"Feature","geometry":{"type":"LineString","coordinates":[[97.87,68.96],[97.47,74.64]]},"properties":{"l":"road","c":"street"}},{"type":"Feature","geometry":{"type":"LineString","coordinates":[[20.57,29.89],[23.26,30.59]]},"properties":{"l":"road","c":"street"}},{"type":"Feature","geometry":{"type":"LineString","coordinates":[[19.61,30.32],[21.17,30.7],[22.55,31.1],[23.23,31.32],[24.25,31.72]]},"properties":{"l":"road","c":"street"}},{"type":"Feature","geometry":{"type":"LineString","coordinates":[[18.79,30.76],[20.24,31.12],[21.61,31.52],[22.95,32.0],[24.27,32.6]]},"properties":{"l":"road","c":"street"}},{"type":"Feature","geometry":{"type":"LineString","coordinates":[[18.59,31.43],[19.96,31.8],[21.31,32.26],[22.63,32.81],[24.41,33.74]]},"properties":{"l":"road","c":"street"}},{"type":"Feature","geometry":{"type":"LineString","coordinates":[[18.43,32.2],[19.65,32.58],[20.32,32.83],[21.62,33.4],[22.89,34.07],[24.62,35.07]]},"properties":{"l":"road","c":"street"}},{"type":"Feature","geometry":{"type":"LineString","coordinates":[[18.27,32.86],[19.37,33.26],[20.67,33.84],[21.94,34.51],[24.66,36.08]]},"properties":{"l":"road","c":"street"}},{"type":"Feature","geometry":{"type":"LineString","coordinates":[[18.14,33.75],[19.02,34.13],[20.3,34.78],[23.41,36.57],[24.5,37.13]]},"properties":{"l":"road","c":"street"}},{"type":"Feature","geometry":{"type":"LineString","coordinates":[[18.1,34.58],[19.35,35.22],[22.47,37.01],[23.74,37.66],[24.36,37.93]]},"properties":{"l":"road","c":"street"}},{"type":"Feature","geometry":{"type":"LineString","coordinates":[[18.19,35.76],[20.82,37.28],[22.09,37.95],[23.39,38.53],[24.2,38.83]]},"properties":{"l":"road","c":"street"}},{"type":"Feature","geometry":{"type":"LineString","coordinates":[[18.5,37.07],[19.83,37.83],[21.1,38.49],[22.41,39.05],[23.95,39.57]]},"properties":{"l":"road","c":"street"}},{"type":"Feature","geometry":{"type":"LineString","coordinates":[[18.73,38.13],[20.17,38.88],[21.48,39.44],[22.83,39.9],[23.75,40.16]]},"properties":{"l":"road","c":"street"}},{"type":"Feature","geometry":{"type":"LineString","coordinates":[[18.96,39.37],[19.82,39.75],[21.16,40.24],[22.54,40.64],[23.45,40.87]]},"properties":{"l":"road","c":"street"}},{"type":"Feature","geometry":{"type":"LineString","coordinates":[[19.08,40.2],[20.24,40.62],[20.92,40.82],[22.79,41.3]]},"properties":{"l":"road","c":"street"}},{"type":"Feature","geometry":{"type":"LineString","coordinates":[[20.01,41.19],[22.09,41.73]]},"properties":{"l":"road","c":"street"}},{"type":"Feature","geometry":{"type":"LineString","coordinates":[[20.99,42.16],[21.43,42.27]]},"properties":{"l":"road","c":"street"}},{"type":"Feature","geometry":{"type":"LineString","coordinates":[[24.63,36.48],[23.6,38.32],[22.88,39.86]]},"properties":{"l":"road","c":"street"}},{"type":"Feature","geometry":{"type":"LineString","coordinates":[[24.44,33.96],[22.98,36.53],[22.33,37.9]]},"properties":{"l":"road","c":"street"}},{"type":"Feature","geometry":{"type":"LineString","coordinates":[[22.33,37.9],[21.84,39.15],[21.62,39.83],[21.12,41.69]]},"properties":{"l":"road","c":"street"}},{"type":"Feature","geometry":{"type":"LineString","coordinates":[[21.12,41.69],[21.0,42.18]]},"properties":{"l":"road","c":"street"}},{"type":"Feature","geometry":{"type":"LineString","coordinates":[[23.14,33.81],[22.57,34.83],[21.93,36.13]]},"properties":{"l":"road","c":"street"}},{"type":"Feature","geometry":{"type":"LineString","coordinates":[[21.93,36.13],[21.65,36.77],[21.17,38.11],[20.77,39.48],[20.29,41.43]]},"properties":{"l":"road","c":"street"}},{"type":"Feature","geometry":{"type":"LineString","coordinates":[[22.05,32.63],[21.52,33.64],[20.94,34.94],[20.46,36.28],[20.09,37.58]]},"properties":{"l":"road","c":"street"}},{"type":"Feature","geometry":{"type":"LineString","coordinates":[[20.09,37.58],[19.37,40.46]]},"properties":{"l":"road","c":"street"}},{"type":"Feature","geometry":{"type":"LineString","coordinates":[[22.07,29.55],[21.14,31.19],[20.52,32.47],[20.24,33.14]]},"properties":{"l":"road","c":"street"}},{"type":"Feature","geometry":{"type":"LineString","coordinates":[[20.24,33.14],[19.77,34.47],[19.37,35.85],[19.12,36.86]]},"properties":{"l":"road","c":"street"}},{"type":"Feature","geometry":{"type":"LineString","coordinates":[[19.12,36.86],[18.76,38.32]]},"properties":{"l":"road","c":"street"}},{"type":"Feature","geometry":{"type":"LineString","coordinates":[[20.6,29.88],[19.86,31.44],[19.5,32.39]]},"properties":{"l":"road","c":"street"}},{"type":"Feature","geometry":{"type":"LineString","coordinates":[[19.5,32.39],[18.95,34.14],[18.37,36.5]]},"properties":{"l":"road","c":"street"}},{"type":"Feature","geometry":{"type":"LineString","coordinates":[[19.09,30.53],[18.68,31.72],[18.14,33.7]]},"properties":{"l":"road","c":"street"}},{"type":"Feature","geometry":{"type":"LineString","coordinates":[[65.94,116.99],[72.31,117.88]]},"properties":{"l":"road","c":"street"}},{"type":"Feature","geometry":{"type":"LineString","coordinates":[[62.51,118.39],[75.88,120.27]]},"properties":{"l":"road","c":"street"}},{"type":"Feature","geometry":{"type":"LineString","coordinates":[[61.57,120.24],[76.06,122.27]]},"properties":{"l":"road","c":"street"}},{"type":"Feature","geometry":{"type":"LineString","coordinates":[[61.61,122.56],[75.21,124.47]]},"properties":{"l":"road","c":"street"}},{"type":"Feature","geometry":{"type":"LineString","coordinates":[[62.82,124.77],[73.71,126.31]]},"properties":{"l":"road","c":"street"}},{"type":"Feature","geometry":{"type":"LineString","coordinates":[[66.17,127.59],[69.31,128.03]]},"properties":{"l":"road","c":"street"}},{"type":"Feature","geometry":{"type":"LineString","coordinates":[[73.07,118.37],[72.52,122.27]]},"properties":{"l":"road","c":"street"}},{"type":"Feature","geometry":{"type":"LineString","coordinates":[[71.88,126.8],[71.77,127.6]]},"properties":{"l":"road","c":"street"}},{"type":"Feature","geometry":{"type":"LineString","coordinates":[[68.62,117.12],[68.15,120.45]]},"properties":{"l":"road","c":"street"}},{"type":"Feature","geometry":{"type":"LineString","coordinates":[[68.15,120.45],[67.45,125.43]]},"properties":{"l":"road","c":"street"}},{"type":"Feature","geometry":{"type":"LineString","coordinates":[[67.45,125.43],[67.08,128.05]]},"properties":{"l":"road","c":"street"}},{"type":"Feature","geometry":{"type":"LineString","coordinates":[[64.45,117.49],[64.14,119.69]]},"properties":{"l":"road","c":"street"}},{"type":"Feature","geometry":{"type":"LineString","coordinates":[[63.67,123.01],[63.33,125.49]]},"properties":{"l":"road","c":"street"}},{"type":"Feature","geometry":{"type":"LineString","coordinates":[[46.58,120.91],[52.56,120.5]]},"properties":{"l":"road","c":"street"}},{"type":"Feature","geometry":{"type":"LineString","coordinates":[[50.95,120.03],[51.16,123.0]]},"properties":{"l":"road","c":"street"}},{"type":"Feature","geometry":{"type":"LineString","coordinates":[[46.58,120.85],[46.66,122.12]]},"properties":{"l":"road","c":"street"}},{"type":"Feature","geometry":{"type":"LineString","coordinates":[[16.11,97.29],[34.32,94.49]]},"properties":{"l":"road","c":"secondary"}},{"type":"Feature","geometry":{"type":"LineString","coordinates":[[17.48,76.86],[38.67,81.19]]},"properties":{"l":"road","c":"secondary"}},{"type":"Feature","geometry":{"type":"LineString","coordinates":[[23.03,112.87],[35.67,111.42]]},"properties":{"l":"road","c":"secondary"}},{"type":"Feature","geometry":{"type":"LineString","coordinates":[[28.01,58.4],[41.18,70.43]]},"properties":{"l":"road","c":"secondary"}},{"type":"Feature","geometry":{"type":"LineString","coordinates":[[34.01,36.96],[41.76,38.79]]},"properties":{"l":"road","c":"secondary"}},{"type":"Feature","geometry":{"type":"LineString","coordinates":[[34.32,94.49],[37.92,102.43]]},"properties":{"l":"road","c":"secondary"}},{"type":"Feature","geometry":{"type":"LineString","coordinates":[[34.32,94.49],[38.67,81.19]]},"properties":{"l":"road","c":"secondary"}},{"type":"Feature","geometry":{"type":"LineString","coordinates":[[35.67,111.42],[39.68,117.24]]},"properties":{"l":"road","c":"secondary"}},{"type":"Feature","geometry":{"type":"LineString","coordinates":[[35.67,111.42],[37.92,102.43]]},"properties":{"l":"road","c":"secondary"}},{"type":"Feature","geometry":{"type":"LineString","coordinates":[[37.92,102.43],[57.13,101.02]]},"properties":{"l":"road","c":"secondary"}},{"type":"Feature","geometry":{"type":"LineString","coordinates":[[38.67,81.19],[45.24,76.67]]},"properties":{"l":"road","c":"secondary"}},{"type":"Feature","geometry":{"type":"LineString","coordinates":[[38.85,51.15],[44.26,48.88]]},"properties":{"l":"road","c":"secondary"}},{"type":"Feature","geometry":{"type":"LineString","coordinates":[[41.76,38.79],[44.26,48.88]]},"properties":{"l":"road","c":"secondary"}},{"type":"Feature","geometry":{"type":"LineString","coordinates":[[41.76,38.79],[42.38,38.17]]},"properties":{"l":"road","c":"secondary"}},{"type":"Feature","geometry":{"type":"LineString","coordinates":[[42.38,38.17],[45.15,19.76]]},"properties":{"l":"road","c":"secondary"}},{"type":"Feature","geometry":{"type":"LineString","coordinates":[[42.38,38.17],[56.4,34.6]]},"properties":{"l":"road","c":"secondary"}},{"type":"Feature","geometry":{"type":"LineString","coordinates":[[44.26,48.88],[47.89,51.87]]},"properties":{"l":"road","c":"secondary"}},{"type":"Feature","geometry":{"type":"LineString","coordinates":[[45.24,76.67],[52.06,81.18]]},"properties":{"l":"road","c":"secondary"}},{"type":"Feature","geometry":{"type":"LineString","coordinates":[[45.24,76.67],[45.26,75.65]]},"properties":{"l":"road","c":"secondary"}},{"type":"Feature","geometry":{"type":"LineString","coordinates":[[47.27,70.47],[54.02,57.74]]},"properties":{"l":"road","c":"secondary"}},{"type":"Feature","geometry":{"type":"LineString","coordinates":[[50.75,54.22],[53.72,56.67]]},"properties":{"l":"road","c":"secondary"}},{"type":"Feature","geometry":{"type":"LineString","coordinates":[[57.13,101.02],[52.06,81.18]]},"properties":{"l":"road","c":"secondary"}},{"type":"Feature","geometry":{"type":"LineString","coordinates":[[52.06,81.18],[67.1,79.99]]},"properties":{"l":"road","c":"secondary"}},{"type":"Feature","geometry":{"type":"LineString","coordinates":[[53.72,56.67],[54.02,57.74]]},"properties":{"l":"road","c":"secondary"}},{"type":"Feature","geometry":{"type":"LineString","coordinates":[[53.72,56.67],[55.12,54.12]]},"properties":{"l":"road","c":"secondary"}},{"type":"Feature","geometry":{"type":"LineString","coordinates":[[54.02,57.74],[77.22,63.08]]},"properties":{"l":"road","c":"secondary"}},{"type":"Feature","geometry":{"type":"LineString","coordinates":[[57.52,30.13],[54.66,22.48]]},"properties":{"l":"road","c":"secondary"}},{"type":"Feature","geometry":{"type":"LineString","coordinates":[[56.4,34.6],[60.12,40.8]]},"properties":{"l":"road","c":"secondary"}},{"type":"Feature","geometry":{"type":"LineString","coordinates":[[56.4,34.6],[57.52,30.13]]},"properties":{"l":"road","c":"secondary"}},{"type":"Feature","geometry":{"type":"LineString","coordinates":[[56.58,51.45],[59.11,46.82]]},"properties":{"l":"road","c":"secondary"}},{"type":"Feature","geometry":{"type":"LineString","coordinates":[[57.13,101.02],[57.72,101.57]]},"properties":{"l":"road","c":"secondary"}},{"type":"Feature","geometry":{"type":"LineString","coordinates":[[57.52,30.13],[72.02,28.62]]},"properties":{"l":"road","c":"secondary"}},{"type":"Feature","geometry":{"type":"LineString","coordinates":[[57.72,101.57],[60.36,113.49]]},"properties":{"l":"road","c":"secondary"}},{"type":"Feature","geometry":{"type":"LineString","coordinates":[[57.72,101.57],[81.66,89.78]]},"properties":{"l":"road","c":"secondary"}},{"type":"Feature","geometry":{"type":"LineString","coordinates":[[59.11,46.82],[74.07,47.89]]},"properties":{"l":"road","c":"secondary"}},{"type":"Feature","geometry":{"type":"LineString","coordinates":[[59.11,46.82],[60.12,40.8]]},"properties":{"l":"road","c":"secondary"}},{"type":"Feature","geometry":{"type":"LineString","coordinates":[[60.12,40.8],[73.6,37.69]]},"properties":{"l":"road","c":"secondary"}},{"type":"Feature","geometry":{"type":"LineString","coordinates":[[74.07,47.89],[73.6,37.69]]},"properties":{"l":"road","c":"secondary"}},{"type":"Feature","geometry":{"type":"LineString","coordinates":[[73.6,37.69],[79.03,29.16]]},"properties":{"l":"road","c":"secondary"}},{"type":"Feature","geometry":{"type":"LineString","coordinates":[[80.41,61.61],[74.07,47.89]]},"properties":{"l":"road","c":"secondary"}},{"type":"Feature","geometry":{"type":"LineString","coordinates":[[108.74,-28.0],[103.28,-28.0],[101.7,-25.74],[100.73,-21.21],[100.38,-14.42],[100.63,-5.37],[100.95,1.38],[101.36,5.83],[101.84,7.99],[103.25,7.65]]},"properties":{"l":"road","c":"secondary"}},{"type":"Feature","geometry":{"type":"LineString","coordinates":[[112.25,-2.55],[103.25,7.65]]},"properties":{"l":"road","c":"secondary"}},{"type":"Feature","geometry":{"type":"LineString","coordinates":[[103.25,7.65],[107.31,6.66]]},"properties":{"l":"road","c":"secondary"}},{"type":"Feature","geometry":{"type":"LineString","coordinates":[[113.76,-28.0],[110.75,-28.0]]},"properties":{"l":"road","c":"secondary"}},{"type":"Feature","geometry":{"type":"LineString","coordinates":[[140.0,-13.53],[140.0,-22.57],[138.36,-25.29],[135.08,-27.1],[130.16,-28.0],[113.76,-28.0]]},"properties":{"l":"road","c":"secondary"}},{"type":"Feature","geometry":{"type":"LineString","coordinates":[[113.76,-28.0],[114.29,-26.73]]},"properties":{"l":"road","c":"secondary"}},{"type":"Feature","geometry":{"type":"LineString","coordinates":[[115.9,-6.68],[113.82,-4.33]]},"properties":{"l":"road","c":"secondary"}},{"type":"Feature","geometry":{"type":"LineString","coordinates":[[129.52,-9.61],[114.29,-26.73]]},"properties":{"l":"road","c":"secondary"}},{"type":"Feature","geometry":{"type":"LineString","coordinates":[[114.29,-26.73],[115.9,-6.68]]},"properties":{"l":"road","c":"secondary"}},{"type":"Feature","geometry":{"type":"LineString","coordinates":[[115.9,-6.68],[121.99,-3.82]]},"properties":{"l":"road","c":"secondary"}},{"type":"Feature","geometry":{"type":"LineString","coordinates":[[123.17,1.52],[121.99,-3.82]]},"properties":{"l":"road","c":"secondary"}},{"type":"Feature","geometry":{"type":"LineString","coordinates":[[121.99,-3.82],[129.52,-9.61]]},"properties":{"l":"road","c":"secondary"}},{"type":"Feature","geometry":{"type":"LineString","coordinates":[[132.27,-0.29],[129.53,-9.6]]},"properties":{"l":"road","c":"secondary"}},{"type":"Feature","geometry":{"type":"LineString","coordinates":[[129.53,-9.6],[140.0,-13.53]]},"properties":{"l":"road","c":"secondary"}},{"type":"Feature","geometry":{"type":"LineString","coordinates":[[140.0,-0.6],[140.0,-13.53]]},"properties":{"l":"road","c":"secondary"}},{"type":"Feature","geometry":{"type":"LineString","coordinates":[[59.0,43.0],[59.06,43.02],[59.19,43.06],[59.38,43.11],[59.63,43.19],[59.94,43.28],[60.31,43.39],[60.75,43.53],[61.25,43.68],[61.75,43.83],[62.25,43.98],[62.75,44.13],[63.25,44.28],[63.75,44.43],[64.25,44.58],[64.75,44.73],[65.25,44.88],[65.76,45.03],[66.28,45.18],[66.81,45.34],[67.34,45.51],[67.89,45.67],[68.45,45.84],[69.01,46.01],[69.59,46.19],[70.16,46.35],[70.73,46.51],[71.29,46.66],[71.86,46.79],[72.42,46.92],[72.97,47.04],[73.53,47.15],[74.07,47.25],[74.56,47.34],[74.97,47.41],[75.31,47.48],[75.59,47.53],[75.79,47.56],[75.93,47.59],[76.0,47.6]]},"properties":{"l":"road","c":"primary","n":"Park Row"}},{"type":"Feature","geometry":{"type":"LineString","coordinates":[[57.4,54.6],[57.39,54.72],[57.38,54.95],[57.36,55.29],[57.34,55.76],[57.31,56.33],[57.27,57.03],[57.22,57.84],[57.18,58.76],[57.13,59.7],[57.08,60.64],[57.03,61.59],[56.98,62.56],[56.93,63.53],[56.87,64.51],[56.83,65.5],[56.78,66.5],[56.73,67.5],[56.68,68.5],[56.64,69.5],[56.61,70.5],[56.57,71.5],[56.54,72.5],[56.51,73.5],[56.49,74.5],[56.46,75.5],[56.43,76.5],[56.39,77.5],[56.36,78.5],[56.32,79.5],[56.27,80.5],[56.22,81.5],[56.18,82.5],[56.11,83.5],[56.03,84.5],[55.93,85.5],[55.82,86.5],[55.69,87.5],[55.55,88.5],[55.39,89.5],[55.21,90.5],[55.03,91.5],[54.83,92.5],[54.63,93.5],[54.42,94.5],[54.2,95.5],[53.97,96.5],[53.73,97.5],[53.48,98.5],[53.23,99.5],[52.98,100.5],[52.73,101.5],[52.48,102.5],[52.23,103.5],[51.98,104.5],[51.73,105.5],[51.48,106.5],[51.26,107.38],[51.07,108.13],[50.91,108.75],[50.79,109.25],[50.69,109.63],[50.63,109.88],[50.6,110.0]]},"properties":{"l":"road","c":"primary","n":"Grand Avenue"}},{"type":"Feature","geometry":{"type":"LineString","coordinates":[[34.0,55.8],[33.99,55.9],[33.96,56.09],[33.92,56.38],[33.88,56.77],[33.81,57.25],[33.74,57.83],[33.65,58.51],[33.55,59.29],[33.47,60.09],[33.41,60.92],[33.36,61.78],[33.34,62.67],[33.33,63.58],[33.34,64.53],[33.38,65.5],[33.43,66.5],[33.48,67.5],[33.54,68.5],[33.61,69.5],[33.69,70.5],[33.77,71.5],[33.86,72.5],[33.95,73.5],[34.05,74.5],[34.16,75.5],[34.27,76.5],[34.39,77.5],[34.51,78.5],[34.64,79.5],[34.78,80.5],[34.93,81.5],[35.07,82.5],[35.25,83.48],[35.45,84.45],[35.68,85.41],[35.93,86.34],[36.2,87.27],[36.5,88.17],[36.82,89.06],[37.18,89.94],[37.53,90.81],[37.89,91.69],[38.26,92.56],[38.64,93.44],[39.02,94.31],[39.41,95.19],[39.8,96.06],[40.2,96.94],[40.59,97.8],[40.96,98.64],[41.33,99.47],[41.68,100.28],[42.01,101.08],[42.34,101.86],[42.65,102.63],[42.95,103.38],[43.21,104.03],[43.44,104.59],[43.62,105.06],[43.78,105.44],[43.89,105.72],[43.96,105.91],[44.0,106.0]]},"properties":{"l":"road","c":"primary","n":"Broadway"}},{"type":"Feature","geometry":{"type":"LineString","coordinates":[[63.6,55.6],[63.61,55.72],[63.63,55.95],[63.66,56.29],[63.69,56.76],[63.74,57.33],[63.8,58.03],[63.86,58.84],[63.94,59.76],[64.0,60.71],[64.05,61.69],[64.09,62.69],[64.11,63.71],[64.13,64.76],[64.13,65.84],[64.11,66.94],[64.09,68.06],[64.05,69.17],[64.01,70.27],[63.96,71.34],[63.89,72.41],[63.82,73.45],[63.74,74.48],[63.65,75.5],[63.55,76.5],[63.44,77.48],[63.33,78.45],[63.21,79.41],[63.09,80.34],[62.96,81.27],[62.82,82.17],[62.68,83.06],[62.53,83.94],[62.39,84.7],[62.28,85.36],[62.19,85.91],[62.11,86.34],[62.06,86.67],[62.02,86.89],[62.0,87.0]]},"properties":{"l":"road","c":"primary","n":"Fifth Avenue"}},{"type":"Feature","geometry":{"type":"LineString","coordinates":[[37.0,26.6],[37.09,26.61],[37.28,26.64],[37.56,26.68],[37.94,26.73],[38.41,26.79],[38.97,26.86],[39.63,26.95],[40.38,27.05],[41.14,27.15],[41.92,27.25],[42.72,27.35],[43.53,27.45],[44.36,27.55],[45.2,27.65],[46.06,27.75],[46.94,27.85],[47.81,27.95],[48.69,28.05],[49.56,28.15],[50.44,28.25],[51.31,28.35],[52.19,28.45],[53.06,28.55],[53.94,28.65],[54.83,28.76],[55.73,28.88],[56.66,29.01],[57.59,29.14],[58.55,29.29],[59.52,29.45],[60.5,29.61],[61.5,29.79],[62.48,29.96],[63.45,30.14],[64.41,30.31],[65.34,30.49],[66.27,30.66],[67.17,30.84],[68.06,31.01],[68.94,31.19],[69.83,31.37],[70.73,31.56],[71.66,31.75],[72.59,31.95],[73.55,32.16],[74.52,32.37],[75.5,32.59],[76.5,32.81],[77.38,33.01],[78.13,33.18],[78.75,33.32],[79.25,33.43],[79.63,33.52],[79.88,33.57],[80.0,33.6]]},"properties":{"l":"road","c":"primary","n":"Kane Avenue"}},{"type":"Feature","geometry":{"type":"LineString","coordinates":[[34.0,107.4],[34.09,107.43],[34.28,107.5],[34.56,107.61],[34.94,107.74],[35.41,107.92],[35.97,108.12],[36.63,108.36],[37.38,108.64],[38.13,108.9],[38.88,109.15],[39.63,109.39],[40.38,109.61],[41.13,109.82],[41.88,110.03],[42.63,110.21],[43.38,110.39],[44.13,110.54],[44.88,110.68],[45.63,110.8],[46.38,110.9],[47.13,110.98],[47.88,111.04],[48.63,111.09],[49.38,111.11],[50.13,111.13],[50.88,111.13],[51.63,111.11],[52.38,111.09],[53.13,111.05],[53.88,111.0],[54.63,110.94],[55.38,110.86],[56.13,110.77],[56.88,110.65],[57.63,110.51],[58.38,110.34],[59.13,110.16],[59.88,109.95],[60.63,109.73],[61.38,109.48],[62.13,109.2],[62.88,108.9],[63.63,108.57],[64.38,108.23],[65.13,107.85],[65.88,107.45],[66.63,107.03],[67.38,106.58],[68.03,106.18],[68.59,105.84],[69.06,105.56],[69.44,105.34],[69.72,105.17],[69.91,105.06],[70.0,105.0]]},"properties":{"l":"road","c":"primary","n":"Old Gotham Boulevard"}},{"type":"Feature","geometry":{"type":"LineString","coordinates":[[38.0,96.6],[38.09,96.59],[38.28,96.58],[38.56,96.56],[38.94,96.54],[39.41,96.51],[39.97,96.47],[40.63,96.43],[41.38,96.38],[42.13,96.34],[42.88,96.31],[43.63,96.3],[44.38,96.3],[45.13,96.31],[45.88,96.34],[46.63,96.38],[47.38,96.43],[48.13,96.46],[48.88,96.48],[49.63,96.48],[50.38,96.47],[51.13,96.44],[51.88,96.4],[52.63,96.34],[53.38,96.26],[54.13,96.18],[54.88,96.08],[55.63,95.96],[56.38,95.84],[57.13,95.7],[57.88,95.55],[58.63,95.39],[59.38,95.21],[60.16,95.06],[60.97,94.94],[61.81,94.84],[62.69,94.76],[63.59,94.71],[64.53,94.69],[65.5,94.69],[66.5,94.71],[67.48,94.76],[68.45,94.83],[69.41,94.92],[70.34,95.03],[71.27,95.17],[72.17,95.32],[73.06,95.5],[73.94,95.7],[74.7,95.88],[75.36,96.03],[75.91,96.15],[76.34,96.25],[76.67,96.33],[76.89,96.38],[77.0,96.4]]},"properties":{"l":"road","c":"primary","n":"Diamond Avenue"}},{"type":"Feature","geometry":{"type":"LineString","coordinates":[[31.0,59.4],[31.08,59.4],[31.23,59.41],[31.47,59.42],[31.78,59.43],[32.17,59.45],[32.64,59.47],[33.19,59.49],[33.81,59.51],[34.44,59.53],[35.06,59.53],[35.69,59.53],[36.31,59.52],[36.94,59.5],[37.56,59.47],[38.19,59.43],[38.81,59.38],[39.44,59.34],[40.06,59.31],[40.69,59.3],[41.31,59.3],[41.94,59.31],[42.56,59.34],[43.19,59.38],[43.81,59.43],[44.45,59.46],[45.11,59.49],[45.78,59.5],[46.47,59.5],[47.17,59.49],[47.89,59.46],[48.63,59.43],[49.38,59.38],[50.13,59.34],[50.88,59.31],[51.63,59.3],[52.38,59.3],[53.13,59.31],[53.88,59.34],[54.63,59.38],[55.38,59.43],[56.16,59.47],[56.97,59.5],[57.81,59.52],[58.69,59.53],[59.59,59.53],[60.53,59.53],[61.5,59.51],[62.5,59.49],[63.47,59.49],[64.41,59.52],[65.31,59.58],[66.19,59.67],[67.03,59.78],[67.84,59.93],[68.63,60.1],[69.38,60.3],[70.03,60.48],[70.59,60.63],[71.06,60.75],[71.44,60.85],[71.72,60.93],[71.91,60.98],[72.0,61.0]]},"properties":{"l":"road","c":"primary","n":"Coventry Road"}},{"type":"Feature","geometry":{"type":"LineString","coordinates":[[33.4,112.6],[33.36,112.65],[33.29,112.76],[33.17,112.92],[33.03,113.13],[32.84,113.4],[32.61,113.72],[32.35,114.09],[32.05,114.51],[31.76,114.95],[31.47,115.39],[31.19,115.84],[30.91,116.31],[30.64,116.78],[30.38,117.26],[30.13,117.75],[29.88,118.25],[29.64,118.75],[29.41,119.25],[29.2,119.75],[29.0,120.25],[28.81,120.75],[28.64,121.25],[28.48,121.75],[28.33,122.25],[28.18,122.75],[28.04,123.25],[27.91,123.75],[27.79,124.25],[27.67,124.75],[27.56,125.25],[27.45,125.75],[27.35,126.25],[27.26,126.69],[27.19,127.06],[27.12,127.38],[27.08,127.63],[27.04,127.81],[27.01,127.94],[27.0,128.0]]},"properties":{"l":"road","c":"primary","n":"Tricorner Way"}},{"type":"Feature","geometry":{"type":"LineString","coordinates":[[83.4,31.6],[83.33,31.65],[83.19,31.76],[82.99,31.92],[82.71,32.13],[82.37,32.4],[81.96,32.72],[81.47,33.09],[80.93,33.51],[80.37,33.94],[79.8,34.36],[79.22,34.79],[78.63,35.21],[78.03,35.64],[77.43,36.06],[76.81,36.49],[76.19,36.91],[75.55,37.32],[74.89,37.72],[74.22,38.09],[73.53,38.46],[72.83,38.8],[72.11,39.13],[71.38,39.45],[70.63,39.75],[69.88,40.05],[69.13,40.36],[68.38,40.67],[67.63,40.98],[66.88,41.3],[66.13,41.62],[65.38,41.94],[64.63,42.26],[63.9,42.6],[63.19,42.96],[62.51,43.33],[61.84,43.72],[61.2,44.12],[60.58,44.54],[59.99,44.97],[59.41,45.43],[58.87,45.89],[58.37,46.36],[57.89,46.85],[57.46,47.35],[57.05,47.86],[56.68,48.39],[56.35,48.93],[56.05,49.47],[55.77,50.01],[55.5,50.54],[55.24,51.05],[55.01,51.55],[54.86,51.87]]},"properties":{"l":"road","c":"highway","n":"Pioneers Expressway"}},{"type":"Feature","geometry":{"type":"LineString","coordinates":[[54.22,53.4],[54.21,53.43],[54.04,53.9],[53.88,54.39],[53.73,54.91],[53.58,55.44],[53.43,56.0],[53.29,56.58],[53.16,57.19],[53.04,57.81],[52.93,58.36],[52.83,58.83],[52.76,59.22],[52.69,59.53],[52.65,59.77],[52.62,59.92],[52.6,60.0]]},"properties":{"l":"road","c":"highway","n":"Pioneers Expressway"}},{"type":"Feature","geometry":{"type":"LineString","coordinates":[[16.0,100.6],[16.06,100.61],[16.19,100.62],[16.38,100.64],[16.63,100.66],[16.94,100.69],[17.31,100.73],[17.75,100.78],[18.25,100.83],[18.77,100.87],[19.3,100.9],[19.84,100.92],[20.41,100.93],[20.98,100.93],[21.58,100.93],[22.19,100.91],[22.81,100.89],[23.44,100.85],[24.06,100.79],[24.69,100.72],[25.31,100.63],[25.94,100.53],[26.56,100.41],[27.19,100.28],[27.81,100.13],[28.44,99.97],[29.06,99.81],[29.69,99.64],[30.31,99.46],[30.94,99.28],[31.56,99.09],[32.19,98.9],[32.81,98.7],[33.43,98.51],[34.04,98.34],[34.65,98.18],[35.25,98.03],[35.84,97.89],[36.43,97.76],[37.01,97.65],[37.59,97.55],[38.09,97.46],[38.52,97.39],[38.88,97.33],[39.17,97.28],[39.38,97.24],[39.53,97.21],[39.6,97.2]]},"properties":{"l":"road","c":"highway","n":"Chinatown Expressway"}},{"type":"Feature","geometry":{"type":"LineString","coordinates":[[35.8,24.0],[35.85,24.01],[35.95,24.03],[36.1,24.06],[36.3,24.09],[36.55,24.14],[36.85,24.2],[37.2,24.26],[37.6,24.34],[38.01,24.42],[38.44,24.51],[38.88,24.6],[39.33,24.7],[39.79,24.81],[40.26,24.92],[40.75,25.04],[41.25,25.16],[41.75,25.29],[42.25,25.43],[42.75,25.58],[43.25,25.73],[43.75,25.88],[44.25,26.04],[44.75,26.21],[45.25,26.39],[45.69,26.54],[46.06,26.67],[46.38,26.78],[46.63,26.87],[46.81,26.93],[46.94,26.98],[47.0,27.0]]},"properties":{"l":"road","c":"highway","n":"Kane Memorial Parkway"}},{"type":"Feature","geometry":{"type":"LineString","coordinates":[[13.9,20.12],[13.88,20.12],[13.52,19.98],[13.09,19.81],[12.59,19.61],[12.01,19.39],[11.43,19.13],[10.84,18.85],[10.25,18.54],[9.65,18.21],[9.04,17.84],[8.43,17.45],[7.81,17.03],[7.19,16.58],[6.56,16.1],[5.94,15.61],[5.31,15.09],[4.69,14.56],[4.06,14.0],[3.44,13.42],[2.81,12.81],[2.19,12.19],[1.52,11.55],[0.8,10.89],[0.03,10.22],[-0.78,9.53],[-1.64,8.83],[-2.55,8.11],[-3.01,7.75]]},"properties":{"l":"road","c":"highway","n":"Gotham County Highway"}},{"type":"Feature","geometry":{"type":"LineString","coordinates":[[-6.04,5.55],[-6.69,5.13],[-7.87,4.38],[-9.12,3.63],[-10.44,2.88],[-11.81,2.13],[-13.25,1.38],[-14.75,0.63],[-16.69,-0.16],[-19.06,-0.97],[-21.87,-1.81],[-25.12,-2.69],[-28.81,-3.59],[-32.94,-4.53],[-37.5,-5.5],[-42.5,-6.5],[-46.87,-7.37],[-50.62,-8.12],[-53.75,-8.75],[-56.25,-9.25],[-58.12,-9.62],[-59.37,-9.87],[-60.0,-10.0]]},"properties":{"l":"road","c":"highway","n":"Gotham County Highway"}},{"type":"Feature","geometry":{"type":"LineString","coordinates":[[-2.0,160.0],[-1.97,159.53],[-1.91,158.59],[-1.81,157.19],[-1.69,155.31],[-1.53,152.97],[-1.34,150.16],[-1.12,146.88],[-0.87,143.13],[-0.62,139.53],[-0.37,136.09],[-0.12,132.81],[0.13,129.69],[0.38,126.72],[0.63,123.91],[0.88,121.25],[1.13,118.75],[1.38,116.42],[1.65,114.25],[1.93,112.24],[2.22,110.41],[2.52,108.73],[2.82,107.23],[3.14,105.89],[3.46,104.71],[3.75,103.52],[4.01,102.31],[4.23,101.07],[4.42,99.82],[4.57,98.56],[4.69,97.27],[4.78,95.96],[4.82,94.64],[4.89,93.26],[4.98,91.83],[5.09,90.34],[5.21,88.81],[5.36,87.22],[5.52,85.57],[5.7,83.88],[5.9,82.13],[6.08,80.38],[6.24,78.63],[6.39,76.88],[6.51,75.13],[6.62,73.38],[6.71,71.63],[6.78,69.88],[6.83,68.13],[6.89,66.38],[6.97,64.63],[7.07,62.88],[7.12,62.1]]},"properties":{"l":"road","c":"highway","n":"Riverside Expressway"}},{"type":"Feature","geometry":{"type":"LineString","coordinates":[[7.23,60.45],[7.31,59.38],[7.45,57.63],[7.61,55.88],[7.79,54.13],[7.94,52.44],[8.08,50.81],[8.2,49.25],[8.3,47.75],[8.38,46.31],[8.44,44.94],[8.49,43.63],[8.51,42.38],[8.55,41.13],[8.6,39.88],[8.66,38.63],[8.74,37.38],[8.82,36.13],[8.92,34.88],[9.04,33.63],[9.16,32.38],[9.3,31.18],[9.44,30.04],[9.59,28.96],[9.76,27.94],[9.93,26.97],[10.11,26.06],[10.3,25.2],[10.5,24.4],[10.73,23.68],[10.98,23.04],[11.27,22.49],[11.58,22.01],[11.92,21.62],[12.29,21.31],[12.69,21.08],[13.11,20.93],[13.48,20.79],[13.78,20.69]]},"properties":{"l":"road","c":"highway","n":"Riverside Expressway"}},{"type":"Feature","geometry":{"type":"LineString","coordinates":[[76.0,48.0],[76.06,47.88],[76.19,47.63],[76.38,47.25],[76.63,46.75],[76.94,46.13],[77.31,45.38],[77.75,44.5],[78.25,43.5],[78.73,42.52],[79.2,41.55],[79.66,40.59],[80.09,39.66],[80.52,38.73],[80.92,37.83],[81.31,36.94],[81.69,36.06],[82.09,35.19],[82.53,34.31],[83.0,33.44],[83.5,32.56],[84.03,31.69],[84.59,30.81],[85.19,29.94],[85.81,29.06],[86.45,28.19],[87.11,27.31],[87.78,26.44],[88.47,25.56],[89.17,24.69],[89.89,23.81],[90.63,22.94],[91.38,22.06],[92.13,21.2],[92.88,20.34],[93.63,19.49],[94.38,18.66],[95.13,17.83],[95.88,17.01],[96.63,16.2],[97.38,15.4],[98.13,14.6],[98.88,13.79],[99.63,12.98],[100.38,12.17],[101.13,11.35],[101.88,10.53],[102.63,9.71],[103.38,8.89],[104.13,8.07],[104.88,7.27],[105.63,6.47],[106.38,5.68],[107.13,4.9],[107.88,4.13],[108.63,3.38],[109.38,2.63],[110.13,1.89],[110.88,1.17],[111.63,0.47],[112.38,-0.22],[113.13,-0.89],[113.88,-1.55],[114.63,-2.19],[115.38,-2.81],[116.13,-3.42],[116.88,-4.02],[117.63,-4.59],[118.38,-5.16],[119.13,-5.7],[119.88,-6.23],[120.63,-6.75],[121.38,-7.25],[122.03,-7.69],[122.59,-8.06],[123.06,-8.37],[123.44,-8.62],[123.72,-8.81],[123.91,-8.94],[124.0,-9.0]]},"properties":{"l":"road","c":"rail","n":"Coast Line"}},{"type":"Feature","geometry":{"type":"LineString","coordinates":[[39.6,97.2],[39.64,97.06],[39.71,96.77],[39.83,96.34],[39.98,95.76],[40.16,95.04],[40.39,94.18],[40.65,93.18],[40.95,92.03],[41.24,90.83],[41.53,89.59],[41.81,88.31],[42.09,86.99],[42.36,85.62],[42.62,84.21],[42.88,82.75],[43.13,81.25],[43.37,79.75],[43.61,78.25],[43.84,76.75],[44.06,75.25],[44.28,73.75],[44.49,72.25],[44.7,70.75],[44.9,69.25],[45.11,67.76],[45.34,66.28],[45.58,64.81],[45.83,63.34],[46.09,61.89],[46.36,60.45],[46.65,59.01],[46.95,57.59],[47.26,56.18],[47.58,54.78],[47.91,53.39],[48.24,52.01],[48.59,50.65],[48.95,49.3],[49.31,47.96],[49.69,46.64],[50.09,45.32],[50.53,44.02],[51.0,42.72],[51.5,41.43],[52.03,40.15],[52.59,38.88],[53.19,37.63],[53.81,36.38],[54.45,35.17],[55.11,34.02],[55.78,32.91],[56.47,31.84],[57.17,30.83],[57.89,29.86],[58.63,28.94],[59.38,28.06],[60.03,27.3],[60.59,26.64],[61.06,26.09],[61.44,25.66],[61.72,25.33],[61.91,25.11],[62.0,25.0]]},"properties":{"l":"road","c":"rail","n":"Gotham Central Line"}},{"type":"Feature","geometry":{"type":"LineString","coordinates":[[20.93,127.52],[20.94,127.52],[20.94,127.53],[20.95,127.53],[20.96,127.54],[20.98,127.56],[21.01,127.58],[21.03,127.59],[21.04,127.6],[21.05,127.6],[21.05,127.61],[21.07,127.62],[21.08,127.63],[21.11,127.65],[21.13,127.67],[21.14,127.68],[21.15,127.68],[21.16,127.69],[21.17,127.7],[21.19,127.71],[21.21,127.73],[21.23,127.75],[21.24,127.76],[21.25,127.76],[21.26,127.77],[21.27,127.78],[21.29,127.79],[21.31,127.81],[21.33,127.83],[21.34,127.84],[21.35,127.84],[21.36,127.85],[21.37,127.86],[21.39,127.87],[21.41,127.89],[21.43,127.9],[21.44,127.91],[21.45,127.92],[21.46,127.93],[21.47,127.94],[21.49,127.95],[21.51,127.97],[21.53,127.98],[21.54,127.99],[21.55,128.0],[21.56,128.01],[21.57,128.02],[21.59,128.03],[21.61,128.05],[21.63,128.06],[21.64,128.07],[21.65,128.08],[21.66,128.08],[21.67,128.1],[21.69,128.11],[21.71,128.13],[21.73,128.14],[21.75,128.16],[21.76,128.16],[21.76,128.17],[21.77,128.17],[21.78,128.19],[21.8,128.2],[21.83,128.22],[21.85,128.24],[21.86,128.25],[21.87,128.26],[21.88,128.27],[21.9,128.28],[21.91,128.3],[21.94,128.32],[21.96,128.33],[21.97,128.34],[21.98,128.35],[21.98,128.36],[21.99,128.36],[22.01,128.38],[22.02,128.39],[22.05,128.41],[22.07,128.43],[22.08,128.44],[22.09,128.45],[22.1,128.46],[22.11,128.47],[22.13,128.49],[22.16,128.51],[22.17,128.53],[22.19,128.54],[22.2,128.55],[22.21,128.56],[22.22,128.57],[22.24,128.59],[22.26,128.61],[22.28,128.63],[22.29,128.64],[22.3,128.65],[22.3,128.66],[22.31,128.66],[22.33,128.68],[22.34,128.69],[22.36,128.72],[22.38,128.73],[22.39,128.75],[22.4,128.76],[22.41,128.76],[22.42,128.77],[22.43,128.78],[22.44,128.8],[22.47,128.82],[22.48,128.84],[22.5,128.85],[22.5,128.86],[22.51,128.87],[22.52,128.87],[22.53,128.89],[22.55,128.91],[22.57,128.93],[22.58,128.95],[22.6,128.96],[22.6,128.97],[22.61,128.97],[22.62,128.98],[22.63,129.0],[22.65,129.02],[22.67,129.04],[22.68,129.06],[22.69,129.07],[22.7,129.08],[22.71,129.08],[22.71,129.09],[22.73,129.11],[22.74,129.13],[22.76,129.15],[22.78,129.17],[22.79,129.18],[22.8,129.19],[22.8,129.2],[22.81,129.21],[22.82,129.22],[22.84,129.24],[22.86,129.26],[22.87,129.28],[22.88,129.3],[22.89,129.31],[22.9,129.31],[22.9,129.32],[22.91,129.34],[22.93,129.36],[22.95,129.38],[22.96,129.4],[22.98,129.41],[22.98,129.42],[22.99,129.43],[22.99,129.44],[23.01,129.45],[23.02,129.47],[23.04,129.5],[23.05,129.52],[23.06,129.53],[23.07,129.54],[23.08,129.55],[23.08,129.56],[23.09,129.57],[23.1,129.58],[23.12,129.6],[23.13,129.62],[23.16,129.62],[23.19,129.62],[23.23,129.61],[23.26,129.61],[23.28,129.61],[23.29,129.6],[23.31,129.6],[23.34,129.6],[23.37,129.59],[23.42,129.58],[23.46,129.57],[23.49,129.57],[23.5,129.57],[23.51,129.57],[23.52,129.56],[23.55,129.56],[23.59,129.55],[23.64,129.55],[23.68,129.54],[23.7,129.54],[23.72,129.53],[23.74,129.53],[23.76,129.53],[23.8,129.52],[23.85,129.51],[23.89,129.51],[23.92,129.51],[23.93,129.5],[23.94,129.5],[23.95,129.5],[23.98,129.5],[24.02,129.49],[24.07,129.49],[24.11,129.48],[24.13,129.48],[24.15,129.48],[24.17,129.47],[24.2,129.47],[24.23,129.47],[24.28,129.46],[24.32,129.46],[24.35,129.45],[24.37,129.45],[24.38,129.45],[24.41,129.45],[24.45,129.44],[24.5,129.44],[24.54,129.43],[24.57,129.43],[24.58,129.43],[24.59,129.43],[24.6,129.43],[24.63,129.43],[24.67,129.42],[24.72,129.42],[24.76,129.42],[24.78,129.41],[24.8,129.41],[24.82,129.41],[24.85,129.41],[24.88,129.41],[24.93,129.4],[24.97,129.4],[25.0,129.4],[25.01,129.4],[25.03,129.4],[25.06,129.39],[25.09,129.39],[25.14,129.39],[25.18,129.39],[25.21,129.38],[25.22,129.38],[25.24,129.38],[25.27,129.38],[25.3,129.38],[25.35,129.38],[25.39,129.37],[25.42,129.37],[25.43,129.37],[25.45,129.37],[25.47,129.37],[25.51,129.37],[25.56,129.37],[25.6,129.36],[25.63,129.36],[25.64,129.36],[25.66,129.36],[25.68,129.36],[25.72,129.36],[25.77,129.36],[25.81,129.35],[25.84,129.35],[25.85,129.35],[25.87,129.35],[25.9,129.35],[25.93,129.35],[25.98,129.35],[26.02,129.35],[26.05,129.35],[26.06,129.35],[26.08,129.35],[26.11,129.35],[26.14,129.34],[26.19,129.34],[26.23,129.34],[26.26,129.34],[26.27,129.34],[26.29,129.34],[26.32,129.34],[26.35,129.34],[26.4,129.34],[26.44,129.34],[26.47,129.34],[26.48,129.34],[26.49,129.34],[26.5,129.34],[26.52,129.34],[26.56,129.34],[26.61,129.34],[26.65,129.34],[26.7,129.33],[26.75,129.33],[26.79,129.33],[26.83,129.33],[26.88,129.33],[26.92,129.33],[26.97,129.32],[27.01,129.32],[27.06,129.32],[27.1,129.32],[27.15,129.31],[27.19,129.31],[27.23,129.31],[27.28,129.3],[27.32,129.3],[27.37,129.29],[27.41,129.29],[27.46,129.28],[27.5,129.28],[27.54,129.27],[27.59,129.27],[27.63,129.26],[27.68,129.26],[27.72,129.25],[27.76,129.24],[27.81,129.24],[27.85,129.23],[27.9,129.22],[27.94,129.22],[27.99,129.21],[28.03,129.2],[28.08,129.19],[28.13,129.18],[28.17,129.18],[28.22,129.17],[28.27,129.16],[28.31,129.15],[28.36,129.14],[28.41,129.13],[28.46,129.12],[28.5,129.11],[28.55,129.1],[28.6,129.09],[28.64,129.08],[28.69,129.07],[28.74,129.07],[28.79,129.06],[28.83,129.04],[28.88,129.03],[28.93,129.02],[28.98,129.01],[29.02,129.0],[29.07,128.99],[29.12,128.98],[29.16,128.97],[29.21,128.96],[29.26,128.95],[29.31,128.94],[29.35,128.93],[29.4,128.91],[29.45,128.9],[29.5,128.89],[29.55,128.88],[29.58,128.87],[29.61,128.86],[29.63,128.86],[29.65,128.85],[29.67,128.85],[29.71,128.84],[29.76,128.83],[29.8,128.82],[29.83,128.81],[29.84,128.81],[29.85,128.81],[29.87,128.8],[29.89,128.8],[29.93,128.79],[29.98,128.78],[30.02,128.77],[30.05,128.77],[30.06,128.76],[30.07,128.76],[30.08,128.76],[30.11,128.75],[30.15,128.74],[30.2,128.74],[30.24,128.73],[30.27,128.72],[30.28,128.72],[30.29,128.72],[30.3,128.72],[30.33,128.71],[30.37,128.7],[30.42,128.69],[30.46,128.69],[30.49,128.68],[30.5,128.68],[30.51,128.68],[30.53,128.68],[30.55,128.67],[30.59,128.67],[30.64,128.66],[30.68,128.65],[30.71,128.65],[30.73,128.64],[30.75,128.64],[30.77,128.64],[30.81,128.63],[30.86,128.62],[30.9,128.62],[30.93,128.61],[30.95,128.61],[30.97,128.61],[31.0,128.61],[31.04,128.6],[31.09,128.59],[31.13,128.59],[31.15,128.59],[31.17,128.58],[31.19,128.58],[31.22,128.58],[31.26,128.57],[31.31,128.57],[31.36,128.56],[31.41,128.56],[31.46,128.55],[31.5,128.55],[31.55,128.54],[31.6,128.53],[31.65,128.53],[31.7,128.52],[31.75,128.51],[31.8,128.51],[31.85,128.5],[31.9,128.5],[31.94,128.49],[31.99,128.48],[32.04,128.48],[32.09,128.47],[32.14,128.46],[32.19,128.46],[32.24,128.45],[32.29,128.44],[32.33,128.43],[32.38,128.43],[32.43,128.42],[32.48,128.41],[32.53,128.4],[32.58,128.4],[32.63,128.39],[32.68,128.38],[32.72,128.37],[32.77,128.36],[32.82,128.36],[32.87,128.35],[32.91,128.34],[32.96,128.33],[33.0,128.32],[33.05,128.32],[33.09,128.31],[33.13,128.3],[33.18,128.29],[33.22,128.28],[33.27,128.27],[33.31,128.26],[33.35,128.25],[33.4,128.24],[33.44,128.23],[33.49,128.22],[33.53,128.21],[33.57,128.2],[33.62,128.18],[33.66,128.17],[33.7,128.16],[33.75,128.15],[33.79,128.14],[33.83,128.12],[33.88,128.11],[33.92,128.1],[33.96,128.08],[34.01,128.07],[34.05,128.06],[34.09,128.04],[34.13,128.03],[34.17,128.01],[34.21,128.0],[34.25,127.99],[34.28,127.97],[34.32,127.96],[34.35,127.95],[34.38,127.94],[34.4,127.93],[34.43,127.91],[34.45,127.9],[34.48,127.89],[34.5,127.88],[34.52,127.87],[34.54,127.85],[34.56,127.84],[34.58,127.83],[34.6,127.82],[34.62,127.81],[34.63,127.79],[34.65,127.78],[34.66,127.77],[34.68,127.76],[34.69,127.75],[34.7,127.74],[34.71,127.73],[34.72,127.72],[34.73,127.71],[34.74,127.7],[34.75,127.69],[34.76,127.68],[34.77,127.67],[34.78,127.66],[34.79,127.64],[34.8,127.63],[34.81,127.61],[34.83,127.58],[34.85,127.56],[34.86,127.53],[34.88,127.5],[34.9,127.47],[34.92,127.44],[34.94,127.41],[34.96,127.38],[34.98,127.35],[35.0,127.32],[35.02,127.28],[35.04,127.25],[35.06,127.22],[35.08,127.19],[35.1,127.16],[35.12,127.13],[35.13,127.1],[35.15,127.07],[35.17,127.04],[35.19,127.0],[35.21,126.97],[35.23,126.94],[35.25,126.91],[35.26,126.88],[35.28,126.85],[35.3,126.82],[35.32,126.78],[35.34,126.75],[35.35,126.72],[35.37,126.69],[35.39,126.66],[35.41,126.62],[35.42,126.6],[35.43,126.58],[35.44,126.57],[35.44,126.56],[35.45,126.55],[35.46,126.53],[35.47,126.5],[35.49,126.47],[35.51,126.44],[35.52,126.42],[35.53,126.41],[35.54,126.39],[35.55,126.37],[35.56,126.35],[35.58,126.31],[35.6,126.29],[35.61,126.27],[35.62,126.26],[35.62,126.25],[35.63,126.24],[35.64,126.22],[35.66,126.2],[35.68,126.16],[35.69,126.14],[35.71,126.12],[35.71,126.11],[35.72,126.1],[35.72,126.09],[35.74,126.07],[35.75,126.04],[35.77,126.01],[35.79,125.99],[35.8,125.97],[35.81,125.96],[35.81,125.95],[35.82,125.94],[35.83,125.92],[35.85,125.9],[35.87,125.86],[35.89,125.84],[35.9,125.82],[35.91,125.81],[35.91,125.8],[35.92,125.79],[35.93,125.77],[35.95,125.75],[35.97,125.72],[35.99,125.69],[36.0,125.67],[36.01,125.66],[36.02,125.65],[36.04,125.63],[36.05,125.6],[36.08,125.57],[36.09,125.55],[36.11,125.53],[36.12,125.52],[36.12,125.51],[36.13,125.5],[36.14,125.48],[36.16,125.46],[36.18,125.43],[36.21,125.4],[36.23,125.37],[36.25,125.34],[36.27,125.3],[36.3,125.27],[36.32,125.24],[36.34,125.21],[36.37,125.18],[36.39,125.15],[36.41,125.12],[36.44,125.09],[36.46,125.06],[36.48,125.03],[36.5,125.0],[36.53,124.96],[36.55,124.93],[36.57,124.9],[36.59,124.87],[36.62,124.84],[36.64,124.81],[36.66,124.78],[36.68,124.75],[36.71,124.72],[36.73,124.69],[36.75,124.65],[36.77,124.62],[36.8,124.59],[36.82,124.56],[36.84,124.53],[36.86,124.5],[36.88,124.48],[36.89,124.46],[36.91,124.44],[36.92,124.42],[36.93,124.4],[36.94,124.38],[36.95,124.37],[36.96,124.35],[36.97,124.33],[36.98,124.31],[36.99,124.29],[37.0,124.27],[37.01,124.25],[37.01,124.23],[37.02,124.21],[37.03,124.19],[37.04,124.16],[37.05,124.14],[37.06,124.12],[37.06,124.09],[37.07,124.06],[37.08,124.04],[37.09,124.01],[37.09,123.98],[37.1,123.95],[37.11,123.92],[37.11,123.89],[37.12,123.86],[37.12,123.83],[37.13,123.79],[37.14,123.76],[37.14,123.72],[37.15,123.68],[37.15,123.63],[37.15,123.6],[37.16,123.58],[37.16,123.56],[37.16,123.55],[37.16,123.52],[37.17,123.48],[37.17,123.43],[37.18,123.39],[37.18,123.37],[37.18,123.35],[37.19,123.33],[37.19,123.31],[37.19,123.27],[37.2,123.22],[37.21,123.18],[37.21,123.15],[37.21,123.14],[37.21,123.12],[37.22,123.09],[37.22,123.06],[37.23,123.01],[37.24,122.97],[37.24,122.94],[37.24,122.93],[37.24,122.92],[37.25,122.91],[37.25,122.88],[37.26,122.84],[37.26,122.79],[37.27,122.76],[37.27,122.73],[37.28,122.71],[37.28,122.7],[37.28,122.67],[37.29,122.63],[37.3,122.58],[37.3,122.54],[37.31,122.52],[37.31,122.5],[37.31,122.48],[37.32,122.46],[37.32,122.42],[37.33,122.37],[37.34,122.33],[37.34,122.31],[37.35,122.29],[37.35,122.27],[37.36,122.25],[37.36,122.21],[37.37,122.16],[37.38,122.12],[37.38,122.1],[37.39,122.08],[37.39,122.06],[37.4,122.04],[37.4,122.0],[37.41,121.95],[37.42,121.91],[37.43,121.89],[37.43,121.87],[37.43,121.86],[37.44,121.84],[37.44,121.8],[37.45,121.75],[37.46,121.71],[37.47,121.69],[37.47,121.67],[37.47,121.66],[37.48,121.64],[37.48,121.6],[37.49,121.55],[37.5,121.51],[37.51,121.49],[37.51,121.47],[37.51,121.46],[37.52,121.44],[37.52,121.4],[37.53,121.35],[37.54,121.31],[37.55,121.29],[37.55,121.27],[37.55,121.26],[37.56,121.24],[37.56,121.2],[37.57,121.15],[37.58,121.11],[37.59,121.09],[37.59,121.07],[37.59,121.06],[37.6,121.04],[37.61,121.0],[37.62,120.95],[37.62,120.91],[37.63,120.89],[37.63,120.87],[37.63,120.86],[37.64,120.84],[37.65,120.8],[37.66,120.75],[37.66,120.71],[37.67,120.69],[37.67,120.67],[37.67,120.66],[37.68,120.64],[37.69,120.6],[37.7,120.55],[37.71,120.51],[37.71,120.49],[37.71,120.47],[37.72,120.46],[37.72,120.44],[37.73,120.4],[37.74,120.35],[37.75,120.31],[37.75,120.28],[37.76,120.27],[37.76,120.26],[37.76,120.25],[37.77,120.22],[37.78,120.18],[37.79,120.13],[37.8,120.09],[37.8,120.06],[37.81,120.05],[37.81,120.04],[37.81,120.03],[37.82,120.0],[37.83,119.96],[37.84,119.91],[37.85,119.87],[37.86,119.85],[37.86,119.83],[37.87,119.81],[37.88,119.78],[37.89,119.74],[37.9,119.7],[37.91,119.66],[37.92,119.63],[37.92,119.61],[37.93,119.59],[37.93,119.57],[37.95,119.53],[37.96,119.48],[37.97,119.44],[37.98,119.41],[37.98,119.4],[37.99,119.39],[37.99,119.38],[38.0,119.35],[38.01,119.31],[38.03,119.26],[38.04,119.23],[38.05,119.2],[38.05,119.18],[38.06,119.16],[38.07,119.14],[38.08,119.1],[38.1,119.05],[38.11,119.01],[38.12,118.99],[38.12,118.97],[38.13,118.95],[38.14,118.92],[38.15,118.89],[38.17,118.84],[38.18,118.8],[38.19,118.78],[38.2,118.76],[38.2,118.75],[38.2,118.74],[38.21,118.71],[38.23,118.68],[38.25,118.63],[38.26,118.59],[38.27,118.57],[38.28,118.55],[38.28,118.53],[38.29,118.51],[38.31,118.48],[38.32,118.43],[38.34,118.4],[38.35,118.37],[38.35,118.36],[38.36,118.34],[38.37,118.32],[38.38,118.29],[38.4,118.25],[38.41,118.22],[38.42,118.2],[38.43,118.18],[38.43,118.16],[38.44,118.14],[38.45,118.12],[38.47,118.08],[38.48,118.05],[38.49,118.03],[38.5,118.02],[38.5,118.01],[38.51,118.0],[38.52,117.98],[38.53,117.95],[38.54,117.92],[38.56,117.89],[38.56,117.87],[38.57,117.86],[38.58,117.85],[38.58,117.84],[38.59,117.82],[38.6,117.8],[38.62,117.77],[38.63,117.75],[38.64,117.73],[38.65,117.71],[38.65,117.7],[38.66,117.69],[38.67,117.67],[38.68,117.65],[38.69,117.63],[38.71,117.61],[38.72,117.59],[38.73,117.57],[38.74,117.56],[38.74,117.54],[38.76,117.53],[38.77,117.51],[38.78,117.49],[38.79,117.47],[38.8,117.45],[38.82,117.43],[38.83,117.41],[38.84,117.4],[38.85,117.38],[38.87,117.36],[38.88,117.35],[38.89,117.34],[38.9,117.32],[38.91,117.31],[38.92,117.29],[38.93,117.28],[38.94,117.26],[38.95,117.25],[38.96,117.24],[38.97,117.22],[38.98,117.21],[38.99,117.19],[39.0,117.18],[39.01,117.17],[39.02,117.15],[39.03,117.14],[39.04,117.12],[39.05,117.11],[39.06,117.1],[39.07,117.08],[39.08,117.07],[39.09,117.05],[39.1,117.04],[39.11,117.02],[39.12,117.01],[39.13,117.0],[39.14,116.98],[39.15,116.97],[39.16,116.95],[39.17,116.94],[39.18,116.92],[39.19,116.91],[39.2,116.9],[39.2,116.88],[39.21,116.87],[39.22,116.85],[39.23,116.84],[39.24,116.82],[39.25,116.81],[39.26,116.8],[39.27,116.78],[39.28,116.77],[39.29,116.75],[39.29,116.74],[39.3,116.72],[39.31,116.71],[39.32,116.69],[39.33,116.68],[39.34,116.67],[39.35,116.65],[39.36,116.64],[39.36,116.62],[39.37,116.61],[39.38,116.59],[39.39,116.58],[39.4,116.56],[39.41,116.55],[39.42,116.53],[39.42,116.52],[39.43,116.51],[39.44,116.49],[39.45,116.48],[39.46,116.46],[39.47,116.44],[39.47,116.43],[39.48,116.41],[39.49,116.4],[39.49,116.39],[39.5,116.39],[39.5,116.38],[39.51,116.36],[39.52,116.35],[39.53,116.33],[39.53,116.32],[39.54,116.31],[39.55,116.3],[39.55,116.29],[39.56,116.28],[39.57,116.26],[39.58,116.25],[39.58,116.24],[39.59,116.23],[39.59,116.22],[39.6,116.21],[39.61,116.19],[39.62,116.18],[39.63,116.16],[39.63,116.15],[39.64,116.15],[39.64,116.14],[39.65,116.14],[39.65,116.13],[39.66,116.11],[39.67,116.1],[39.68,116.08],[39.69,116.07],[39.69,116.06],[39.7,116.05],[39.7,116.04],[39.71,116.03],[39.72,116.01],[39.73,116.0],[39.74,115.99],[39.74,115.98],[39.75,115.98],[39.75,115.97],[39.76,115.96],[39.77,115.95],[39.78,115.93],[39.79,115.92],[39.79,115.91],[39.8,115.9],[39.8,115.89],[39.81,115.88],[39.82,115.87],[39.83,115.85],[39.84,115.84],[39.85,115.83],[39.85,115.82],[39.86,115.82],[39.86,115.81],[39.87,115.8],[39.88,115.79],[39.89,115.77],[39.9,115.76],[39.92,115.74],[39.93,115.71],[39.95,115.69],[39.97,115.67],[39.99,115.65],[40.01,115.62],[40.04,115.6],[40.06,115.58],[40.07,115.56],[40.09,115.55],[40.11,115.54],[40.12,115.52],[40.14,115.51],[40.16,115.49],[40.19,115.47],[40.21,115.45],[40.23,115.43],[40.26,115.42],[40.28,115.4],[40.31,115.39],[40.33,115.37],[40.35,115.36],[40.36,115.35],[40.38,115.34],[40.4,115.33],[40.43,115.32],[40.45,115.3],[40.48,115.29],[40.5,115.28],[40.53,115.27],[40.55,115.26],[40.57,115.25],[40.6,115.24],[40.62,115.23],[40.64,115.23],[40.66,115.22],[40.68,115.21],[40.7,115.21],[40.73,115.2],[40.75,115.19],[40.77,115.19],[40.79,115.18],[40.82,115.18],[40.84,115.17],[40.86,115.17],[40.88,115.16],[40.91,115.16],[40.93,115.16],[40.96,115.15],[41.0,115.15],[41.04,115.14],[41.07,115.14],[41.1,115.14],[41.13,115.14],[41.16,115.14],[41.19,115.14],[41.21,115.14],[41.24,115.14],[41.28,115.14],[41.31,115.14],[41.34,115.14],[41.36,115.14],[41.39,115.14],[41.42,115.14],[41.45,115.15],[41.47,115.15],[41.5,115.15],[41.53,115.15],[41.55,115.16],[41.58,115.16],[41.62,115.17],[41.64,115.17],[41.67,115.18],[41.69,115.18],[41.71,115.19],[41.74,115.19],[41.76,115.2],[41.79,115.2],[41.83,115.21],[41.86,115.22],[41.89,115.23],[41.93,115.23],[41.96,115.24],[41.99,115.25],[42.02,115.25],[42.06,115.26],[42.09,115.27],[42.12,115.27],[42.15,115.28],[42.19,115.29],[42.22,115.29],[42.25,115.3],[42.28,115.31],[42.32,115.31],[42.35,115.32],[42.38,115.33],[42.41,115.33],[42.45,115.34],[42.48,115.34],[42.51,115.35],[42.54,115.36],[42.58,115.36],[42.61,115.37],[42.64,115.37],[42.67,115.38],[42.71,115.38],[42.74,115.39],[42.77,115.4],[42.81,115.4],[42.84,115.41],[42.87,115.41],[42.9,115.42],[42.92,115.42],[42.94,115.42],[42.96,115.43],[42.98,115.43],[43.01,115.44],[43.04,115.44],[43.07,115.45],[43.09,115.45],[43.11,115.45],[43.11,115.46],[43.13,115.46],[43.15,115.46],[43.18,115.47],[43.21,115.48],[43.24,115.48],[43.26,115.49],[43.27,115.49],[43.28,115.49],[43.3,115.5],[43.32,115.5],[43.35,115.51],[43.38,115.52],[43.41,115.52],[43.43,115.53],[43.44,115.53],[43.45,115.53],[43.46,115.54],[43.49,115.54],[43.51,115.55],[43.55,115.56],[43.57,115.57],[43.6,115.57],[43.61,115.58],[43.62,115.58],[43.63,115.58],[43.65,115.59],[43.68,115.6],[43.71,115.61],[43.74,115.61],[43.76,115.62],[43.77,115.63],[43.78,115.63],[43.8,115.63],[43.82,115.64],[43.84,115.65],[43.88,115.66],[43.9,115.67],[43.92,115.67],[43.94,115.68],[43.95,115.68],[43.96,115.69],[43.98,115.69],[44.01,115.7],[44.04,115.72],[44.07,115.73],[44.09,115.73],[44.1,115.74],[44.11,115.74],[44.12,115.75],[44.14,115.75],[44.17,115.76],[44.2,115.78],[44.23,115.79],[44.25,115.79],[44.26,115.8],[44.27,115.81],[44.29,115.81],[44.32,115.82],[44.35,115.84],[44.38,115.85],[44.4,115.86],[44.41,115.86],[44.42,115.87],[44.44,115.87],[44.47,115.89],[44.5,115.9],[44.53,115.91],[44.55,115.92],[44.56,115.92],[44.56,115.93],[44.57,115.93],[44.59,115.94],[44.62,115.95],[44.65,115.96],[44.67,115.98],[44.69,115.98],[44.7,115.99],[44.71,115.99],[44.72,116.0],[44.74,116.01],[44.76,116.02],[44.8,116.03],[44.82,116.04],[44.84,116.05],[44.85,116.06],[44.87,116.07],[44.88,116.07],[44.91,116.09],[44.94,116.1],[44.97,116.11],[44.98,116.12],[45.0,116.13],[45.01,116.14],[45.03,116.15],[45.05,116.16],[45.09,116.17],[45.11,116.19],[45.13,116.2],[45.14,116.2],[45.15,116.21],[45.16,116.21],[45.17,116.22],[45.18,116.22],[45.19,116.23],[45.2,116.23],[45.21,116.22],[45.22,116.21],[45.23,116.21],[45.24,116.2],[45.25,116.2],[45.25,116.19],[45.26,116.18],[45.28,116.17],[45.31,116.15],[45.35,116.12],[45.38,116.1],[45.4,116.09],[45.41,116.08],[45.43,116.07],[45.45,116.05],[45.48,116.03],[45.51,116.01],[45.54,115.99],[45.56,115.97],[45.57,115.96],[45.58,115.96],[45.59,115.95],[45.61,115.94],[45.64,115.92],[45.68,115.89],[45.71,115.88],[45.73,115.86],[45.74,115.85],[45.75,115.85],[45.76,115.84],[45.78,115.83],[45.81,115.81],[45.85,115.79],[45.87,115.77],[45.9,115.75],[45.91,115.75],[45.91,115.74],[45.93,115.73],[45.95,115.72],[45.98,115.7],[46.02,115.68],[46.05,115.66],[46.07,115.65],[46.08,115.64],[46.09,115.64],[46.1,115.63],[46.12,115.62],[46.15,115.6],[46.19,115.58],[46.22,115.56],[46.24,115.55],[46.25,115.54],[46.26,115.54],[46.27,115.53],[46.29,115.52],[46.32,115.5],[46.36,115.48],[46.39,115.46],[46.42,115.45],[46.43,115.44],[46.45,115.43],[46.47,115.42],[46.5,115.41],[46.54,115.39],[46.57,115.37],[46.59,115.36],[46.6,115.35],[46.61,115.35],[46.63,115.34],[46.66,115.32],[46.7,115.3],[46.73,115.28],[46.75,115.27],[46.76,115.27],[46.77,115.27],[46.78,115.26],[46.8,115.25],[46.83,115.24],[46.87,115.22],[46.9,115.2],[46.92,115.19],[46.93,115.18],[46.94,115.18],[46.96,115.17],[46.99,115.15],[47.03,115.13],[47.06,115.12],[47.08,115.11],[47.09,115.1],[47.1,115.1],[47.13,115.09],[47.16,115.07],[47.2,115.05],[47.23,115.04],[47.25,115.03],[47.26,115.02],[47.27,115.01],[47.29,115.0],[47.32,114.99],[47.36,114.97],[47.39,114.95],[47.41,114.94],[47.42,114.94],[47.43,114.93],[47.46,114.92],[47.49,114.91],[47.53,114.89],[47.56,114.87],[47.58,114.86],[47.59,114.86],[47.6,114.85],[47.62,114.84],[47.65,114.83],[47.69,114.81],[47.72,114.8],[47.74,114.79],[47.75,114.78],[47.76,114.78],[47.77,114.78],[47.79,114.77],[47.82,114.75],[47.86,114.73],[47.89,114.72],[47.93,114.7],[47.97,114.68],[48.01,114.66],[48.04,114.64],[48.08,114.63],[48.12,114.61],[48.16,114.59],[48.19,114.57],[48.23,114.55],[48.27,114.53],[48.31,114.52],[48.34,114.5],[48.38,114.48],[48.42,114.46],[48.45,114.44],[48.49,114.42],[48.53,114.4],[48.57,114.38],[48.6,114.36],[48.64,114.35],[48.68,114.33],[48.71,114.31],[48.75,114.29],[48.79,114.27],[48.82,114.25],[48.86,114.23],[48.9,114.21],[48.93,114.19],[48.97,114.17],[49.01,114.15],[49.04,114.13],[49.07,114.11],[49.1,114.1],[49.11,114.09],[49.12,114.08],[49.13,114.08],[49.16,114.07],[49.19,114.05],[49.23,114.03],[49.26,114.01],[49.28,114.0],[49.3,113.99],[49.32,113.98],[49.34,113.97],[49.37,113.96],[49.41,113.94],[49.44,113.92],[49.47,113.91],[49.48,113.9],[49.49,113.9],[49.5,113.89],[49.53,113.88],[49.56,113.87],[49.6,113.85],[49.63,113.84],[49.65,113.83],[49.67,113.82],[49.68,113.82],[49.69,113.81],[49.72,113.8],[49.75,113.79],[49.78,113.77],[49.82,113.76],[49.84,113.75],[49.86,113.74],[49.88,113.73],[49.9,113.73],[49.93,113.71],[49.97,113.7],[50.0,113.69],[50.03,113.68],[50.04,113.67],[50.05,113.67],[50.07,113.66],[50.09,113.66],[50.12,113.65],[50.16,113.63],[50.19,113.62],[50.22,113.61],[50.24,113.61],[50.26,113.6],[50.28,113.59],[50.32,113.59],[50.35,113.57],[50.39,113.56],[50.41,113.56],[50.43,113.55],[50.44,113.55],[50.45,113.55],[50.47,113.54],[50.5,113.53],[50.54,113.52],[50.58,113.51],[50.61,113.5],[50.64,113.49],[50.68,113.48],[50.71,113.47],[50.74,113.47],[50.78,113.46],[50.81,113.45],[50.84,113.44],[50.87,113.43],[50.91,113.41],[50.94,113.4],[50.97,113.39],[51.0,113.38],[51.04,113.37],[51.07,113.36],[51.1,113.35],[51.13,113.34],[51.17,113.33],[51.2,113.31],[51.23,113.3],[51.26,113.29],[51.29,113.28],[51.33,113.26],[51.36,113.25],[51.39,113.24],[51.42,113.23],[51.45,113.21],[51.49,113.2],[51.52,113.19],[51.55,113.17],[51.59,113.16],[51.61,113.14],[51.63,113.14],[51.65,113.13],[51.66,113.12],[51.69,113.11],[51.72,113.1],[51.75,113.09],[51.78,113.07],[51.8,113.07],[51.82,113.06],[51.83,113.05],[51.86,113.04],[51.89,113.03],[51.92,113.02],[51.95,113.01],[51.97,113.0],[51.99,112.99],[52.01,112.99],[52.03,112.98],[52.06,112.97],[52.09,112.95],[52.12,112.94],[52.14,112.94],[52.16,112.93],[52.18,112.92],[52.2,112.92],[52.23,112.91],[52.27,112.89],[52.3,112.88],[52.32,112.88],[52.33,112.87],[52.34,112.87],[52.35,112.87],[52.37,112.86],[52.4,112.85],[52.44,112.84],[52.47,112.83],[52.49,112.82],[52.51,112.82],[52.51,112.81],[52.53,112.81],[52.55,112.8],[52.58,112.8],[52.62,112.78],[52.65,112.77],[52.67,112.77],[52.68,112.76],[52.69,112.76],[52.7,112.76],[52.72,112.75],[52.75,112.74],[52.79,112.73],[52.82,112.73],[52.84,112.72],[52.86,112.72],[52.86,112.71],[52.88,112.71],[52.9,112.71],[52.93,112.7],[52.97,112.69],[53.0,112.68],[53.02,112.68],[53.03,112.67],[53.04,112.67],[53.06,112.66],[53.09,112.66],[53.13,112.65],[53.16,112.64],[53.18,112.64],[53.19,112.63],[53.2,112.63],[53.22,112.63],[53.25,112.62],[53.29,112.61],[53.32,112.6],[53.34,112.6],[53.35,112.59],[53.37,112.59],[53.39,112.59],[53.42,112.58],[53.45,112.57],[53.48,112.56],[53.5,112.56],[53.51,112.56],[53.52,112.56],[53.53,112.55],[53.55,112.55],[53.58,112.54],[53.62,112.53],[53.65,112.53],[53.67,112.52],[53.68,112.52],[53.69,112.52],[53.71,112.51],[53.74,112.51],[53.78,112.5],[53.81,112.49],[53.83,112.49],[53.84,112.48],[53.85,112.48],[53.87,112.48],[53.9,112.47],[53.94,112.46],[53.97,112.46],[53.99,112.45],[54.0,112.45],[54.01,112.45],[54.03,112.44],[54.06,112.44],[54.1,112.43],[54.13,112.42],[54.15,112.42],[54.16,112.42],[54.17,112.42],[54.18,112.41],[54.2,112.41],[54.23,112.4],[54.27,112.4],[54.3,112.39],[54.33,112.38],[54.35,112.38],[54.36,112.38],[54.38,112.37],[54.41,112.37],[54.44,112.36],[54.48,112.36],[54.51,112.35],[54.54,112.35],[54.56,112.35],[54.57,112.35],[54.59,112.34],[54.62,112.34],[54.65,112.34],[54.69,112.33],[54.73,112.33],[54.75,112.33],[54.77,112.33],[54.79,112.32],[54.81,112.32],[54.84,112.32],[54.87,112.32],[54.91,112.32],[54.94,112.32],[54.97,112.32],[54.99,112.32],[55.0,112.32],[55.03,112.31],[55.05,112.31],[55.09,112.31],[55.12,112.32],[55.16,112.32],[55.18,112.32],[55.2,112.32],[55.22,112.32],[55.24,112.32],[55.27,112.32],[55.3,112.32],[55.34,112.32],[55.37,112.33],[55.4,112.33],[55.42,112.33],[55.43,112.33],[55.46,112.33],[55.48,112.33],[55.52,112.34],[55.55,112.34],[55.59,112.35],[55.61,112.35],[55.63,112.35],[55.65,112.35],[55.67,112.36],[55.7,112.36],[55.73,112.37],[55.77,112.37],[55.8,112.38],[55.83,112.38],[55.85,112.39],[55.86,112.39],[55.88,112.39],[55.91,112.4],[55.94,112.4],[55.98,112.41],[56.01,112.42],[56.05,112.43],[56.09,112.44],[56.12,112.44],[56.16,112.45],[56.2,112.46],[56.23,112.47],[56.27,112.47],[56.31,112.48],[56.34,112.49],[56.38,112.5],[56.42,112.5],[56.45,112.51],[56.49,112.52],[56.53,112.52],[56.56,112.53],[56.6,112.54],[56.64,112.54],[56.67,112.55],[56.71,112.56],[56.75,112.56],[56.78,112.57],[56.82,112.57],[56.86,112.58],[56.89,112.59],[56.93,112.59],[56.97,112.6],[57.0,112.6],[57.04,112.61],[57.08,112.62],[57.11,112.62],[57.15,112.63],[57.19,112.63],[57.22,112.64],[57.26,112.64],[57.3,112.65],[57.33,112.65],[57.37,112.66],[57.41,112.66],[57.44,112.67],[57.48,112.67],[57.52,112.68],[57.55,112.68],[57.59,112.69],[57.63,112.69],[57.67,112.7],[57.7,112.7],[57.74,112.71],[57.78,112.71],[57.81,112.71],[57.85,112.72],[57.89,112.72],[57.92,112.73],[57.96,112.73],[58.0,112.73],[58.03,112.74],[58.07,112.74],[58.11,112.74],[58.14,112.75],[58.18,112.75],[58.22,112.75],[58.26,112.76],[58.29,112.76],[58.33,112.76],[58.36,112.77],[58.38,112.77],[58.39,112.77],[58.4,112.77],[58.42,112.77],[58.45,112.77],[58.49,112.78],[58.52,112.78],[58.54,112.78],[58.55,112.78],[58.56,112.78],[58.58,112.79],[58.61,112.79],[58.65,112.79],[58.68,112.8],[58.7,112.8],[58.71,112.8],[58.72,112.8],[58.74,112.8],[58.77,112.8],[58.81,112.81],[58.84,112.81],[58.86,112.81],[58.87,112.81],[58.89,112.81],[58.91,112.82],[58.94,112.82],[58.97,112.82],[59.0,112.83],[59.02,112.83],[59.03,112.83],[59.04,112.83],[59.05,112.83],[59.07,112.83],[59.1,112.83],[59.14,112.84],[59.17,112.84],[59.19,112.84],[59.2,112.84],[59.21,112.85],[59.23,112.85],[59.26,112.85],[59.3,112.86],[59.33,112.86],[59.35,112.86],[59.36,112.86],[59.37,112.86],[59.39,112.86],[59.42,112.87],[59.46,112.87],[59.49,112.88],[59.51,112.88],[59.52,112.88],[59.53,112.88],[59.55,112.88],[59.57,112.88],[59.61,112.89],[59.64,112.89],[59.67,112.89],[59.7,112.9],[59.73,112.9],[59.76,112.9],[59.79,112.9],[59.82,112.9],[59.85,112.91],[59.88,112.91],[59.91,112.91],[59.94,112.91],[59.97,112.91],[59.99,112.91],[60.02,112.91],[60.05,112.91],[60.08,112.91],[60.11,112.91],[60.14,112.9],[60.17,112.9],[60.2,112.9],[60.23,112.9],[60.26,112.9],[60.29,112.89],[60.32,112.89],[60.35,112.89],[60.38,112.88],[60.41,112.88],[60.44,112.88],[60.47,112.87],[60.5,112.87],[60.53,112.86],[60.57,112.86],[60.6,112.85],[60.64,112.84],[60.68,112.84],[60.71,112.83],[60.75,112.82],[60.79,112.82],[60.83,112.81],[60.87,112.81],[60.9,112.8],[60.94,112.79],[60.98,112.78],[61.02,112.78],[61.06,112.77],[61.09,112.76],[61.13,112.76],[61.17,112.75],[61.21,112.74],[61.25,112.74],[61.28,112.73],[61.32,112.72],[61.36,112.71],[61.4,112.71],[61.44,112.7],[61.47,112.69],[61.51,112.68],[61.55,112.68],[61.59,112.67],[61.63,112.66],[61.66,112.65],[61.7,112.65],[61.74,112.64],[61.77,112.63],[61.81,112.63],[61.84,112.62],[61.87,112.61],[61.9,112.6],[61.94,112.6],[61.97,112.59],[62.0,112.58],[62.03,112.57],[62.06,112.56],[62.09,112.56],[62.13,112.55],[62.16,112.54],[62.19,112.53],[62.22,112.52],[62.25,112.51],[62.28,112.5],[62.31,112.49],[62.34,112.48],[62.38,112.47],[62.41,112.46],[62.44,112.45],[62.47,112.44],[62.5,112.43],[62.53,112.42],[62.56,112.4],[62.59,112.39],[62.62,112.38],[62.65,112.37],[62.68,112.36],[62.72,112.34],[62.75,112.33],[62.78,112.32],[62.81,112.3],[62.83,112.3],[62.84,112.29],[62.85,112.29],[62.87,112.28],[62.9,112.27],[62.93,112.25],[62.96,112.24],[62.98,112.23],[62.99,112.23],[63.0,112.22],[63.02,112.22],[63.05,112.2],[63.09,112.19],[63.12,112.18],[63.13,112.17],[63.15,112.17],[63.15,112.16],[63.16,112.16],[63.18,112.15],[63.21,112.14],[63.24,112.13],[63.27,112.12],[63.29,112.11],[63.3,112.1],[63.31,112.1],[63.33,112.09],[63.36,112.08],[63.4,112.07],[63.43,112.05],[63.45,112.05],[63.46,112.04],[63.47,112.04],[63.49,112.03],[63.52,112.02],[63.55,112.0],[63.58,111.99],[63.6,111.99],[63.61,111.98],[63.62,111.98],[63.63,111.98],[63.65,111.97],[63.67,111.96],[63.71,111.95],[63.74,111.93],[63.76,111.93],[63.77,111.92],[63.78,111.92],[63.8,111.91],[63.83,111.9],[63.87,111.89],[63.9,111.88],[63.92,111.87],[63.93,111.87],[63.93,111.86],[63.94,111.86],[63.96,111.85],[63.99,111.84],[64.03,111.83],[64.06,111.82],[64.08,111.81],[64.1,111.8],[64.12,111.8],[64.14,111.79],[64.18,111.78],[64.22,111.77],[64.25,111.75],[64.27,111.75],[64.29,111.74],[64.3,111.74],[64.31,111.73],[64.34,111.73],[64.37,111.72],[64.41,111.71],[64.44,111.7],[64.47,111.69],[64.48,111.68],[64.49,111.68],[64.51,111.68],[64.53,111.67],[64.57,111.66],[64.61,111.65],[64.64,111.64],[64.67,111.64],[64.68,111.63],[64.69,111.63],[64.71,111.63],[64.73,111.62],[64.77,111.61],[64.81,111.6],[64.85,111.59],[64.87,111.59],[64.89,111.58],[64.9,111.58],[64.91,111.58],[64.94,111.57],[64.98,111.57],[65.02,111.56],[65.06,111.55],[65.08,111.55],[65.1,111.54],[65.11,111.54],[65.12,111.54],[65.15,111.53],[65.19,111.53],[65.23,111.52],[65.27,111.51],[65.3,111.51],[65.31,111.5],[65.32,111.5],[65.34,111.5],[65.37,111.5],[65.4,111.49],[65.45,111.48],[65.49,111.48],[65.52,111.47],[65.53,111.47],[65.54,111.47],[65.56,111.47],[65.58,111.46],[65.62,111.46],[65.67,111.45],[65.72,111.44],[65.77,111.44],[65.81,111.43],[65.86,111.42],[65.91,111.42],[65.95,111.41],[66.0,111.4],[66.04,111.4],[66.09,111.39],[66.14,111.38],[66.18,111.37],[66.23,111.37],[66.28,111.36],[66.32,111.35],[66.37,111.34],[66.41,111.33],[66.46,111.32],[66.51,111.32],[66.55,111.31],[66.6,111.3],[66.65,111.29],[66.69,111.28],[66.74,111.27],[66.78,111.26],[66.83,111.25],[66.88,111.24],[66.92,111.23],[66.97,111.22],[67.01,111.21],[67.06,111.2],[67.11,111.19],[67.15,111.18],[67.19,111.17],[67.22,111.16],[67.24,111.16],[67.26,111.15],[67.29,111.15],[67.33,111.14],[67.38,111.13],[67.41,111.12],[67.44,111.12],[67.46,111.11],[67.47,111.11],[67.48,111.11],[67.51,111.1],[67.55,111.1],[67.6,111.09],[67.64,111.08],[67.67,111.07],[67.68,111.07],[67.69,111.07],[67.71,111.07],[67.74,111.06],[67.77,111.06],[67.82,111.05],[67.86,111.04],[67.89,111.04],[67.91,111.04],[67.92,111.03],[67.93,111.03],[67.96,111.03],[68.0,111.02],[68.05,111.02],[68.09,111.01],[68.12,111.01],[68.13,111.0],[68.14,111.0],[68.16,111.0],[68.19,111.0],[68.23,110.99],[68.28,110.99],[68.32,110.98],[68.34,110.98],[68.36,110.98],[68.37,110.98],[68.39,110.98],[68.41,110.97],[68.45,110.97],[68.5,110.97],[68.54,110.96],[68.57,110.96],[68.59,110.96],[68.6,110.96],[68.61,110.96],[68.64,110.96],[68.68,110.95],[68.73,110.95],[68.77,110.95],[68.8,110.95],[68.82,110.94],[68.84,110.94],[68.87,110.94],[68.91,110.94],[68.96,110.94],[69.01,110.94],[69.06,110.93],[69.11,110.93],[69.16,110.93],[69.21,110.93],[69.26,110.93],[69.31,110.92],[69.36,110.92],[69.41,110.92],[69.47,110.92],[69.52,110.92],[69.57,110.91],[69.62,110.91],[69.67,110.91],[69.72,110.91],[69.77,110.91],[69.82,110.9],[69.87,110.9],[69.92,110.9],[69.97,110.9],[70.02,110.9],[70.07,110.9],[70.12,110.89],[70.17,110.89],[70.22,110.89],[70.28,110.89],[70.33,110.89],[70.38,110.88],[70.42,110.88],[70.47,110.88],[70.52,110.88],[70.56,110.88],[70.6,110.88],[70.64,110.87],[70.67,110.87],[70.71,110.87],[70.74,110.86],[70.78,110.86],[70.81,110.86],[70.85,110.85],[70.88,110.85],[70.91,110.84],[70.95,110.83],[70.98,110.83],[71.01,110.82],[71.05,110.81],[71.08,110.8],[71.12,110.79],[71.15,110.79],[71.18,110.78],[71.22,110.77],[71.25,110.75],[71.29,110.74],[71.32,110.73],[71.35,110.72],[71.39,110.71],[71.42,110.69],[71.46,110.68],[71.49,110.66],[71.52,110.65],[71.56,110.63],[71.6,110.62],[71.64,110.6],[71.68,110.58],[71.71,110.56],[71.73,110.55],[71.74,110.54],[71.75,110.54],[71.76,110.53],[71.79,110.52],[71.82,110.5],[71.87,110.48],[71.91,110.46],[71.93,110.45],[71.95,110.44],[71.97,110.44],[71.99,110.42],[72.03,110.41],[72.08,110.38],[72.11,110.37],[72.14,110.36],[72.15,110.35],[72.16,110.35],[72.17,110.34],[72.2,110.33],[72.23,110.31],[72.28,110.29],[72.32,110.27],[72.35,110.26],[72.36,110.26],[72.36,110.25],[72.38,110.25],[72.4,110.24],[72.44,110.22],[72.49,110.2],[72.53,110.18],[72.55,110.17],[72.57,110.17],[72.57,110.16],[72.59,110.16],[72.61,110.15],[72.65,110.13],[72.7,110.11],[72.74,110.09],[72.76,110.08],[72.78,110.08],[72.79,110.07],[72.82,110.06],[72.86,110.04],[72.91,110.02],[72.95,110.01],[72.97,110.0],[72.99,109.99],[73.0,109.99],[73.03,109.98],[73.07,109.96],[73.12,109.94],[73.16,109.93],[73.18,109.92],[73.2,109.91],[73.22,109.9],[73.24,109.89],[73.28,109.88],[73.33,109.86],[73.37,109.85],[73.39,109.84],[73.41,109.83],[73.42,109.83],[73.45,109.82],[73.49,109.8],[73.54,109.78],[73.57,109.77],[73.6,109.76],[73.61,109.76],[73.63,109.75],[73.65,109.74],[73.69,109.73],[73.74,109.71],[73.78,109.7],[73.81,109.69],[73.82,109.68],[73.83,109.68],[73.86,109.67],[73.9,109.65],[73.95,109.64],[73.99,109.62],[74.01,109.61],[74.03,109.61],[74.04,109.6],[74.07,109.6],[74.11,109.58],[74.16,109.56],[74.19,109.55],[74.22,109.54],[74.23,109.54],[74.25,109.53],[74.27,109.52],[74.31,109.51],[74.36,109.49],[74.4,109.48],[74.43,109.47],[74.44,109.47],[74.46,109.46],[74.48,109.45],[74.52,109.44],[74.57,109.42],[74.61,109.41],[74.63,109.4],[74.65,109.4],[74.66,109.39],[74.69,109.39],[74.73,109.37],[74.78,109.36],[74.82,109.34],[74.84,109.34],[74.86,109.33],[74.87,109.33],[74.9,109.32],[74.94,109.31],[74.99,109.29],[75.03,109.28],[75.06,109.27],[75.07,109.26],[75.08,109.26],[75.1,109.26],[75.12,109.25],[75.16,109.24],[75.21,109.22],[75.25,109.21],[75.28,109.2],[75.3,109.2],[75.3,109.19],[75.32,109.19],[75.35,109.18],[75.39,109.17],[75.44,109.16],[75.48,109.15],[75.51,109.14],[75.53,109.13],[75.55,109.13],[75.58,109.12],[75.62,109.11],[75.67,109.1],[75.71,109.09],[75.74,109.08],[75.75,109.08],[75.76,109.08],[75.78,109.07],[75.81,109.07],[75.85,109.06],[75.9,109.04],[75.94,109.04],[75.97,109.03],[75.98,109.03],[75.99,109.02],[76.01,109.02],[76.04,109.01],[76.08,109.01],[76.13,109.0],[76.17,108.99],[76.2,108.98],[76.21,108.98],[76.22,108.98],[76.24,108.97],[76.27,108.97],[76.31,108.96],[76.36,108.95],[76.4,108.94],[76.43,108.94],[76.45,108.93],[76.47,108.93],[76.5,108.93],[76.54,108.92],[76.59,108.91],[76.63,108.9],[76.66,108.9],[76.68,108.9],[76.69,108.9],[76.7,108.89],[76.72,108.89],[76.76,108.89],[76.8,108.88],[76.84,108.87],[76.87,108.87],[76.9,108.86],[76.93,108.86],[76.96,108.85],[76.99,108.84],[77.01,108.84],[77.04,108.83],[77.06,108.82],[77.08,108.81],[77.11,108.8],[77.13,108.79],[77.15,108.79],[77.17,108.78],[77.19,108.77],[77.21,108.76],[77.23,108.75],[77.24,108.74],[77.26,108.73],[77.28,108.72],[77.3,108.71],[77.31,108.7],[77.33,108.68],[77.34,108.67],[77.36,108.66],[77.37,108.65],[77.39,108.63],[77.4,108.62],[77.42,108.6],[77.44,108.58],[77.46,108.56],[77.48,108.54],[77.5,108.51],[77.53,108.48],[77.56,108.45],[77.59,108.42],[77.61,108.39],[77.64,108.36],[77.67,108.32],[77.7,108.29],[77.73,108.26],[77.76,108.22],[77.79,108.19],[77.81,108.16],[77.84,108.12],[77.87,108.09],[77.9,108.06],[77.92,108.02],[77.95,107.99],[77.98,107.95],[78.01,107.92],[78.03,107.89],[78.06,107.85],[78.09,107.82],[78.12,107.78],[78.14,107.75],[78.17,107.72],[78.2,107.68],[78.22,107.65],[78.25,107.61],[78.27,107.58],[78.3,107.54],[78.33,107.51],[78.35,107.47],[78.38,107.44],[78.4,107.4],[78.43,107.37],[78.46,107.33],[78.48,107.29],[78.51,107.26],[78.53,107.22],[78.56,107.19],[78.58,107.15],[78.61,107.11],[78.63,107.08],[78.66,107.04],[78.68,107.01],[78.71,106.97],[78.73,106.93],[78.76,106.9],[78.78,106.86],[78.81,106.82],[78.83,106.79],[78.85,106.75],[78.88,106.71],[78.9,106.68],[78.92,106.64],[78.95,106.6],[78.97,106.57],[79.0,106.53],[79.02,106.49],[79.04,106.46],[79.07,106.42],[79.09,106.38],[79.11,106.34],[79.14,106.3],[79.15,106.27],[79.17,106.25],[79.17,106.24],[79.18,106.23],[79.19,106.21],[79.21,106.18],[79.23,106.14],[79.25,106.11],[79.26,106.09],[79.27,106.08],[79.28,106.07],[79.29,106.05],[79.31,106.02],[79.33,105.98],[79.35,105.95],[79.36,105.93],[79.37,105.92],[79.38,105.91],[79.39,105.89],[79.41,105.86],[79.43,105.82],[79.45,105.79],[79.46,105.77],[79.47,105.76],[79.48,105.74],[79.49,105.72],[79.51,105.69],[79.53,105.65],[79.55,105.62],[79.56,105.6],[79.57,105.59],[79.58,105.58],[79.59,105.56],[79.61,105.53],[79.63,105.49],[79.65,105.46],[79.67,105.44],[79.67,105.43],[79.68,105.42],[79.69,105.4],[79.71,105.37],[79.73,105.33],[79.75,105.3],[79.77,105.28],[79.77,105.27],[79.78,105.26],[79.79,105.24],[79.81,105.21],[79.84,105.17],[79.85,105.14],[79.87,105.12],[79.87,105.11],[79.88,105.1],[79.89,105.08],[79.91,105.05],[79.93,105.01],[79.95,104.98],[79.98,104.94],[80.0,104.91],[80.02,104.88],[80.04,104.84],[80.06,104.81],[80.07,104.78],[80.09,104.74],[80.11,104.71],[80.13,104.68],[80.15,104.64],[80.16,104.61],[80.18,104.58],[80.2,104.54],[80.21,104.51],[80.23,104.48],[80.24,104.45],[80.26,104.41],[80.27,104.38],[80.29,104.35],[80.3,104.32],[80.32,104.29],[80.33,104.25],[80.34,104.22],[80.36,104.19],[80.37,104.16],[80.38,104.13],[80.39,104.09],[80.41,104.06],[80.42,104.03],[80.43,103.99],[80.44,103.96],[80.45,103.93],[80.46,103.91],[80.46,103.9],[80.47,103.89],[80.48,103.86],[80.49,103.83],[80.5,103.79],[80.51,103.76],[80.52,103.74],[80.52,103.73],[80.53,103.72],[80.54,103.7],[80.55,103.67],[80.56,103.63],[80.57,103.6],[80.58,103.57],[80.58,103.56],[80.59,103.55],[80.6,103.53],[80.61,103.5],[80.62,103.46],[80.63,103.43],[80.64,103.41],[80.65,103.4],[80.65,103.39],[80.65,103.38],[80.66,103.36],[80.67,103.33],[80.69,103.29],[80.7,103.26],[80.71,103.24],[80.71,103.23],[80.72,103.22],[80.72,103.19],[80.74,103.16],[80.75,103.13],[80.76,103.1],[80.77,103.07],[80.77,103.06],[80.78,103.06],[80.78,103.05],[80.79,103.03],[80.8,103.0],[80.82,102.96],[80.83,102.93],[80.84,102.91],[80.84,102.9],[80.84,102.89],[80.85,102.88],[80.85,102.86],[80.87,102.83],[80.88,102.79],[80.9,102.76],[80.9,102.74],[80.91,102.73],[80.91,102.72],[80.92,102.7],[80.94,102.67],[80.95,102.63],[80.97,102.59],[80.98,102.55],[81.0,102.51],[81.02,102.47],[81.03,102.43],[81.05,102.39],[81.07,102.35],[81.08,102.32],[81.1,102.28],[81.11,102.24],[81.13,102.2],[81.15,102.16],[81.16,102.12],[81.18,102.08],[81.2,102.04],[81.21,102.0],[81.23,101.96],[81.25,101.92],[81.26,101.88],[81.28,101.85],[81.29,101.81],[81.31,101.77],[81.33,101.73],[81.34,101.69],[81.36,101.65],[81.38,101.61],[81.39,101.57],[81.41,101.53],[81.43,101.49],[81.44,101.45],[81.46,101.42],[81.47,101.38],[81.49,101.35],[81.5,101.33],[81.5,101.31],[81.51,101.3],[81.51,101.28],[81.53,101.25],[81.54,101.21],[81.56,101.18],[81.57,101.16],[81.57,101.15],[81.58,101.13],[81.59,101.11],[81.6,101.08],[81.62,101.05],[81.63,101.02],[81.64,100.99],[81.64,100.98],[81.65,100.97],[81.66,100.95],[81.67,100.92],[81.69,100.88],[81.7,100.85],[81.71,100.83],[81.72,100.82],[81.72,100.81],[81.73,100.79],[81.75,100.76],[81.76,100.72],[81.78,100.69],[81.79,100.67],[81.79,100.66],[81.79,100.65],[81.8,100.64],[81.81,100.62],[81.82,100.59],[81.84,100.55],[81.85,100.52],[81.86,100.5],[81.87,100.49],[81.88,100.48],[81.89,100.46],[81.9,100.43],[81.92,100.39],[81.93,100.36],[81.94,100.34],[81.95,100.33],[81.95,100.32],[81.96,100.3],[81.98,100.27],[82.0,100.23],[82.01,100.2],[82.02,100.18],[82.03,100.17],[82.03,100.16],[82.04,100.14],[82.05,100.11],[82.07,100.08],[82.09,100.05],[82.1,100.02],[82.12,99.99],[82.13,99.96],[82.14,99.93],[82.16,99.9],[82.17,99.87],[82.18,99.84],[82.19,99.81],[82.21,99.78],[82.22,99.75],[82.23,99.72],[82.24,99.69],[82.25,99.66],[82.26,99.63],[82.27,99.6],[82.28,99.56],[82.29,99.53],[82.3,99.5],[82.31,99.47],[82.32,99.44],[82.33,99.41],[82.34,99.38],[82.35,99.34],[82.36,99.31],[82.36,99.28],[82.37,99.25],[82.38,99.21],[82.39,99.18],[82.39,99.15],[82.4,99.11],[82.41,99.07],[82.41,99.04],[82.42,99.0],[82.43,98.96],[82.44,98.92],[82.44,98.89],[82.45,98.85],[82.46,98.81],[82.46,98.77],[82.47,98.73],[82.47,98.69],[82.48,98.65],[82.49,98.62],[82.49,98.58],[82.5,98.54],[82.5,98.5],[82.51,98.46],[82.51,98.42],[82.52,98.38],[82.52,98.34],[82.53,98.31],[82.53,98.27],[82.53,98.23],[82.54,98.19],[82.54,98.15],[82.55,98.11],[82.55,98.07],[82.55,98.03],[82.56,97.99],[82.56,97.95],[82.56,97.91],[82.57,97.87],[82.57,97.83],[82.57,97.8],[82.57,97.78],[82.57,97.77],[82.57,97.75],[82.58,97.73],[82.58,97.7],[82.58,97.65],[82.59,97.62],[82.59,97.6],[82.59,97.59],[82.59,97.57],[82.59,97.55],[82.59,97.52],[82.6,97.47],[82.6,97.44],[82.6,97.42],[82.6,97.41],[82.6,97.39],[82.61,97.37],[82.61,97.34],[82.61,97.29],[82.62,97.26],[82.62,97.24],[82.62,97.23],[82.62,97.21],[82.62,97.19],[82.63,97.16],[82.63,97.11],[82.63,97.08],[82.63,97.06],[82.64,97.05],[82.64,97.03],[82.64,97.01],[82.64,96.98],[82.65,96.93],[82.65,96.9],[82.65,96.88],[82.65,96.87],[82.66,96.85],[82.66,96.83],[82.66,96.8],[82.67,96.76],[82.67,96.72],[82.67,96.7],[82.67,96.69],[82.68,96.67],[82.68,96.65],[82.68,96.62],[82.69,96.58],[82.69,96.54],[82.69,96.52],[82.69,96.51],[82.7,96.49],[82.7,96.47],[82.7,96.44],[82.71,96.4],[82.71,96.36],[82.71,96.34],[82.72,96.33],[82.72,96.32],[82.72,96.31],[82.72,96.29],[82.72,96.26],[82.73,96.21],[82.73,96.18],[82.74,96.16],[82.74,96.14],[82.74,96.13],[82.74,96.11],[82.75,96.07],[82.76,96.03],[82.76,96.0],[82.76,95.97],[82.76,95.96],[82.77,95.96],[82.77,95.95],[82.77,95.92],[82.78,95.89],[82.78,95.85],[82.79,95.81],[82.79,95.79],[82.79,95.78],[82.79,95.76],[82.8,95.74],[82.8,95.71],[82.81,95.66],[82.82,95.63],[82.82,95.61],[82.82,95.6],[82.82,95.59],[82.82,95.58],[82.83,95.56],[82.83,95.52],[82.84,95.48],[82.85,95.45],[82.85,95.43],[82.85,95.41],[82.85,95.4],[82.86,95.38],[82.86,95.34],[82.87,95.3],[82.88,95.27],[82.88,95.24],[82.88,95.23],[82.89,95.22],[82.89,95.19],[82.9,95.16],[82.91,95.12],[82.91,95.09],[82.92,95.06],[82.92,95.05],[82.92,95.04],[82.92,95.02],[82.93,94.99],[82.94,94.96],[82.94,94.93],[82.95,94.9],[82.95,94.88],[82.95,94.85],[82.96,94.83],[82.96,94.81],[82.96,94.79],[82.96,94.77],[82.96,94.75],[82.96,94.73],[82.96,94.71],[82.96,94.69],[82.96,94.67],[82.96,94.65],[82.96,94.63],[82.96,94.61],[82.96,94.59],[82.95,94.57],[82.95,94.56],[82.95,94.54],[82.94,94.52],[82.94,94.5],[82.94,94.48],[82.93,94.46],[82.93,94.45],[82.92,94.43],[82.92,94.41],[82.91,94.39],[82.9,94.37],[82.89,94.35],[82.88,94.32],[82.87,94.3],[82.86,94.27],[82.85,94.24],[82.84,94.21],[82.82,94.17],[82.81,94.14],[82.79,94.11],[82.78,94.07],[82.76,94.04],[82.75,94.01],[82.73,93.97],[82.72,93.94],[82.7,93.91],[82.68,93.87],[82.67,93.84],[82.65,93.81],[82.64,93.77],[82.62,93.74],[82.6,93.71],[82.59,93.67],[82.57,93.64],[82.55,93.61],[82.54,93.58],[82.52,93.54],[82.5,93.51],[82.49,93.48],[82.47,93.45],[82.45,93.41],[82.43,93.38],[82.42,93.35],[82.4,93.32],[82.38,93.28],[82.36,93.25],[82.34,93.22],[82.33,93.2],[82.32,93.18],[82.32,93.17],[82.31,93.16],[82.3,93.13],[82.28,93.1],[82.26,93.07],[82.25,93.04],[82.24,93.01],[82.23,93.0],[82.22,92.99],[82.21,92.97],[82.2,92.95],[82.19,92.92],[82.17,92.88],[82.16,92.85],[82.15,92.82],[82.14,92.81],[82.13,92.8],[82.13,92.78],[82.12,92.76],[82.1,92.73],[82.09,92.69],[82.08,92.66],[82.07,92.63],[82.06,92.62],[82.05,92.61],[82.05,92.59],[82.04,92.56],[82.03,92.53],[82.01,92.49],[82.0,92.46],[81.99,92.44],[81.99,92.42],[81.98,92.41],[81.98,92.39],[81.97,92.37],[81.96,92.34],[81.94,92.3],[81.93,92.27],[81.93,92.24],[81.92,92.22],[81.92,92.21],[81.91,92.19],[81.9,92.17],[81.89,92.14],[81.88,92.1],[81.87,92.07],[81.87,92.04],[81.86,92.02],[81.86,92.01],[81.85,91.99],[81.85,91.97],[81.84,91.94],[81.83,91.9],[81.82,91.86],[81.82,91.84],[81.81,91.82],[81.81,91.81],[81.81,91.79],[81.8,91.77],[81.79,91.74],[81.79,91.7],[81.78,91.66],[81.77,91.63],[81.76,91.59],[81.75,91.56],[81.75,91.52],[81.74,91.49],[81.73,91.45],[81.72,91.42],[81.71,91.39],[81.7,91.35],[81.7,91.32],[81.69,91.28],[81.68,91.25],[81.67,91.22],[81.66,91.18],[81.65,91.15],[81.64,91.12],[81.63,91.08],[81.62,91.05],[81.61,91.02],[81.59,90.98],[81.58,90.95],[81.57,90.92],[81.56,90.88],[81.55,90.85],[81.54,90.82],[81.53,90.78],[81.51,90.75],[81.5,90.72],[81.49,90.69],[81.48,90.66],[81.47,90.63],[81.46,90.6],[81.44,90.57],[81.43,90.55],[81.42,90.53],[81.41,90.5],[81.4,90.48],[81.39,90.46],[81.38,90.44],[81.37,90.42],[81.36,90.4],[81.35,90.38],[81.34,90.36],[81.33,90.34],[81.32,90.32],[81.3,90.31],[81.29,90.29],[81.28,90.27],[81.27,90.26],[81.26,90.24],[81.25,90.23],[81.24,90.21],[81.23,90.2],[81.22,90.19],[81.21,90.18],[81.2,90.16],[81.18,90.15],[81.17,90.14],[81.16,90.13],[81.15,90.12],[81.14,90.1],[81.12,90.09],[81.11,90.08],[81.09,90.06],[81.07,90.04],[81.05,90.03],[81.03,90.01],[81.01,89.99],[80.98,89.97],[80.96,89.95],[80.94,89.94],[80.92,89.92],[80.9,89.9],[80.87,89.88],[80.85,89.86],[80.83,89.85],[80.81,89.83],[80.79,89.81],[80.76,89.8],[80.74,89.78],[80.72,89.76],[80.69,89.75],[80.67,89.73],[80.65,89.71],[80.63,89.7],[80.6,89.68],[80.58,89.66],[80.56,89.65],[80.53,89.63],[80.51,89.62],[80.49,89.6],[80.46,89.59],[80.44,89.57],[80.42,89.56],[80.39,89.54],[80.37,89.53],[80.35,89.52],[80.33,89.5],[80.3,89.49],[80.28,89.48],[80.26,89.46],[80.24,89.45],[80.22,89.44],[80.19,89.43],[80.17,89.42],[80.15,89.41],[80.13,89.39],[80.11,89.38],[80.08,89.37],[80.06,89.36],[80.04,89.35],[80.02,89.34],[79.99,89.33],[79.97,89.32],[79.95,89.31],[79.92,89.3],[79.9,89.29],[79.88,89.28],[79.85,89.27],[79.83,89.26],[79.81,89.26],[79.78,89.25],[79.76,89.24],[79.73,89.23],[79.71,89.22],[79.68,89.21],[79.65,89.2],[79.63,89.2],[79.61,89.19],[79.6,89.19],[79.59,89.18],[79.57,89.18],[79.55,89.17],[79.51,89.16],[79.49,89.15],[79.47,89.14],[79.46,89.14],[79.44,89.13],[79.43,89.13],[79.4,89.12],[79.37,89.11],[79.34,89.1],[79.33,89.09],[79.31,89.09],[79.3,89.08],[79.28,89.08],[79.26,89.07],[79.22,89.06],[79.2,89.05],[79.18,89.04],[79.17,89.04],[79.17,89.03],[79.16,89.03],[79.14,89.02],[79.11,89.01],[79.08,89.0],[79.06,88.99],[79.04,88.99],[79.03,88.98],[79.02,88.98],[79.01,88.98],[79.0,88.97],[78.97,88.96],[78.94,88.95],[78.91,88.94],[78.9,88.93],[78.89,88.93],[78.88,88.92],[78.87,88.92],[78.85,88.91],[78.83,88.9],[78.8,88.89],[78.78,88.88]]},"properties":{"l":"road","c":"primary","n":"Harbor Drive"}},{"type":"Feature","geometry":{"type":"LineString","coordinates":[[77.05,88.16],[77.03,88.15],[76.98,88.13],[76.95,88.12],[76.93,88.11],[76.92,88.1],[76.9,88.1],[76.88,88.09],[76.85,88.08],[76.8,88.06],[76.77,88.04],[76.75,88.03],[76.74,88.03],[76.73,88.03],[76.72,88.02],[76.7,88.01],[76.67,88.0],[76.62,87.98],[76.59,87.97],[76.57,87.96],[76.56,87.95],[76.55,87.95],[76.54,87.95],[76.52,87.94],[76.49,87.93],[76.44,87.91],[76.41,87.89],[76.39,87.88],[76.38,87.88],[76.37,87.88],[76.36,87.87],[76.34,87.86],[76.31,87.85],[76.26,87.83],[76.23,87.82],[76.21,87.81],[76.2,87.8],[76.18,87.79],[76.16,87.79],[76.13,87.77],[76.08,87.75],[76.05,87.74],[76.03,87.73],[76.02,87.72],[76.0,87.72],[75.98,87.71],[75.95,87.69],[75.91,87.67],[75.87,87.66],[75.82,87.64],[75.78,87.62],[75.74,87.6],[75.7,87.58],[75.66,87.56],[75.61,87.55],[75.57,87.53],[75.53,87.51],[75.49,87.49],[75.45,87.48],[75.4,87.46],[75.36,87.44],[75.32,87.42],[75.28,87.41],[75.24,87.39],[75.19,87.37],[75.15,87.36],[75.11,87.34],[75.07,87.32],[75.03,87.3],[74.98,87.29],[74.94,87.27],[74.9,87.25],[74.86,87.24],[74.81,87.22],[74.77,87.2],[74.73,87.19],[74.69,87.17],[74.64,87.16],[74.6,87.14],[74.56,87.12],[74.52,87.11],[74.48,87.09],[74.44,87.08],[74.39,87.06],[74.35,87.05],[74.31,87.03],[74.27,87.02],[74.23,87.01],[74.19,86.99],[74.15,86.98],[74.1,86.96],[74.06,86.95],[74.02,86.94],[73.98,86.92],[73.94,86.91],[73.9,86.9],[73.85,86.88],[73.81,86.87],[73.77,86.86],[73.73,86.84],[73.69,86.83],[73.64,86.82],[73.6,86.81],[73.56,86.79],[73.52,86.78],[73.48,86.77],[73.43,86.76],[73.39,86.75],[73.35,86.73],[73.31,86.72],[73.26,86.71],[73.22,86.7],[73.18,86.69],[73.16,86.68],[73.15,86.68],[73.13,86.68],[73.11,86.67],[73.08,86.66],[73.03,86.65],[73.0,86.64],[72.98,86.63],[72.96,86.63],[72.95,86.63],[72.93,86.62],[72.89,86.61],[72.85,86.6],[72.82,86.59],[72.8,86.58],[72.78,86.58],[72.77,86.58],[72.75,86.57],[72.72,86.56],[72.68,86.55],[72.64,86.54],[72.62,86.53],[72.61,86.53],[72.6,86.53],[72.58,86.52],[72.55,86.51],[72.51,86.5],[72.48,86.49],[72.45,86.48],[72.44,86.48],[72.43,86.48],[72.41,86.47],[72.38,86.46],[72.34,86.45],[72.31,86.44],[72.29,86.44],[72.28,86.43],[72.27,86.43],[72.25,86.42],[72.22,86.41],[72.18,86.4],[72.16,86.39],[72.14,86.39],[72.13,86.38],[72.12,86.38],[72.11,86.38],[72.09,86.37],[72.07,86.36],[72.03,86.35],[72.01,86.34],[71.99,86.34],[71.98,86.33],[71.97,86.33],[71.96,86.33],[71.94,86.32],[71.92,86.31],[71.89,86.3],[71.85,86.29],[71.82,86.28],[71.79,86.27],[71.75,86.26],[71.72,86.24],[71.69,86.23],[71.66,86.22],[71.62,86.21],[71.59,86.2],[71.56,86.19],[71.53,86.18],[71.49,86.17],[71.46,86.15],[71.43,86.14],[71.39,86.13],[71.36,86.12],[71.33,86.11],[71.3,86.1],[71.26,86.09],[71.23,86.07],[71.2,86.06],[71.16,86.05],[71.13,86.04],[71.1,86.03],[71.07,86.02],[71.03,86.01],[71.0,85.99],[70.97,85.98],[70.94,85.97],[70.9,85.96],[70.87,85.95],[70.84,85.94],[70.81,85.93],[70.78,85.92],[70.75,85.91],[70.72,85.9],[70.69,85.89],[70.66,85.88],[70.63,85.87],[70.6,85.86],[70.57,85.85],[70.54,85.84],[70.51,85.83],[70.48,85.82],[70.45,85.81],[70.42,85.8],[70.39,85.8],[70.36,85.79],[70.33,85.78],[70.3,85.77],[70.27,85.76],[70.24,85.75],[70.21,85.74],[70.18,85.74],[70.15,85.73],[70.12,85.72],[70.09,85.71],[70.06,85.7],[70.03,85.7],[70.0,85.69],[69.97,85.68],[69.94,85.67],[69.91,85.66],[69.88,85.66],[69.85,85.65],[69.83,85.65],[69.82,85.64],[69.8,85.64],[69.79,85.63],[69.76,85.63],[69.73,85.62],[69.7,85.61],[69.68,85.61],[69.67,85.6],[69.66,85.6],[69.65,85.6],[69.63,85.59],[69.61,85.58],[69.57,85.58],[69.55,85.57],[69.53,85.56],[69.52,85.56],[69.51,85.56],[69.5,85.55],[69.48,85.55],[69.45,85.54],[69.42,85.53],[69.39,85.52],[69.38,85.52],[69.36,85.51],[69.35,85.51],[69.33,85.5],[69.3,85.49],[69.27,85.48],[69.24,85.47],[69.22,85.47],[69.21,85.47],[69.21,85.46],[69.2,85.46],[69.18,85.45],[69.15,85.44],[69.12,85.43],[69.09,85.42],[69.07,85.42],[69.06,85.41],[69.05,85.41],[69.03,85.4],[69.0,85.39],[68.97,85.38],[68.94,85.37],[68.92,85.36],[68.91,85.36],[68.9,85.35],[68.88,85.35],[68.85,85.34],[68.82,85.33],[68.79,85.32],[68.78,85.31],[68.76,85.3],[68.75,85.3],[68.73,85.29],[68.7,85.28],[68.67,85.27],[68.64,85.26],[68.62,85.25],[68.6,85.24],[68.58,85.23],[68.56,85.22],[68.53,85.21],[68.51,85.2],[68.48,85.18],[68.45,85.17],[68.43,85.16],[68.41,85.14],[68.39,85.13],[68.37,85.12],[68.34,85.11],[68.32,85.1],[68.29,85.08],[68.26,85.07],[68.24,85.05],[68.22,85.04],[68.2,85.03],[68.18,85.01],[68.16,85.0],[68.13,84.98],[68.11,84.96],[68.08,84.95],[68.06,84.93],[68.04,84.92],[68.02,84.9],[68.0,84.88],[67.98,84.87],[67.96,84.85],[67.93,84.83],[67.91,84.81],[67.89,84.79],[67.87,84.78],[67.85,84.76],[67.83,84.74],[67.81,84.72],[67.79,84.7],[67.77,84.68],[67.75,84.66],[67.73,84.64],[67.71,84.62],[67.69,84.6],[67.67,84.58],[67.66,84.56],[67.64,84.54],[67.62,84.51],[67.6,84.49],[67.58,84.47],[67.57,84.45],[67.55,84.42],[67.53,84.4],[67.52,84.38],[67.5,84.35],[67.49,84.33],[67.47,84.31],[67.46,84.28],[67.44,84.26],[67.43,84.23],[67.41,84.21],[67.4,84.18],[67.39,84.16],[67.37,84.14],[67.36,84.12],[67.35,84.1],[67.34,84.08],[67.33,84.06],[67.32,84.04],[67.31,84.02],[67.3,84.0],[67.28,83.98],[67.27,83.96],[67.26,83.94],[67.25,83.92],[67.24,83.9],[67.23,83.88],[67.22,83.86],[67.2,83.84],[67.19,83.82],[67.18,83.8],[67.17,83.79],[67.16,83.77],[67.14,83.75],[67.13,83.73],[67.12,83.71],[67.11,83.69],[67.09,83.67],[67.08,83.65],[67.07,83.64],[67.06,83.62],[67.04,83.6],[67.03,83.58],[67.02,83.56],[67.0,83.54],[66.99,83.52],[66.98,83.5],[66.96,83.48],[66.95,83.46],[66.93,83.44],[66.92,83.42],[66.9,83.4],[66.89,83.38],[66.87,83.36],[66.86,83.34],[66.84,83.32],[66.83,83.3],[66.81,83.28],[66.79,83.26],[66.78,83.24],[66.76,83.22],[66.75,83.2],[66.73,83.18],[66.72,83.16],[66.7,83.13],[66.69,83.11],[66.67,83.09],[66.65,83.07],[66.64,83.05],[66.62,83.03],[66.61,83.01],[66.59,82.99],[66.58,82.97],[66.56,82.95],[66.54,82.93],[66.53,82.92],[66.51,82.9],[66.5,82.88],[66.48,82.86],[66.47,82.84],[66.45,82.82],[66.44,82.8],[66.42,82.78],[66.41,82.77],[66.39,82.75],[66.38,82.73],[66.36,82.71],[66.35,82.7],[66.33,82.68],[66.32,82.66],[66.3,82.64],[66.28,82.62],[66.27,82.61],[66.25,82.59],[66.24,82.57],[66.22,82.55],[66.2,82.54],[66.19,82.52],[66.17,82.5],[66.16,82.49],[66.14,82.47],[66.12,82.45],[66.11,82.43],[66.09,82.42],[66.08,82.4],[66.06,82.38],[66.04,82.37],[66.02,82.35],[66.01,82.33],[65.99,82.31],[65.97,82.3],[65.95,82.28],[65.94,82.26],[65.92,82.24],[65.91,82.23],[65.89,82.21],[65.88,82.19],[65.86,82.17],[65.85,82.15],[65.83,82.14],[65.82,82.12],[65.81,82.1],[65.79,82.08],[65.78,82.05],[65.76,82.03],[65.74,82.0],[65.73,81.98],[65.71,81.95],[65.7,81.93],[65.69,81.9],[65.67,81.87],[65.66,81.85],[65.65,81.83],[65.64,81.81],[65.63,81.79],[65.63,81.77],[65.62,81.75],[65.61,81.72],[65.6,81.7],[65.59,81.68],[65.58,81.66],[65.58,81.63],[65.57,81.61],[65.57,81.58],[65.56,81.56],[65.55,81.54],[65.55,81.51],[65.55,81.49],[65.54,81.47],[65.54,81.45],[65.54,81.43],[65.53,81.41],[65.53,81.38],[65.53,81.36],[65.52,81.33],[65.52,81.3],[65.52,81.28],[65.52,81.25],[65.52,81.22],[65.52,81.2],[65.52,81.17],[65.52,81.14],[65.53,81.12],[65.53,81.1],[65.53,81.08],[65.53,81.06],[65.54,81.04],[65.54,81.01],[65.54,80.99],[65.55,80.97],[65.55,80.94],[65.56,80.92],[65.56,80.89],[65.57,80.87],[65.57,80.84],[65.58,80.82],[65.59,80.8],[65.6,80.77],[65.6,80.75],[65.61,80.73],[65.62,80.71],[65.63,80.69],[65.64,80.67],[65.65,80.64],[65.66,80.62],[65.67,80.59],[65.69,80.56],[65.7,80.53],[65.72,80.51],[65.73,80.48],[65.75,80.46],[65.76,80.43],[65.77,80.41],[65.79,80.39],[65.8,80.37],[65.81,80.35],[65.83,80.33],[65.84,80.31],[65.86,80.29],[65.87,80.28],[65.89,80.26],[65.9,80.24],[65.92,80.22],[65.94,80.2],[65.96,80.18],[65.97,80.16],[65.99,80.14],[66.02,80.12],[66.04,80.1],[66.07,80.07],[66.09,80.05],[66.12,80.03],[66.14,80.01],[66.17,79.99],[66.19,79.97],[66.21,79.95],[66.24,79.93],[66.26,79.91],[66.28,79.89],[66.31,79.87],[66.33,79.85],[66.35,79.83],[66.38,79.81],[66.4,79.79],[66.42,79.78],[66.45,79.76],[66.47,79.74],[66.49,79.72],[66.52,79.7],[66.54,79.68],[66.56,79.66],[66.58,79.64],[66.61,79.62],[66.63,79.6],[66.65,79.58],[66.68,79.56],[66.7,79.54],[66.72,79.52],[66.74,79.5],[66.77,79.48],[66.79,79.46],[66.81,79.44],[66.84,79.43],[66.86,79.41],[66.88,79.39],[66.9,79.37],[66.92,79.35],[66.94,79.33],[66.96,79.32],[66.98,79.3],[67.0,79.28],[67.02,79.26],[67.04,79.25],[67.06,79.23],[67.08,79.21],[67.1,79.19],[67.11,79.17],[67.13,79.16],[67.15,79.14],[67.17,79.12],[67.19,79.1],[67.21,79.08],[67.23,79.07],[67.24,79.05],[67.26,79.03],[67.28,79.01],[67.3,78.99],[67.32,78.97],[67.33,78.95],[67.35,78.93],[67.37,78.91],[67.39,78.9],[67.4,78.88],[67.42,78.86],[67.44,78.84],[67.46,78.82],[67.48,78.8],[67.49,78.78],[67.51,78.75],[67.53,78.73],[67.55,78.71],[67.57,78.69],[67.59,78.67],[67.61,78.64],[67.63,78.62],[67.65,78.6],[67.67,78.58],[67.69,78.55],[67.71,78.53],[67.72,78.51],[67.74,78.49],[67.76,78.46],[67.78,78.44],[67.8,78.42],[67.82,78.4],[67.84,78.37],[67.86,78.35],[67.88,78.33],[67.9,78.3],[67.92,78.28],[67.93,78.26],[67.95,78.24],[67.97,78.21],[67.99,78.19],[68.01,78.17],[68.03,78.14],[68.05,78.12],[68.07,78.1],[68.08,78.07],[68.1,78.05],[68.12,78.03],[68.14,78.01],[68.15,77.99],[68.16,77.98],[68.18,77.96],[68.19,77.95],[68.21,77.93],[68.23,77.9],[68.25,77.88],[68.27,77.86],[68.28,77.85],[68.3,77.84],[68.31,77.82],[68.33,77.8],[68.35,77.78],[68.37,77.76],[68.39,77.74],[68.41,77.73],[68.43,77.71],[68.44,77.7],[68.46,77.68],[68.48,77.67],[68.5,77.65],[68.52,77.63],[68.54,77.61],[68.56,77.6],[68.58,77.58],[68.59,77.57],[68.61,77.56],[68.63,77.54],[68.65,77.53],[68.68,77.51],[68.7,77.49],[68.72,77.48],[68.74,77.47],[68.75,77.46],[68.77,77.44],[68.79,77.43],[68.82,77.42],[68.84,77.4],[68.87,77.39],[68.89,77.37],[68.91,77.36],[68.92,77.35],[68.94,77.34],[68.96,77.33],[68.99,77.32],[69.01,77.3],[69.04,77.29],[69.06,77.28],[69.08,77.27],[69.1,77.26],[69.12,77.25],[69.14,77.24],[69.16,77.23],[69.19,77.21],[69.22,77.2],[69.24,77.19],[69.26,77.18],[69.28,77.18],[69.29,77.17],[69.32,77.16],[69.34,77.15],[69.37,77.14],[69.39,77.13],[69.42,77.12],[69.44,77.11],[69.47,77.1],[69.49,77.09],[69.52,77.08],[69.54,77.07],[69.56,77.06],[69.59,77.05],[69.61,77.04],[69.63,77.02],[69.66,77.01],[69.68,77.0],[69.7,76.99],[69.73,76.98],[69.75,76.97],[69.77,76.96],[69.8,76.94],[69.82,76.93],[69.84,76.92],[69.87,76.91],[69.89,76.9],[69.91,76.88],[69.94,76.87],[69.96,76.86],[69.98,76.85],[70.0,76.83],[70.03,76.82],[70.05,76.81],[70.07,76.79],[70.1,76.78],[70.12,76.77],[70.14,76.75],[70.17,76.74],[70.19,76.72],[70.22,76.71],[70.24,76.69],[70.27,76.68],[70.29,76.66],[70.32,76.64],[70.34,76.63],[70.37,76.61],[70.39,76.6],[70.42,76.58],[70.44,76.57],[70.47,76.55],[70.49,76.53],[70.51,76.52],[70.54,76.5],[70.56,76.49],[70.59,76.47],[70.61,76.45],[70.64,76.44],[70.66,76.42],[70.68,76.4],[70.71,76.39],[70.73,76.37],[70.76,76.36],[70.78,76.34],[70.8,76.32],[70.83,76.3],[70.85,76.29],[70.88,76.27],[70.9,76.25],[70.93,76.23],[70.95,76.22],[70.98,76.2],[71.0,76.18],[71.03,76.16],[71.05,76.14],[71.08,76.12],[71.11,76.11],[71.13,76.09],[71.16,76.07],[71.18,76.05],[71.21,76.03],[71.23,76.01],[71.26,76.0],[71.29,75.98],[71.31,75.96],[71.34,75.94],[71.36,75.92],[71.39,75.9],[71.41,75.88],[71.44,75.87],[71.47,75.85],[71.49,75.83],[71.52,75.81],[71.54,75.79],[71.57,75.77],[71.59,75.75],[71.62,75.74],[71.64,75.72],[71.67,75.7],[71.69,75.68],[71.71,75.67],[71.74,75.65],[71.76,75.64],[71.78,75.62],[71.79,75.61],[71.81,75.59],[71.83,75.58],[71.85,75.57],[71.86,75.55],[71.88,75.54],[71.9,75.52],[71.91,75.51],[71.93,75.5],[71.94,75.48],[71.96,75.47],[71.97,75.46],[71.99,75.44],[72.0,75.43],[72.02,75.42],[72.03,75.4],[72.04,75.39],[72.06,75.38],[72.07,75.36],[72.08,75.35],[72.09,75.34],[72.11,75.32],[72.12,75.31],[72.13,75.3],[72.14,75.28],[72.15,75.27],[72.16,75.26],[72.18,75.24],[72.19,75.22],[72.2,75.21],[72.22,75.19],[72.23,75.17],[72.25,75.15],[72.26,75.13],[72.28,75.11],[72.29,75.09],[72.31,75.07],[72.32,75.05],[72.34,75.03],[72.36,75.01],[72.37,74.99],[72.39,74.97],[72.4,74.95],[72.42,74.93],[72.43,74.91],[72.45,74.89],[72.46,74.87],[72.48,74.85],[72.49,74.83],[72.51,74.81],[72.52,74.79],[72.54,74.77],[72.55,74.75],[72.56,74.73],[72.58,74.71],[72.59,74.69],[72.61,74.67],[72.62,74.65],[72.64,74.63],[72.65,74.61],[72.67,74.58],[72.68,74.57],[72.69,74.56],[72.69,74.55],[72.7,74.54],[72.71,74.53],[72.72,74.51],[72.73,74.49],[72.75,74.48],[72.75,74.46],[72.76,74.46],[72.76,74.45],[72.77,74.44],[72.78,74.42],[72.8,74.4],[72.81,74.38],[72.82,74.37],[72.83,74.36],[72.84,74.35],[72.85,74.33],[72.87,74.31],[72.88,74.29],[72.89,74.28],[72.89,74.27],[72.9,74.26],[72.91,74.25],[72.92,74.24],[72.94,74.21],[72.95,74.2],[72.96,74.19],[72.96,74.18],[72.97,74.17],[72.97,74.16],[72.99,74.14],[73.0,74.12],[73.02,74.1],[73.02,74.09],[73.03,74.09],[73.03,74.08],[73.04,74.07],[73.06,74.05],[73.07,74.03],[73.08,74.01],[73.09,74.0],[73.1,73.99],[73.11,73.98],[73.12,73.96],[73.14,73.94],[73.15,73.92],[73.16,73.91],[73.17,73.9],[73.18,73.88],[73.19,73.87],[73.21,73.85],[73.23,73.83],[73.24,73.8],[73.26,73.78],[73.27,73.76],[73.29,73.74],[73.31,73.72],[73.32,73.7],[73.34,73.68],[73.35,73.65],[73.37,73.63],[73.39,73.61],[73.4,73.59],[73.42,73.57],[73.44,73.55],[73.45,73.53],[73.47,73.5],[73.48,73.48],[73.5,73.46],[73.52,73.44],[73.53,73.42],[73.55,73.4],[73.56,73.38],[73.58,73.35],[73.6,73.33],[73.61,73.31],[73.62,73.3],[73.63,73.28],[73.64,73.27],[73.65,73.26],[73.66,73.25],[73.66,73.24],[73.66,73.23],[73.65,73.22],[73.65,73.2],[73.65,73.18],[73.64,73.16],[73.64,73.14],[73.63,73.11],[73.63,73.09],[73.62,73.07],[73.62,73.06],[73.62,73.05],[73.61,73.03],[73.61,73.0],[73.6,72.96],[73.59,72.93],[73.59,72.91],[73.59,72.9],[73.58,72.89],[73.58,72.87],[73.57,72.84],[73.57,72.8],[73.56,72.77],[73.56,72.75],[73.55,72.74],[73.55,72.73],[73.55,72.72],[73.55,72.7],[73.54,72.67],[73.53,72.63],[73.53,72.6],[73.52,72.58],[73.52,72.57],[73.52,72.56],[73.51,72.54],[73.51,72.51],[73.5,72.47],[73.5,72.44],[73.49,72.42],[73.49,72.41],[73.49,72.39],[73.48,72.37],[73.48,72.34],[73.47,72.31],[73.47,72.28],[73.46,72.26],[73.46,72.24],[73.46,72.23],[73.45,72.21],[73.45,72.18],[73.44,72.14],[73.44,72.11],[73.43,72.09],[73.43,72.08],[73.43,72.07],[73.43,72.04],[73.42,72.02],[73.42,71.98],[73.41,71.95],[73.41,71.93],[73.41,71.91],[73.4,71.9],[73.4,71.88],[73.4,71.85],[73.39,71.81],[73.39,71.77],[73.38,71.74],[73.37,71.7],[73.37,71.66],[73.36,71.62],[73.36,71.59],[73.35,71.55],[73.34,71.51],[73.34,71.47],[73.33,71.44],[73.33,71.4],[73.32,71.36],[73.31,71.32],[73.31,71.29],[73.3,71.25],[73.3,71.21],[73.29,71.17],[73.28,71.14],[73.28,71.1],[73.27,71.06],[73.27,71.02],[73.26,70.99],[73.25,70.95],[73.25,70.91],[73.24,70.87],[73.23,70.84],[73.23,70.8],[73.22,70.76],[73.21,70.72],[73.21,70.69],[73.2,70.65],[73.19,70.61],[73.19,70.58],[73.18,70.54],[73.17,70.5],[73.17,70.47],[73.16,70.43],[73.15,70.4],[73.15,70.36],[73.14,70.33],[73.13,70.29],[73.12,70.26],[73.12,70.22],[73.11,70.18],[73.1,70.15],[73.09,70.11],[73.09,70.08],[73.08,70.04],[73.07,70.01],[73.06,69.97],[73.06,69.94],[73.05,69.9],[73.04,69.87],[73.03,69.83],[73.02,69.8],[73.01,69.76],[73.01,69.73],[73.0,69.69],[72.99,69.66],[72.98,69.62],[72.97,69.58],[72.96,69.55],[72.95,69.51],[72.94,69.48],[72.93,69.45],[72.93,69.42],[72.92,69.4],[72.92,69.38],[72.91,69.36],[72.91,69.33],[72.9,69.3],[72.89,69.26],[72.89,69.23],[72.88,69.2],[72.88,69.18],[72.87,69.16],[72.87,69.14],[72.87,69.11],[72.86,69.08],[72.86,69.05],[72.85,69.01],[72.85,68.99],[72.85,68.96],[72.85,68.94],[72.84,68.92],[72.84,68.89],[72.84,68.86],[72.84,68.83],[72.83,68.79],[72.83,68.77],[72.83,68.74],[72.83,68.72],[72.83,68.7],[72.83,68.67],[72.83,68.64],[72.83,68.6],[72.83,68.57],[72.83,68.54],[72.83,68.52],[72.83,68.5],[72.83,68.47],[72.84,68.45],[72.84,68.42],[72.84,68.38],[72.84,68.35],[72.85,68.32],[72.85,68.3],[72.85,68.28],[72.85,68.25],[72.86,68.22],[72.86,68.19],[72.87,68.16],[72.87,68.13],[72.88,68.1],[72.88,68.08],[72.88,68.06],[72.89,68.03],[72.9,68.0],[72.9,67.97],[72.91,67.94],[72.92,67.91],[72.92,67.88],[72.93,67.86],[72.94,67.84],[72.94,67.82],[72.95,67.79],[72.96,67.76],[72.97,67.73],[72.98,67.7],[72.99,67.67],[73.0,67.64],[73.0,67.62],[73.01,67.59],[73.02,67.56],[73.03,67.53],[73.04,67.5],[73.04,67.48],[73.05,67.45],[73.06,67.42],[73.07,67.39],[73.08,67.36],[73.08,67.34],[73.09,67.31],[73.1,67.28],[73.1,67.25],[73.11,67.22],[73.12,67.19],[73.12,67.17],[73.13,67.14],[73.14,67.11],[73.14,67.08],[73.15,67.05],[73.16,67.02],[73.16,66.99],[73.17,66.97],[73.18,66.94],[73.18,66.91],[73.19,66.88],[73.19,66.85],[73.2,66.82],[73.2,66.79],[73.21,66.76],[73.21,66.74],[73.22,66.71],[73.22,66.68],[73.23,66.65],[73.23,66.62],[73.24,66.59],[73.24,66.56],[73.25,66.53],[73.25,66.5],[73.26,66.48],[73.26,66.45],[73.26,66.42],[73.27,66.39],[73.27,66.36],[73.28,66.33],[73.28,66.3],[73.28,66.27],[73.29,66.24],[73.29,66.21],[73.29,66.19],[73.3,66.16],[73.3,66.13],[73.3,66.1],[73.31,66.07],[73.31,66.04],[73.31,66.01],[73.31,65.98],[73.32,65.95],[73.32,65.92],[73.32,65.89],[73.32,65.87],[73.32,65.85],[73.33,65.84],[73.33,65.83],[73.33,65.82],[73.33,65.79],[73.33,65.76],[73.33,65.73],[73.34,65.72],[73.34,65.71],[73.34,65.7],[73.34,65.68],[73.34,65.66],[73.34,65.62],[73.34,65.6],[73.35,65.58],[73.35,65.57],[73.35,65.56],[73.35,65.55],[73.35,65.52],[73.35,65.49],[73.36,65.46],[73.36,65.45],[73.36,65.44],[73.36,65.43],[73.36,65.41],[73.36,65.39],[73.36,65.35],[73.37,65.33],[73.37,65.31],[73.37,65.3],[73.37,65.29],[73.37,65.28],[73.37,65.25],[73.38,65.22],[73.38,65.19],[73.38,65.18],[73.38,65.17],[73.38,65.16],[73.38,65.14],[73.38,65.12],[73.39,65.08],[73.39,65.06],[73.39,65.04],[73.39,65.03],[73.39,65.01],[73.4,64.98],[73.4,64.95],[73.4,64.93],[73.4,64.91],[73.4,64.9],[73.4,64.89],[73.4,64.87],[73.41,64.85],[73.41,64.82],[73.41,64.79],[73.42,64.76],[73.42,64.73],[73.42,64.7],[73.43,64.68],[73.43,64.66],[73.43,64.63],[73.44,64.61],[73.45,64.58],[73.45,64.55],[73.46,64.53],[73.47,64.5],[73.48,64.47],[73.48,64.44],[73.49,64.41],[73.5,64.39],[73.51,64.36],[73.52,64.33],[73.53,64.31],[73.54,64.28],[73.55,64.26],[73.56,64.23],[73.57,64.21],[73.59,64.18],[73.6,64.15],[73.61,64.13],[73.63,64.1],[73.64,64.08],[73.66,64.05],[73.67,64.03],[73.68,64.0],[73.7,63.98],[73.72,63.96],[73.73,63.93],[73.75,63.91],[73.77,63.88],[73.79,63.86],[73.81,63.84],[73.82,63.82],[73.84,63.8],[73.86,63.78],[73.88,63.76],[73.89,63.74],[73.91,63.72],[73.93,63.7],[73.95,63.68],[73.98,63.66],[74.0,63.64],[74.02,63.62],[74.04,63.6],[74.06,63.58],[74.08,63.56],[74.1,63.55],[74.12,63.54],[74.14,63.52],[74.16,63.51],[74.18,63.49],[74.2,63.48],[74.23,63.46],[74.26,63.44],[74.29,63.42],[74.32,63.4],[74.36,63.38],[74.39,63.36],[74.43,63.34],[74.46,63.33],[74.5,63.31],[74.53,63.3],[74.56,63.28],[74.6,63.27],[74.63,63.25],[74.66,63.24],[74.69,63.23],[74.73,63.22],[74.77,63.2],[74.8,63.19],[74.84,63.18],[74.87,63.17],[74.9,63.16],[74.93,63.15],[74.96,63.15],[75.0,63.14],[75.03,63.13],[75.08,63.12],[75.12,63.11],[75.16,63.1],[75.2,63.09],[75.24,63.08],[75.28,63.08],[75.32,63.07],[75.36,63.06],[75.4,63.05],[75.43,63.04],[75.47,63.03],[75.51,63.02],[75.55,63.01],[75.59,63.0],[75.63,62.99],[75.67,62.97],[75.71,62.96],[75.75,62.95],[75.79,62.94],[75.83,62.93],[75.86,62.92],[75.9,62.91],[75.94,62.9],[75.98,62.88],[76.02,62.87],[76.06,62.86],[76.1,62.85],[76.13,62.83],[76.17,62.82],[76.21,62.81],[76.25,62.8],[76.29,62.78],[76.33,62.77],[76.37,62.76],[76.41,62.74],[76.45,62.73],[76.49,62.71],[76.53,62.7],[76.57,62.69],[76.61,62.67],[76.65,62.66],[76.68,62.64],[76.72,62.63],[76.76,62.61],[76.8,62.6],[76.84,62.58],[76.88,62.57],[76.92,62.55],[76.96,62.54],[77.0,62.52],[77.04,62.51],[77.08,62.49],[77.12,62.48],[77.16,62.46],[77.2,62.44],[77.24,62.43],[77.27,62.41],[77.31,62.4],[77.35,62.38],[77.39,62.36],[77.43,62.35],[77.47,62.33],[77.51,62.32],[77.54,62.3],[77.58,62.28],[77.62,62.27],[77.66,62.25],[77.69,62.23],[77.73,62.22],[77.76,62.2],[77.8,62.18],[77.84,62.17],[77.87,62.15],[77.91,62.13],[77.94,62.12],[77.98,62.1],[78.01,62.08],[78.05,62.06],[78.08,62.05],[78.12,62.03],[78.15,62.01],[78.19,61.99],[78.22,61.97],[78.26,61.95],[78.29,61.93],[78.32,61.92],[78.36,61.9],[78.39,61.88],[78.43,61.86],[78.46,61.84],[78.5,61.82],[78.53,61.8],[78.56,61.78],[78.6,61.76],[78.63,61.74],[78.67,61.71],[78.7,61.69],[78.73,61.67],[78.75,61.66],[78.76,61.65],[78.77,61.65],[78.78,61.64],[78.8,61.63],[78.83,61.61],[78.87,61.59],[78.89,61.58],[78.91,61.56],[78.93,61.56],[78.93,61.55],[78.94,61.55],[78.96,61.53],[78.99,61.52],[79.02,61.5],[79.05,61.49],[79.07,61.47],[79.08,61.47],[79.09,61.46],[79.1,61.46],[79.12,61.45],[79.15,61.43],[79.18,61.42],[79.2,61.4],[79.22,61.39],[79.24,61.39],[79.24,61.38],[79.26,61.37],[79.28,61.37],[79.3,61.35],[79.33,61.34],[79.35,61.33],[79.37,61.32],[79.39,61.31],[79.4,61.31],[79.41,61.3],[79.43,61.29],[79.45,61.28],[79.48,61.27],[79.5,61.26],[79.52,61.25],[79.53,61.24],[79.55,61.24],[79.56,61.23],[79.58,61.23],[79.6,61.22],[79.63,61.21],[79.65,61.2],[79.67,61.19],[79.69,61.19],[79.7,61.18],[79.72,61.17],[79.74,61.17],[79.76,61.16],[79.78,61.15],[79.8,61.15],[79.82,61.14],[79.85,61.13],[79.87,61.13],[79.89,61.12],[79.91,61.12],[79.93,61.11],[79.95,61.11],[79.97,61.1],[79.98,61.1],[80.0,61.09],[80.02,61.09],[80.03,61.09],[80.05,61.08],[80.07,61.08],[80.09,61.07],[80.1,61.07],[80.12,61.06],[80.14,61.06],[80.15,61.06],[80.17,61.05],[80.19,61.05],[80.2,61.04],[80.22,61.04],[80.24,61.03],[80.26,61.03],[80.27,61.02],[80.29,61.02],[80.31,61.02],[80.32,61.01],[80.34,61.01],[80.36,61.0],[80.37,61.0],[80.39,60.99],[80.41,60.99],[80.42,60.98],[80.44,60.98],[80.46,60.97],[80.48,60.97],[80.49,60.96],[80.51,60.96],[80.53,60.95],[80.54,60.95],[80.56,60.94],[80.58,60.94],[80.6,60.93],[80.61,60.93],[80.63,60.92],[80.65,60.92],[80.66,60.91],[80.68,60.91],[80.7,60.9],[80.72,60.89],[80.73,60.89],[80.75,60.88],[80.77,60.88],[80.78,60.87],[80.8,60.87],[80.82,60.86],[80.84,60.86],[80.85,60.85],[80.87,60.84],[80.89,60.84],[80.9,60.83],[80.92,60.83],[80.94,60.82],[80.95,60.82],[80.97,60.81],[80.99,60.81],[81.01,60.8],[81.02,60.79],[81.04,60.79],[81.06,60.78],[81.07,60.78],[81.08,60.77],[81.09,60.77],[81.1,60.77],[81.12,60.76],[81.13,60.76],[81.14,60.75],[81.15,60.75],[81.16,60.75],[81.17,60.74],[81.18,60.74],[81.2,60.73],[81.21,60.73],[81.22,60.73],[81.23,60.72],[81.24,60.72],[81.25,60.72],[81.26,60.71],[81.28,60.71],[81.3,60.7],[81.31,60.7],[81.32,60.7],[81.33,60.69],[81.34,60.69],[81.36,60.68],[81.38,60.68],[81.39,60.67],[81.4,60.67],[81.41,60.67],[81.42,60.66],[81.44,60.66],[81.46,60.65],[81.47,60.65],[81.48,60.64],[81.49,60.64],[81.5,60.64],[81.52,60.63],[81.54,60.63],[81.55,60.62],[81.56,60.62],[81.57,60.62],[81.58,60.61],[81.6,60.61],[81.62,60.6],[81.63,60.6],[81.64,60.6],[81.65,60.59],[81.67,60.59],[81.68,60.58],[81.71,60.58],[81.74,60.57],[81.77,60.56],[81.81,60.55],[81.84,60.55],[81.87,60.54],[81.89,60.54],[81.91,60.53],[81.94,60.53],[81.96,60.53],[82.0,60.52],[82.04,60.52],[82.07,60.52],[82.1,60.52],[82.12,60.52],[82.14,60.51],[82.17,60.51],[82.19,60.52],[82.23,60.52],[82.26,60.52],[82.29,60.52],[82.32,60.52],[82.35,60.52],[82.37,60.53],[82.39,60.53],[82.42,60.53],[82.45,60.54],[82.48,60.54],[82.51,60.55],[82.53,60.55],[82.56,60.56],[82.58,60.56],[82.6,60.57],[82.63,60.57],[82.65,60.58],[82.68,60.59],[82.71,60.6],[82.73,60.6],[82.76,60.61],[82.78,60.62],[82.8,60.63],[82.83,60.63],[82.85,60.64],[82.87,60.65],[82.9,60.66],[82.92,60.67],[82.94,60.68],[82.97,60.69],[82.99,60.7],[83.01,60.71],[83.03,60.72],[83.05,60.73],[83.07,60.74],[83.1,60.75],[83.12,60.76],[83.14,60.78],[83.16,60.79],[83.18,60.8],[83.2,60.81],[83.22,60.82],[83.24,60.83],[83.26,60.84],[83.28,60.86],[83.3,60.87],[83.32,60.88],[83.34,60.9],[83.36,60.91],[83.38,60.92],[83.4,60.93],[83.42,60.94],[83.44,60.96],[83.46,60.97],[83.48,60.98],[83.5,60.99],[83.52,61.0],[83.54,61.01],[83.56,61.02],[83.58,61.04],[83.6,61.05],[83.62,61.06],[83.64,61.07],[83.67,61.08],[83.69,61.09],[83.71,61.1],[83.73,61.11],[83.75,61.12],[83.77,61.13],[83.79,61.14],[83.81,61.15],[83.83,61.16],[83.85,61.17],[83.87,61.18],[83.89,61.19],[83.92,61.2],[83.94,61.21],[83.96,61.22],[83.98,61.23],[84.01,61.24],[84.03,61.25],[84.05,61.26],[84.08,61.27],[84.1,61.28],[84.12,61.29],[84.15,61.3],[84.17,61.31],[84.19,61.32],[84.22,61.33],[84.24,61.34],[84.27,61.35],[84.29,61.36],[84.31,61.37],[84.34,61.38],[84.36,61.39],[84.38,61.4],[84.41,61.41],[84.43,61.42],[84.46,61.43],[84.48,61.44],[84.5,61.45],[84.53,61.46],[84.55,61.47],[84.58,61.48],[84.6,61.49],[84.62,61.5],[84.65,61.51],[84.67,61.51],[84.7,61.52],[84.72,61.53],[84.74,61.54],[84.77,61.55],[84.79,61.56],[84.81,61.57],[84.84,61.57],[84.86,61.58],[84.88,61.59],[84.91,61.6],[84.93,61.61],[84.96,61.62],[84.98,61.62],[85.0,61.63],[85.03,61.64],[85.05,61.65],[85.07,61.65],[85.1,61.66],[85.12,61.67],[85.15,61.68],[85.17,61.68],[85.19,61.69],[85.22,61.7],[85.24,61.71],[85.26,61.71],[85.29,61.72],[85.31,61.73],[85.34,61.73],[85.36,61.74],[85.38,61.75],[85.41,61.75],[85.42,61.76],[85.44,61.76],[85.45,61.77],[85.46,61.77],[85.47,61.77],[85.48,61.77],[85.49,61.77],[85.5,61.76],[85.52,61.75],[85.54,61.74],[85.56,61.73],[85.57,61.73],[85.58,61.72],[85.59,61.72],[85.6,61.71],[85.62,61.7],[85.64,61.69],[85.66,61.69],[85.67,61.68],[85.68,61.68],[85.68,61.67],[85.69,61.67],[85.7,61.66],[85.72,61.66],[85.74,61.65],[85.76,61.64],[85.77,61.63],[85.78,61.63],[85.79,61.62],[85.8,61.62],[85.82,61.61],[85.84,61.6],[85.86,61.59],[85.87,61.59],[85.88,61.58],[85.89,61.58],[85.9,61.57],[85.92,61.56],[85.94,61.56],[85.96,61.55],[85.97,61.54],[85.98,61.54],[85.99,61.53],[86.0,61.53],[86.02,61.52],[86.04,61.51],[86.06,61.5],[86.07,61.5],[86.08,61.49],[86.09,61.49],[86.1,61.48],[86.12,61.48],[86.14,61.47],[86.16,61.46],[86.17,61.46],[86.18,61.45],[86.19,61.45],[86.21,61.44],[86.22,61.44],[86.25,61.43],[86.27,61.42],[86.29,61.41],[86.31,61.4],[86.33,61.39],[86.35,61.38],[86.38,61.37],[86.4,61.37],[86.42,61.36],[86.44,61.35],[86.46,61.34],[86.48,61.33],[86.5,61.32],[86.53,61.31],[86.55,61.3],[86.57,61.29],[86.59,61.29],[86.61,61.28],[86.63,61.27],[86.65,61.26],[86.68,61.25],[86.7,61.24],[86.72,61.23],[86.74,61.22],[86.76,61.21],[86.78,61.2],[86.8,61.19],[86.82,61.18],[86.85,61.18],[86.87,61.17],[86.89,61.16],[86.91,61.15],[86.93,61.14],[86.94,61.13],[86.96,61.12],[86.98,61.12],[87.0,61.11],[87.01,61.1],[87.03,61.09],[87.05,61.08],[87.06,61.08],[87.08,61.07],[87.09,61.06],[87.1,61.06],[87.11,61.05],[87.12,61.04],[87.12,61.03],[87.12,61.02],[87.11,61.0],[87.11,60.98],[87.1,60.96],[87.1,60.94],[87.09,60.92],[87.09,60.9],[87.08,60.88],[87.07,60.86],[87.07,60.84],[87.06,60.81],[87.06,60.79],[87.05,60.77],[87.04,60.75],[87.03,60.73],[87.03,60.71],[87.02,60.69],[87.01,60.66],[87.0,60.64],[87.0,60.62],[86.99,60.61],[86.99,60.59],[86.98,60.57],[86.98,60.55],[86.97,60.53],[86.96,60.5],[86.95,60.48],[86.95,60.46],[86.94,60.44],[86.94,60.43],[86.93,60.41],[86.93,60.39],[86.92,60.36],[86.92,60.34],[86.91,60.31],[86.91,60.29],[86.9,60.27],[86.9,60.26],[86.9,60.24],[86.89,60.22],[86.89,60.19],[86.88,60.17],[86.88,60.14],[86.88,60.12],[86.87,60.1],[86.87,60.09],[86.87,60.07],[86.87,60.05],[86.86,60.02],[86.86,60.0],[86.86,59.97],[86.85,59.95],[86.85,59.93],[86.85,59.92],[86.85,59.9],[86.85,59.88],[86.85,59.85],[86.84,59.82],[86.84,59.8],[86.84,59.78],[86.84,59.76],[86.84,59.74],[86.84,59.73],[86.84,59.7],[86.84,59.68],[86.84,59.65],[86.84,59.63],[86.84,59.61],[86.84,59.59],[86.84,59.57],[86.84,59.55],[86.84,59.53],[86.84,59.51],[86.84,59.48],[86.84,59.45],[86.84,59.43],[86.85,59.41],[86.85,59.4],[86.85,59.38],[86.85,59.36],[86.85,59.34],[86.85,59.31],[86.86,59.29],[86.86,59.27],[86.86,59.24],[86.86,59.22],[86.86,59.2],[86.87,59.17],[86.87,59.15],[86.87,59.13],[86.87,59.11],[86.87,59.09],[86.87,59.08],[86.87,59.07],[86.87,59.06],[86.87,59.05],[86.86,59.05],[86.86,59.04],[86.85,59.04],[86.84,59.04],[86.82,59.04],[86.8,59.03],[86.78,59.03],[86.76,59.02],[86.75,59.02],[86.74,59.02],[86.73,59.01],[86.72,59.01],[86.7,59.01],[86.68,59.0],[86.66,59.0],[86.65,58.99],[86.64,58.99],[86.63,58.99],[86.62,58.99],[86.6,58.98],[86.58,58.98],[86.56,58.97],[86.54,58.97],[86.51,58.96],[86.49,58.96],[86.47,58.95],[86.45,58.95],[86.43,58.94],[86.41,58.94],[86.39,58.93],[86.37,58.93],[86.34,58.92],[86.32,58.92],[86.3,58.91],[86.28,58.91],[86.26,58.9],[86.24,58.9],[86.22,58.89],[86.2,58.89],[86.17,58.88],[86.15,58.88],[86.13,58.87],[86.11,58.87],[86.09,58.87],[86.07,58.86],[86.05,58.86],[86.03,58.85],[86.0,58.85],[85.98,58.84],[85.96,58.84],[85.94,58.84],[85.92,58.83],[85.89,58.83],[85.88,58.82],[85.86,58.82],[85.85,58.82],[85.84,58.82],[85.83,58.82],[85.81,58.81],[85.78,58.81],[85.77,58.8],[85.75,58.8],[85.74,58.8],[85.73,58.8],[85.71,58.79],[85.7,58.79],[85.67,58.78],[85.65,58.78],[85.64,58.78],[85.63,58.77],[85.62,58.77],[85.6,58.77],[85.59,58.76],[85.56,58.76],[85.54,58.75],[85.53,58.75],[85.52,58.75],[85.51,58.75],[85.49,58.74],[85.47,58.74],[85.45,58.73],[85.43,58.73],[85.42,58.72],[85.41,58.72],[85.4,58.72],[85.38,58.71],[85.36,58.71],[85.34,58.7],[85.32,58.7],[85.31,58.7],[85.3,58.69],[85.29,58.69],[85.27,58.69],[85.26,58.68],[85.23,58.67],[85.21,58.67],[85.2,58.66],[85.19,58.66],[85.18,58.66],[85.16,58.65],[85.15,58.65],[85.12,58.64],[85.1,58.64],[85.09,58.63],[85.08,58.63],[85.07,58.63],[85.06,58.62],[85.04,58.62],[85.01,58.61],[84.99,58.6],[84.96,58.59],[84.94,58.58],[84.91,58.57],[84.88,58.56],[84.86,58.55],[84.84,58.54],[84.82,58.54],[84.8,58.53],[84.77,58.51],[84.74,58.5],[84.71,58.48],[84.68,58.47],[84.66,58.46],[84.64,58.45],[84.62,58.44],[84.6,58.42],[84.57,58.41],[84.54,58.39],[84.51,58.36],[84.48,58.35],[84.46,58.33],[84.44,58.31],[84.42,58.3],[84.41,58.29],[84.39,58.28],[84.38,58.26],[84.36,58.25],[84.34,58.23],[84.33,58.22],[84.31,58.2],[84.3,58.19],[84.28,58.17],[84.27,58.16],[84.25,58.15],[84.24,58.13],[84.23,58.12],[84.21,58.1],[84.2,58.09],[84.18,58.07],[84.17,58.05],[84.15,58.03],[84.14,58.01],[84.12,58.0],[84.11,57.98],[84.1,57.96],[84.09,57.94],[84.08,57.93],[84.07,57.91],[84.06,57.9],[84.04,57.88],[84.03,57.86],[84.02,57.84],[84.01,57.82],[84.0,57.79],[83.99,57.77],[83.98,57.75],[83.97,57.74],[83.96,57.72],[83.95,57.7],[83.94,57.68],[83.94,57.66],[83.93,57.64],[83.92,57.62],[83.91,57.6],[83.9,57.58],[83.89,57.56],[83.89,57.54],[83.88,57.52],[83.88,57.5],[83.87,57.48],[83.86,57.46],[83.86,57.44],[83.85,57.41],[83.84,57.37],[83.84,57.33],[83.83,57.29],[83.82,57.27],[83.82,57.24],[83.82,57.22],[83.82,57.21],[83.81,57.19],[83.81,57.17],[83.81,57.15],[83.81,57.14],[83.8,57.12],[83.8,57.1],[83.8,57.09],[83.8,57.07],[83.79,57.05],[83.79,57.04],[83.79,57.02],[83.79,57.0],[83.78,56.99],[83.78,56.97],[83.78,56.95],[83.77,56.94],[83.77,56.92],[83.77,56.9],[83.76,56.89],[83.76,56.87],[83.76,56.85],[83.76,56.84],[83.75,56.82],[83.75,56.8],[83.75,56.79],[83.74,56.77],[83.74,56.75],[83.74,56.74],[83.73,56.72],[83.73,56.71],[83.73,56.7],[83.72,56.69],[83.72,56.68],[83.72,56.67],[83.72,56.66],[83.72,56.65],[83.71,56.64],[83.71,56.63],[83.71,56.62],[83.7,56.61],[83.7,56.6],[83.7,56.59],[83.69,56.59],[83.69,56.58],[83.69,56.57],[83.69,56.56],[83.68,56.55],[83.68,56.54],[83.67,56.53],[83.67,56.52],[83.67,56.51],[83.66,56.51],[83.66,56.5],[83.65,56.49],[83.65,56.48],[83.64,56.47],[83.64,56.46],[83.63,56.45],[83.63,56.44],[83.62,56.43],[83.61,56.42],[83.61,56.41],[83.6,56.4],[83.6,56.39],[83.59,56.38],[83.58,56.37],[83.57,56.35],[83.57,56.34],[83.56,56.33],[83.56,56.32],[83.55,56.31],[83.55,56.3],[83.54,56.28],[83.53,56.27],[83.52,56.25],[83.51,56.24],[83.51,56.23],[83.51,56.22],[83.5,56.21],[83.49,56.2],[83.48,56.18],[83.48,56.17],[83.47,56.16],[83.47,56.15],[83.46,56.15],[83.46,56.14],[83.46,56.13],[83.45,56.11],[83.44,56.1],[83.43,56.08],[83.43,56.07],[83.42,56.06],[83.42,56.05],[83.41,56.04],[83.4,56.03],[83.4,56.01],[83.39,56.0],[83.38,55.99],[83.38,55.98],[83.38,55.97],[83.37,55.97],[83.37,55.96],[83.36,55.94],[83.35,55.92],[83.35,55.91],[83.34,55.9],[83.34,55.89],[83.33,55.88],[83.33,55.87],[83.32,55.86],[83.31,55.84],[83.31,55.82],[83.3,55.81],[83.3,55.8],[83.29,55.79],[83.29,55.78],[83.28,55.77],[83.27,55.75],[83.27,55.73],[83.26,55.71],[83.25,55.69],[83.24,55.67],[83.23,55.64],[83.22,55.62],[83.22,55.6],[83.21,55.57],[83.2,55.55],[83.2,55.53],[83.19,55.51],[83.18,55.48],[83.18,55.46],[83.17,55.43],[83.17,55.4],[83.16,55.36],[83.15,55.33],[83.15,55.29],[83.14,55.27],[83.14,55.24],[83.14,55.21],[83.14,55.19],[83.13,55.16],[83.13,55.13],[83.13,55.1],[83.13,55.07],[83.13,55.04],[83.13,55.01],[83.13,54.98],[83.13,54.96],[83.13,54.93],[83.13,54.91],[83.13,54.89],[83.13,54.86],[83.13,54.83],[83.14,54.8],[83.14,54.77],[83.14,54.74],[83.14,54.72],[83.14,54.7],[83.15,54.68],[83.15,54.65],[83.15,54.62],[83.16,54.58],[83.16,54.55],[83.16,54.53],[83.17,54.51],[83.17,54.49],[83.17,54.47],[83.18,54.44],[83.18,54.41],[83.19,54.37],[83.2,54.34],[83.2,54.31],[83.21,54.29],[83.21,54.28],[83.21,54.26],[83.22,54.24],[83.23,54.2],[83.24,54.16],[83.24,54.12],[83.25,54.1],[83.26,54.08],[83.26,54.07],[83.26,54.05],[83.27,54.02],[83.28,53.98],[83.29,53.94],[83.3,53.9],[83.31,53.88],[83.31,53.86],[83.32,53.84],[83.32,53.82],[83.33,53.78],[83.35,53.74],[83.36,53.7],[83.36,53.67],[83.37,53.66],[83.37,53.64],[83.38,53.62],[83.39,53.58],[83.4,53.54],[83.41,53.5],[83.42,53.48],[83.43,53.46],[83.43,53.44],[83.44,53.42],[83.45,53.38],[83.46,53.34],[83.48,53.3],[83.48,53.28],[83.49,53.26],[83.49,53.24],[83.5,53.22],[83.51,53.18],[83.53,53.14],[83.54,53.1],[83.55,53.08],[83.55,53.06],[83.56,53.05],[83.56,53.02],[83.58,52.99],[83.59,52.94],[83.6,52.91],[83.61,52.88],[83.62,52.87],[83.62,52.86],[83.62,52.85],[83.63,52.83],[83.64,52.79],[83.66,52.74],[83.67,52.71],[83.68,52.69],[83.69,52.67],[83.69,52.65],[83.7,52.63],[83.71,52.59],[83.73,52.55],[83.74,52.51],[83.75,52.49],[83.76,52.48],[83.76,52.47],[83.76,52.46],[83.77,52.44],[83.78,52.41],[83.8,52.37],[83.81,52.33],[83.83,52.29],[83.84,52.25],[83.85,52.22],[83.86,52.18],[83.87,52.15],[83.88,52.11],[83.9,52.08],[83.91,52.04],[83.92,52.01],[83.92,51.97],[83.93,51.93],[83.94,51.9],[83.95,51.86],[83.96,51.83],[83.97,51.79],[83.97,51.75],[83.98,51.72],[83.99,51.68],[84.0,51.65],[84.0,51.61],[84.01,51.57],[84.01,51.54],[84.02,51.5],[84.02,51.46],[84.03,51.43],[84.03,51.39],[84.03,51.35],[84.04,51.31],[84.04,51.27],[84.04,51.23],[84.05,51.19],[84.05,51.16],[84.05,51.13],[84.05,51.12],[84.05,51.11],[84.05,51.1],[84.05,51.07],[84.06,51.04],[84.06,50.99],[84.06,50.95],[84.07,50.93],[84.07,50.91],[84.07,50.89],[84.07,50.87],[84.07,50.83],[84.08,50.78],[84.08,50.74],[84.08,50.72],[84.09,50.7],[84.09,50.69],[84.09,50.66],[84.09,50.62],[84.1,50.57],[84.1,50.54],[84.11,50.51],[84.11,50.5],[84.11,50.49],[84.11,50.48],[84.11,50.45],[84.12,50.42],[84.12,50.37],[84.13,50.33],[84.13,50.31],[84.13,50.29],[84.13,50.27],[84.14,50.25],[84.14,50.21],[84.15,50.16],[84.15,50.12],[84.16,50.1],[84.16,50.08],[84.16,50.07],[84.16,50.04],[84.17,50.0],[84.18,49.96],[84.18,49.92],[84.18,49.89],[84.19,49.88],[84.19,49.87],[84.19,49.86],[84.19,49.83],[84.2,49.8],[84.21,49.75],[84.21,49.71],[84.22,49.69],[84.22,49.67],[84.22,49.66],[84.23,49.63],[84.23,49.6],[84.24,49.56],[84.24,49.52],[84.25,49.49],[84.25,49.45],[84.26,49.42],[84.26,49.39],[84.26,49.35],[84.27,49.32],[84.27,49.29],[84.27,49.26],[84.27,49.23],[84.27,49.2],[84.27,49.17],[84.27,49.14],[84.27,49.11],[84.27,49.08],[84.27,49.05],[84.27,49.02],[84.27,48.99],[84.27,48.96],[84.26,48.93],[84.26,48.9],[84.26,48.87],[84.25,48.85],[84.25,48.82],[84.24,48.79],[84.24,48.76],[84.23,48.74],[84.23,48.71],[84.22,48.68],[84.21,48.65],[84.21,48.61],[84.2,48.58],[84.19,48.55],[84.18,48.53],[84.18,48.52],[84.18,48.5],[84.17,48.48],[84.16,48.45],[84.15,48.4],[84.14,48.37],[84.14,48.35],[84.13,48.33],[84.13,48.31],[84.12,48.29],[84.12,48.26],[84.11,48.21],[84.1,48.18],[84.09,48.16],[84.09,48.14],[84.09,48.12],[84.08,48.1],[84.07,48.07],[84.06,48.02],[84.06,47.99],[84.05,47.96],[84.05,47.95],[84.04,47.93],[84.04,47.91],[84.03,47.87],[84.02,47.83],[84.02,47.8],[84.01,47.77],[84.01,47.76],[84.01,47.75],[84.01,47.74],[84.0,47.72],[84.0,47.68],[83.99,47.64],[83.98,47.61],[83.98,47.58],[83.97,47.57],[83.97,47.56],[83.97,47.55],[83.97,47.52],[83.96,47.49],[83.95,47.45],[83.95,47.41],[83.94,47.39],[83.94,47.38],[83.94,47.37],[83.94,47.36],[83.94,47.33],[83.93,47.3],[83.92,47.25],[83.92,47.22],[83.92,47.2],[83.91,47.18],[83.91,47.16],[83.91,47.14],[83.9,47.11],[83.9,47.06],[83.89,47.03],[83.89,47.0],[83.89,46.99],[83.88,46.97],[83.88,46.95],[83.88,46.91],[83.87,46.87],[83.87,46.84],[83.87,46.81],[83.86,46.8],[83.86,46.78],[83.86,46.76],[83.86,46.72],[83.85,46.68],[83.85,46.65],[83.84,46.62],[83.84,46.61],[83.84,46.59],[83.84,46.57],[83.84,46.53],[83.83,46.49],[83.83,46.46],[83.83,46.43],[83.82,46.42],[83.82,46.41],[83.82,46.4],[83.82,46.38],[83.82,46.34],[83.81,46.3],[83.81,46.26],[83.81,46.24],[83.81,46.23],[83.81,46.22],[83.81,46.21],[83.81,46.19],[83.8,46.15],[83.8,46.11],[83.8,46.07],[83.8,46.05],[83.8,46.04],[83.8,46.03],[83.79,46.02],[83.79,45.99],[83.79,45.96],[83.79,45.92],[83.79,45.88],[83.79,45.86],[83.78,45.84],[83.78,45.83],[83.78,45.8],[83.78,45.77],[83.78,45.73],[83.78,45.69],[83.78,45.67],[83.78,45.65],[83.78,45.64],[83.78,45.61],[83.77,45.58],[83.77,45.53],[83.77,45.5],[83.77,45.48],[83.77,45.47],[83.77,45.46],[83.77,45.45],[83.77,45.43],[83.77,45.4],[83.77,45.35],[83.77,45.32],[83.77,45.3],[83.77,45.29],[83.77,45.28],[83.77,45.27],[83.76,45.25],[83.76,45.22],[83.76,45.17],[83.76,45.14],[83.76,45.12],[83.76,45.1],[83.76,45.09],[83.76,45.07],[83.76,45.04],[83.76,44.99],[83.76,44.96],[83.76,44.93],[83.76,44.92],[83.76,44.91],[83.76,44.89],[83.76,44.85],[83.76,44.81],[83.76,44.78],[83.76,44.75],[83.76,44.74],[83.76,44.73],[83.75,44.71],[83.75,44.67],[83.75,44.63],[83.75,44.6],[83.75,44.57],[83.75,44.56],[83.75,44.55],[83.75,44.53],[83.75,44.49],[83.75,44.45],[83.75,44.41],[83.75,44.39],[83.75,44.38],[83.75,44.37],[83.75,44.34],[83.75,44.31],[83.75,44.27],[83.75,44.23],[83.75,44.21],[83.75,44.2],[83.75,44.19],[83.75,44.16],[83.75,44.13],[83.75,44.09],[83.75,44.05],[83.75,44.03],[83.75,44.01],[83.75,43.99],[83.75,43.97],[83.75,43.93],[83.75,43.89],[83.75,43.86],[83.75,43.83],[83.75,43.82],[83.75,43.81],[83.75,43.8],[83.76,43.77],[83.76,43.74],[83.76,43.69],[83.76,43.66],[83.76,43.64],[83.76,43.62],[83.76,43.6],[83.76,43.58],[83.77,43.54],[83.77,43.5],[83.77,43.47],[83.77,43.44],[83.77,43.43],[83.77,43.42],[83.77,43.41],[83.78,43.39],[83.78,43.35],[83.78,43.31],[83.78,43.28],[83.79,43.25],[83.79,43.24],[83.79,43.23],[83.79,43.22],[83.79,43.2],[83.79,43.16],[83.8,43.12],[83.8,43.09],[83.8,43.07],[83.81,43.05],[83.81,43.03],[83.81,43.01],[83.81,42.98],[83.82,42.94],[83.82,42.9],[83.83,42.88],[83.83,42.87],[83.83,42.86],[83.83,42.84],[83.83,42.82],[83.84,42.79],[83.84,42.75],[83.85,42.72],[83.85,42.7],[83.85,42.68],[83.86,42.66],[83.86,42.64],[83.87,42.61],[83.87,42.57],[83.88,42.54],[83.88,42.5],[83.89,42.46],[83.89,42.43],[83.9,42.39],[83.9,42.36],[83.91,42.32],[83.91,42.29],[83.92,42.25],[83.92,42.22],[83.93,42.18],[83.93,42.15],[83.94,42.11],[83.94,42.08],[83.94,42.04],[83.95,42.01],[83.95,41.97],[83.96,41.94],[83.96,41.9],[83.96,41.87],[83.97,41.83],[83.97,41.8],[83.97,41.76],[83.97,41.73],[83.98,41.69],[83.98,41.66],[83.98,41.62],[83.98,41.58],[83.99,41.55],[83.99,41.51],[83.99,41.48],[83.99,41.44],[83.99,41.41],[84.0,41.38],[84.0,41.36],[84.0,41.35],[84.0,41.33],[84.0,41.31],[84.0,41.28],[84.01,41.24],[84.01,41.2],[84.01,41.18],[84.01,41.16],[84.02,41.15],[84.02,41.13],[84.02,41.11],[84.03,41.07],[84.03,41.03],[84.04,41.0],[84.04,40.98],[84.04,40.96],[84.04,40.95],[84.05,40.93],[84.05,40.9],[84.06,40.87],[84.06,40.83],[84.07,40.8],[84.07,40.78],[84.08,40.76],[84.08,40.75],[84.08,40.73],[84.09,40.7],[84.1,40.67],[84.1,40.63],[84.11,40.6],[84.12,40.58],[84.12,40.56],[84.12,40.55],[84.13,40.53],[84.13,40.5],[84.14,40.47],[84.15,40.44],[84.16,40.4],[84.17,40.38],[84.17,40.36],[84.18,40.35],[84.18,40.33],[84.19,40.31],[84.2,40.28],[84.21,40.24],[84.22,40.21],[84.23,40.18],[84.23,40.17],[84.24,40.15],[84.24,40.14],[84.25,40.11],[84.26,40.08],[84.27,40.05],[84.29,40.01],[84.29,39.99],[84.3,39.97],[84.3,39.96],[84.31,39.95],[84.32,39.92],[84.33,39.89],[84.35,39.86],[84.36,39.82],[84.37,39.79],[84.39,39.75],[84.4,39.72],[84.41,39.69],[84.43,39.65],[84.44,39.62],[84.45,39.59],[84.46,39.55],[84.48,39.52],[84.49,39.48],[84.5,39.45],[84.51,39.42],[84.52,39.38],[84.54,39.35],[84.55,39.31],[84.56,39.28],[84.57,39.25],[84.58,39.21],[84.59,39.18],[84.61,39.14],[84.62,39.11],[84.63,39.08],[84.64,39.04],[84.65,39.01],[84.66,38.97],[84.67,38.94],[84.68,38.9],[84.69,38.87],[84.7,38.83],[84.71,38.8],[84.72,38.76],[84.73,38.73],[84.74,38.71],[84.74,38.7],[84.75,38.68],[84.75,38.66],[84.76,38.63],[84.78,38.59],[84.78,38.57],[84.79,38.54],[84.79,38.53],[84.8,38.53],[84.8,38.51],[84.81,38.49],[84.82,38.46],[84.83,38.43],[84.84,38.4],[84.85,38.38],[84.85,38.36],[84.86,38.35],[84.86,38.33],[84.87,38.3],[84.89,38.26],[84.9,38.23],[84.9,38.21],[84.91,38.2],[84.91,38.19],[84.91,38.18],[84.92,38.16],[84.93,38.13],[84.94,38.09],[84.96,38.07],[84.96,38.04],[84.97,38.03],[84.97,38.02],[84.98,37.99],[84.99,37.97],[85.01,37.93],[85.02,37.9],[85.03,37.88],[85.03,37.87],[85.03,37.86],[85.04,37.85],[85.05,37.83],[85.06,37.8],[85.07,37.76],[85.08,37.74],[85.09,37.72],[85.1,37.7],[85.1,37.69],[85.11,37.67],[85.12,37.64],[85.14,37.6],[85.15,37.57],[85.16,37.55],[85.16,37.54],[85.17,37.54],[85.17,37.52],[85.18,37.51],[85.19,37.48],[85.2,37.45],[85.22,37.41],[85.23,37.38],[85.25,37.35],[85.26,37.32],[85.27,37.28],[85.28,37.25],[85.3,37.22],[85.31,37.19],[85.32,37.16],[85.33,37.13],[85.34,37.1],[85.36,37.06],[85.37,37.03],[85.38,37.0],[85.39,36.97],[85.4,36.94],[85.41,36.9],[85.42,36.87],[85.43,36.84],[85.44,36.81],[85.45,36.78],[85.46,36.74],[85.47,36.71],[85.48,36.68],[85.49,36.65],[85.5,36.61],[85.51,36.58],[85.52,36.55],[85.53,36.52],[85.54,36.48],[85.54,36.45],[85.55,36.41],[85.56,36.38],[85.57,36.34],[85.58,36.3],[85.59,36.27],[85.6,36.23],[85.61,36.19],[85.62,36.16],[85.62,36.12],[85.63,36.08],[85.64,36.04],[85.65,36.01],[85.66,35.97],[85.67,35.93],[85.68,35.9],[85.68,35.86],[85.69,35.82],[85.7,35.78],[85.71,35.75],[85.72,35.71],[85.73,35.67],[85.73,35.64],[85.74,35.6],[85.75,35.56],[85.76,35.52],[85.77,35.49],[85.77,35.45],[85.78,35.41],[85.79,35.38],[85.8,35.34],[85.8,35.3],[85.81,35.26],[85.82,35.23],[85.83,35.19],[85.83,35.15],[85.84,35.11],[85.85,35.07],[85.86,35.03],[85.87,35.0],[85.87,34.96],[85.88,34.92],[85.89,34.88],[85.9,34.84],[85.9,34.8],[85.91,34.76],[85.92,34.73],[85.93,34.69],[85.93,34.65],[85.94,34.61],[85.95,34.57],[85.96,34.53],[85.96,34.5],[85.97,34.46],[85.98,34.42],[85.98,34.38],[85.99,34.34],[86.0,34.3],[86.01,34.26],[86.01,34.23],[86.02,34.19],[86.03,34.15],[86.04,34.11],[86.04,34.08],[86.05,34.04],[86.05,34.01],[86.06,33.98],[86.06,33.95],[86.07,33.93],[86.07,33.9],[86.07,33.88],[86.08,33.85],[86.08,33.83],[86.08,33.81],[86.08,33.78],[86.09,33.76],[86.09,33.74],[86.09,33.72],[86.09,33.7],[86.09,33.67],[86.09,33.65],[86.09,33.63],[86.09,33.62],[86.09,33.6],[86.09,33.58],[86.08,33.56],[86.08,33.54],[86.08,33.52],[86.08,33.51],[86.08,33.49],[86.07,33.47],[86.07,33.46],[86.07,33.44],[86.07,33.42],[86.06,33.41],[86.06,33.39],[86.05,33.36],[86.05,33.34],[86.04,33.32],[86.04,33.31],[86.04,33.3],[86.03,33.29],[86.03,33.28],[86.02,33.25],[86.02,33.22],[86.01,33.19],[86.0,33.18],[86.0,33.17],[86.0,33.16],[86.0,33.14],[85.99,33.12],[85.98,33.08],[85.98,33.06],[85.97,33.04],[85.97,33.03],[85.97,33.02],[85.96,33.01],[85.96,32.98],[85.95,32.95],[85.94,32.92],[85.94,32.91],[85.94,32.9],[85.93,32.89],[85.93,32.87],[85.92,32.85],[85.92,32.81],[85.91,32.79],[85.91,32.77],[85.9,32.76],[85.9,32.75],[85.9,32.73],[85.89,32.71],[85.89,32.68],[85.88,32.65],[85.88,32.64],[85.87,32.63],[85.87,32.62],[85.87,32.6],[85.86,32.57],[85.85,32.54],[85.85,32.52],[85.84,32.5],[85.84,32.49],[85.84,32.48],[85.84,32.46],[85.83,32.44],[85.82,32.41],[85.82,32.38],[85.81,32.36],[85.81,32.35],[85.81,32.34],[85.81,32.33],[85.8,32.3],[85.79,32.27],[85.79,32.25],[85.79,32.23],[85.78,32.22],[85.78,32.21],[85.78,32.2],[85.78,32.18],[85.77,32.16],[85.76,32.13],[85.76,32.1],[85.76,32.08],[85.75,32.07],[85.75,32.06],[85.75,32.04],[85.74,32.02],[85.74,31.98],[85.73,31.96],[85.73,31.94],[85.73,31.93],[85.72,31.92],[85.72,31.9],[85.72,31.87],[85.71,31.84],[85.71,31.81],[85.7,31.8],[85.7,31.79],[85.7,31.78],[85.7,31.77],[85.7,31.75],[85.69,31.73],[85.69,31.7],[85.68,31.67],[85.68,31.65],[85.68,31.64],[85.67,31.63],[85.67,31.61],[85.67,31.58],[85.66,31.55],[85.66,31.52],[85.66,31.51],[85.65,31.5],[85.65,31.49],[85.65,31.48],[85.65,31.46],[85.65,31.44],[85.64,31.41],[85.64,31.38],[85.63,31.36],[85.63,31.35],[85.63,31.34],[85.63,31.32],[85.63,31.29],[85.62,31.26],[85.62,31.23],[85.61,31.22],[85.61,31.21],[85.61,31.2],[85.61,31.19],[85.61,31.17],[85.61,31.15],[85.6,31.12],[85.6,31.09],[85.6,31.07],[85.6,31.06],[85.59,31.05],[85.59,31.03],[85.59,31.01],[85.59,30.98],[85.58,30.95],[85.58,30.93],[85.58,30.92],[85.58,30.91],[85.58,30.9],[85.57,30.87],[85.57,30.84],[85.57,30.81],[85.57,30.8],[85.56,30.79],[85.56,30.78],[85.56,30.77],[85.56,30.76],[85.56,30.73],[85.56,30.7],[85.55,30.67],[85.55,30.66],[85.55,30.65],[85.55,30.64],[85.55,30.62],[85.54,30.59],[85.54,30.56],[85.54,30.53],[85.54,30.52],[85.54,30.51],[85.54,30.5],[85.53,30.48],[85.53,30.45],[85.53,30.42],[85.53,30.4],[85.52,30.38],[85.52,30.37],[85.52,30.36],[85.52,30.34],[85.52,30.32],[85.52,30.28],[85.51,30.26],[85.51,30.24],[85.51,30.23],[85.51,30.22],[85.51,30.2],[85.51,30.18],[85.5,30.14],[85.5,30.12],[85.5,30.1],[85.5,30.09],[85.5,30.08],[85.5,30.07],[85.5,30.05],[85.5,30.03],[85.49,30.01],[85.49,30.0],[85.49,29.99],[85.49,29.98],[85.49,29.97],[85.48,29.97],[85.46,29.95],[85.45,29.94],[85.44,29.93],[85.43,29.92],[85.42,29.92],[85.42,29.91],[85.41,29.91],[85.39,29.89],[85.37,29.88],[85.36,29.86],[85.35,29.86],[85.34,29.85],[85.33,29.84],[85.31,29.83],[85.29,29.81],[85.27,29.8],[85.26,29.79],[85.26,29.78],[85.25,29.78],[85.24,29.77],[85.23,29.76],[85.21,29.74],[85.19,29.73],[85.18,29.72],[85.18,29.71],[85.17,29.71],[85.16,29.7],[85.15,29.69],[85.13,29.67],[85.11,29.66],[85.1,29.65],[85.09,29.64],[85.08,29.63],[85.07,29.62],[85.05,29.6],[85.03,29.59],[85.02,29.58],[85.01,29.58],[85.01,29.57],[85.0,29.56],[84.98,29.55],[84.96,29.53],[84.95,29.52],[84.94,29.51],[84.93,29.51],[84.93,29.5],[84.92,29.5],[84.9,29.48],[84.88,29.47],[84.86,29.45],[84.84,29.43],[84.82,29.42],[84.81,29.4],[84.79,29.38],[84.77,29.37],[84.75,29.35],[84.73,29.33],[84.71,29.32],[84.69,29.3],[84.67,29.28],[84.65,29.27],[84.63,29.25],[84.61,29.24],[84.59,29.22],[84.57,29.2],[84.55,29.19],[84.53,29.17],[84.51,29.15],[84.49,29.14],[84.47,29.12],[84.45,29.1],[84.43,29.09],[84.41,29.07],[84.39,29.06],[84.37,29.04],[84.35,29.02],[84.33,29.01],[84.31,28.99],[84.29,28.97],[84.28,28.96],[84.26,28.94],[84.24,28.93],[84.22,28.91],[84.2,28.9],[84.18,28.88],[84.16,28.87],[84.14,28.85],[84.12,28.83],[84.11,28.82],[84.09,28.8],[84.07,28.79],[84.05,28.77],[84.03,28.76],[84.01,28.74],[83.99,28.73],[83.97,28.71],[83.95,28.7],[83.93,28.69],[83.92,28.67],[83.9,28.66],[83.88,28.64],[83.86,28.63],[83.84,28.61],[83.82,28.6],[83.8,28.58],[83.78,28.57],[83.76,28.55],[83.74,28.54],[83.72,28.52],[83.71,28.51],[83.69,28.5],[83.68,28.49],[83.67,28.48],[83.66,28.48],[83.65,28.47],[83.64,28.47],[83.63,28.47],[83.63,28.46],[83.62,28.46],[83.61,28.46],[83.6,28.46],[83.59,28.46],[83.59,28.45],[83.58,28.45],[83.57,28.45],[83.56,28.45],[83.55,28.45],[83.54,28.45],[83.52,28.45],[83.51,28.45],[83.49,28.45],[83.47,28.45],[83.45,28.45],[83.43,28.45],[83.4,28.45],[83.37,28.45],[83.34,28.45],[83.31,28.45],[83.28,28.45],[83.25,28.45],[83.22,28.45],[83.19,28.45],[83.16,28.45],[83.13,28.45],[83.1,28.45],[83.07,28.45],[83.04,28.45],[83.01,28.45],[82.98,28.45],[82.95,28.45],[82.92,28.45],[82.89,28.45],[82.86,28.45],[82.83,28.45],[82.8,28.45],[82.77,28.45],[82.73,28.45],[82.7,28.46],[82.67,28.46],[82.64,28.46],[82.61,28.46],[82.58,28.46],[82.56,28.46],[82.53,28.46],[82.5,28.46],[82.48,28.46],[82.45,28.47],[82.43,28.47],[82.41,28.47],[82.39,28.47],[82.37,28.47],[82.34,28.48],[82.32,28.48],[82.3,28.48],[82.28,28.48],[82.26,28.49],[82.24,28.49],[82.22,28.49],[82.19,28.5],[82.17,28.5],[82.15,28.5],[82.13,28.51],[82.11,28.51],[82.09,28.52],[82.07,28.52],[82.05,28.53],[82.03,28.53],[82.0,28.54],[81.98,28.54],[81.96,28.55],[81.94,28.55],[81.92,28.56],[81.9,28.57],[81.88,28.57],[81.85,28.58],[81.83,28.59],[81.8,28.6],[81.78,28.61],[81.75,28.62],[81.72,28.63],[81.69,28.64],[81.66,28.65],[81.63,28.66],[81.6,28.67],[81.57,28.68],[81.54,28.69],[81.51,28.7],[81.48,28.71],[81.45,28.72],[81.42,28.73],[81.39,28.74],[81.36,28.75],[81.33,28.76],[81.3,28.77],[81.27,28.78],[81.24,28.79],[81.21,28.8],[81.18,28.81],[81.15,28.82],[81.12,28.83],[81.09,28.84],[81.06,28.85],[81.03,28.86],[81.0,28.87],[80.97,28.88],[80.94,28.89],[80.91,28.9],[80.88,28.91],[80.85,28.92],[80.83,28.93],[80.8,28.94],[80.78,28.95],[80.75,28.96],[80.73,28.97],[80.7,28.98],[80.68,28.99],[80.65,29.0],[80.63,29.01],[80.6,29.02],[80.58,29.03],[80.55,29.04],[80.53,29.05],[80.51,29.06],[80.48,29.07],[80.46,29.08],[80.43,29.09],[80.41,29.1],[80.38,29.11],[80.36,29.13],[80.33,29.14],[80.31,29.15],[80.28,29.16],[80.26,29.17],[80.23,29.19],[80.21,29.2],[80.18,29.21],[80.16,29.23],[80.13,29.24],[80.1,29.25],[80.08,29.27],[80.05,29.28],[80.02,29.3],[79.99,29.31],[79.96,29.33],[79.93,29.35],[79.9,29.36],[79.87,29.38],[79.84,29.4],[79.81,29.41],[79.78,29.43],[79.75,29.45],[79.72,29.46],[79.69,29.48],[79.66,29.5],[79.63,29.51],[79.6,29.53],[79.57,29.54],[79.54,29.56],[79.51,29.58],[79.48,29.59],[79.45,29.61],[79.42,29.63],[79.39,29.64],[79.36,29.66],[79.33,29.68],[79.3,29.69],[79.27,29.71],[79.24,29.73],[79.21,29.74],[79.18,29.76],[79.15,29.78],[79.12,29.79],[79.09,29.81],[79.06,29.82],[79.04,29.83],[79.03,29.84],[79.01,29.85],[78.99,29.86],[78.97,29.87],[78.94,29.89],[78.91,29.9],[78.9,29.91],[78.88,29.91],[78.88,29.92],[78.86,29.92],[78.85,29.93],[78.82,29.94],[78.79,29.96],[78.76,29.97],[78.75,29.98],[78.73,29.99],[78.71,30.0],[78.69,30.0],[78.67,30.02],[78.64,30.03],[78.61,30.04],[78.59,30.05],[78.58,30.05],[78.57,30.06],[78.56,30.06],[78.54,30.07],[78.52,30.08],[78.49,30.09],[78.46,30.11],[78.44,30.11],[78.43,30.12],[78.42,30.12],[78.41,30.13],[78.39,30.13],[78.36,30.14],[78.33,30.16],[78.31,30.17],[78.29,30.17],[78.27,30.18],[78.25,30.19],[78.23,30.19],[78.21,30.2],[78.18,30.21],[78.15,30.22],[78.13,30.23],[78.12,30.24],[78.11,30.24],[78.1,30.24],[78.08,30.25],[78.05,30.26],[78.02,30.27],[77.99,30.28],[77.97,30.28],[77.96,30.29],[77.95,30.29],[77.94,30.29],[77.92,30.3],[77.89,30.31],[77.86,30.32],[77.83,30.33],[77.8,30.34],[77.77,30.34],[77.74,30.35],[77.71,30.36],[77.68,30.37],[77.66,30.38],[77.63,30.39],[77.6,30.4],[77.57,30.41],[77.54,30.42],[77.51,30.43],[77.48,30.44],[77.45,30.45],[77.42,30.46],[77.4,30.47],[77.37,30.48],[77.34,30.49],[77.31,30.5],[77.28,30.51],[77.25,30.53],[77.22,30.54],[77.2,30.55],[77.17,30.56],[77.14,30.57],[77.11,30.58],[77.08,30.59],[77.05,30.6],[77.02,30.62],[77.0,30.63],[76.97,30.64],[76.94,30.65],[76.91,30.66],[76.89,30.67],[76.87,30.68],[76.85,30.69],[76.83,30.69],[76.81,30.7],[76.78,30.71],[76.75,30.72],[76.72,30.73],[76.7,30.74],[76.68,30.75],[76.66,30.75],[76.64,30.76],[76.62,30.77],[76.59,30.78],[76.56,30.79],[76.53,30.79],[76.51,30.8],[76.49,30.81],[76.47,30.81],[76.45,30.82],[76.42,30.82],[76.4,30.83],[76.36,30.83],[76.34,30.84],[76.31,30.85],[76.29,30.85],[76.27,30.85],[76.25,30.86],[76.23,30.86],[76.2,30.87],[76.17,30.87],[76.14,30.88],[76.11,30.88],[76.09,30.88],[76.07,30.88],[76.05,30.89],[76.03,30.89],[76.0,30.89],[75.97,30.9],[75.94,30.9],[75.91,30.9],[75.89,30.9],[75.87,30.9],[75.85,30.9],[75.82,30.9],[75.8,30.91],[75.76,30.91],[75.74,30.91],[75.71,30.91],[75.69,30.91],[75.67,30.91],[75.65,30.91],[75.62,30.91],[75.59,30.9],[75.56,30.9],[75.53,30.9],[75.51,30.9],[75.49,30.9],[75.47,30.9],[75.44,30.9],[75.42,30.89],[75.39,30.89],[75.36,30.89],[75.34,30.88],[75.32,30.88],[75.31,30.88],[75.3,30.88],[75.29,30.88],[75.26,30.88],[75.23,30.87],[75.21,30.87],[75.19,30.87],[75.18,30.87],[75.17,30.87],[75.16,30.86],[75.13,30.86],[75.1,30.86],[75.08,30.86],[75.06,30.85],[75.05,30.85],[75.03,30.85],[75.01,30.85],[74.97,30.84],[74.95,30.84],[74.94,30.84],[74.93,30.84],[74.92,30.84],[74.9,30.83],[74.88,30.83],[74.85,30.83],[74.82,30.82],[74.81,30.82],[74.8,30.82],[74.79,30.82],[74.77,30.82],[74.75,30.82],[74.72,30.81],[74.69,30.81],[74.68,30.81],[74.67,30.81],[74.66,30.8],[74.64,30.8],[74.62,30.8],[74.59,30.8],[74.57,30.79],[74.55,30.79],[74.54,30.79],[74.53,30.79],[74.52,30.79],[74.49,30.78],[74.46,30.78],[74.44,30.78],[74.42,30.77],[74.41,30.77],[74.39,30.77],[74.37,30.77],[74.34,30.76],[74.31,30.76],[74.28,30.76],[74.26,30.75],[74.23,30.75],[74.2,30.75],[74.17,30.74],[74.15,30.74],[74.12,30.74],[74.09,30.73],[74.07,30.73],[74.04,30.73],[74.01,30.73],[73.99,30.72],[73.96,30.72],[73.93,30.72],[73.91,30.72],[73.88,30.72],[73.85,30.71],[73.82,30.71],[73.8,30.71],[73.77,30.71],[73.74,30.71],[73.72,30.71],[73.69,30.71],[73.66,30.7],[73.63,30.7],[73.61,30.7],[73.58,30.7],[73.55,30.7],[73.52,30.7],[73.5,30.7],[73.47,30.7],[73.44,30.7],[73.43,30.7],[73.42,30.7],[73.41,30.7],[73.4,30.7],[73.38,30.7],[73.36,30.7],[73.33,30.7],[73.3,30.7],[73.28,30.7],[73.27,30.7],[73.26,30.69],[73.24,30.69],[73.21,30.69],[73.18,30.69],[73.16,30.69],[73.14,30.69],[73.13,30.69],[73.12,30.69],[73.11,30.69],[73.09,30.69],[73.07,30.69],[73.04,30.68],[73.01,30.68],[72.99,30.68],[72.98,30.68],[72.97,30.68],[72.95,30.68],[72.92,30.68],[72.89,30.67],[72.87,30.67],[72.85,30.67],[72.84,30.67],[72.83,30.67],[72.82,30.67],[72.8,30.67],[72.78,30.66],[72.75,30.66],[72.72,30.66],[72.71,30.66],[72.7,30.65],[72.69,30.65],[72.68,30.65],[72.66,30.65],[72.64,30.65],[72.61,30.65],[72.58,30.64],[72.56,30.64],[72.55,30.64],[72.54,30.64],[72.52,30.63],[72.49,30.63],[72.46,30.63],[72.44,30.62],[72.42,30.62],[72.41,30.62],[72.4,30.62],[72.39,30.62],[72.37,30.62],[72.35,30.61],[72.32,30.61],[72.29,30.6],[72.26,30.6],[72.24,30.59],[72.22,30.59],[72.19,30.59],[72.17,30.58],[72.14,30.58],[72.12,30.57],[72.09,30.56],[72.06,30.56],[72.03,30.55],[72.0,30.54],[71.97,30.53],[71.94,30.52],[71.92,30.51],[71.9,30.5],[71.88,30.5],[71.85,30.49],[71.83,30.48],[71.8,30.47],[71.78,30.45],[71.75,30.44],[71.72,30.43],[71.7,30.42],[71.68,30.4],[71.66,30.39],[71.64,30.38],[71.63,30.37],[71.61,30.36],[71.59,30.35],[71.57,30.34],[71.54,30.32],[71.51,30.3],[71.49,30.28],[71.46,30.26],[71.44,30.24],[71.42,30.22],[71.39,30.19],[71.37,30.17],[71.35,30.15],[71.33,30.13],[71.31,30.11],[71.3,30.1],[71.3,30.09],[71.29,30.07],[71.27,30.06],[71.26,30.04],[71.24,30.02],[71.22,29.99],[71.21,29.97],[71.19,29.94],[71.18,29.92],[71.16,29.89],[71.15,29.87],[71.14,29.84],[71.13,29.82],[71.11,29.79],[71.1,29.76],[71.09,29.74],[71.08,29.71],[71.07,29.68],[71.07,29.66],[71.06,29.63],[71.05,29.6],[71.05,29.58],[71.04,29.56],[71.04,29.54],[71.04,29.53],[71.03,29.52],[71.03,29.5],[71.03,29.47],[71.02,29.45],[71.02,29.42],[71.02,29.39],[71.01,29.36],[71.01,29.33],[71.01,29.31],[71.01,29.28],[71.01,29.25],[71.02,29.22],[71.02,29.19],[71.02,29.17],[71.02,29.14],[71.03,29.11],[71.03,29.08],[71.04,29.05],[71.05,29.03],[71.05,29.0],[71.06,28.98],[71.06,28.96],[71.07,28.94],[71.07,28.93],[71.08,28.91],[71.08,28.89],[71.09,28.87],[71.1,28.84],[71.12,28.81],[71.13,28.78],[71.14,28.75],[71.15,28.73],[71.17,28.7],[71.18,28.67],[71.2,28.65],[71.22,28.62],[71.23,28.6],[71.24,28.58],[71.25,28.56],[71.26,28.55],[71.28,28.53],[71.29,28.51],[71.3,28.5],[71.32,28.47],[71.34,28.45],[71.36,28.43],[71.37,28.41],[71.39,28.39],[71.41,28.37],[71.43,28.36],[71.44,28.34],[71.45,28.33],[71.47,28.32],[71.48,28.31],[71.49,28.3],[71.5,28.28],[71.51,28.27],[71.52,28.26],[71.53,28.25],[71.55,28.24],[71.56,28.23],[71.57,28.22],[71.58,28.21],[71.59,28.2],[71.6,28.18],[71.61,28.17],[71.62,28.16],[71.63,28.15],[71.64,28.14],[71.65,28.13],[71.66,28.11],[71.67,28.1],[71.68,28.09],[71.69,28.08],[71.7,28.07],[71.71,28.05],[71.72,28.04],[71.73,28.03],[71.74,28.02],[71.75,28.01],[71.76,27.99],[71.77,27.98],[71.78,27.97],[71.79,27.95],[71.8,27.94],[71.81,27.93],[71.82,27.92],[71.83,27.91],[71.83,27.9],[71.84,27.89],[71.86,27.87],[71.87,27.86],[71.88,27.84],[71.89,27.83],[71.9,27.82],[71.91,27.81],[71.92,27.8],[71.93,27.79],[71.94,27.77],[71.95,27.76],[71.97,27.74],[71.98,27.73],[71.99,27.72],[71.99,27.71],[72.0,27.7],[72.01,27.69],[72.03,27.68],[72.04,27.66],[72.05,27.65],[72.06,27.64],[72.07,27.63],[72.08,27.62],[72.09,27.61],[72.1,27.6],[72.12,27.59],[72.13,27.57],[72.14,27.56],[72.16,27.55],[72.17,27.54],[72.17,27.53],[72.18,27.53],[72.2,27.51],[72.21,27.5],[72.23,27.49],[72.24,27.48],[72.25,27.47],[72.26,27.46],[72.27,27.45],[72.28,27.44],[72.29,27.43],[72.31,27.42],[72.32,27.41],[72.34,27.39],[72.35,27.38],[72.36,27.38],[72.37,27.37],[72.38,27.36],[72.39,27.35],[72.41,27.34],[72.42,27.33],[72.44,27.32],[72.45,27.31],[72.46,27.3],[72.47,27.29],[72.48,27.28],[72.49,27.27],[72.51,27.26],[72.53,27.25],[72.54,27.24],[72.56,27.23],[72.58,27.22],[72.59,27.2],[72.61,27.19],[72.63,27.18],[72.64,27.17],[72.66,27.16],[72.68,27.15],[72.69,27.13],[72.71,27.12],[72.72,27.11],[72.74,27.1],[72.76,27.09],[72.77,27.08],[72.79,27.06],[72.81,27.05],[72.82,27.04],[72.84,27.03],[72.86,27.02],[72.87,27.0],[72.89,26.99],[72.9,26.98],[72.92,26.97],[72.94,26.96],[72.95,26.94],[72.97,26.93],[72.99,26.92],[73.0,26.91],[73.02,26.9],[73.04,26.88],[73.05,26.87],[73.07,26.86],[73.09,26.85],[73.11,26.83],[73.13,26.82],[73.15,26.8],[73.17,26.79],[73.19,26.78],[73.21,26.76],[73.23,26.75],[73.25,26.74],[73.27,26.73],[73.29,26.72],[73.31,26.71],[73.34,26.7],[73.36,26.69],[73.38,26.67],[73.4,26.66],[73.42,26.65],[73.44,26.65],[73.46,26.64],[73.48,26.63],[73.5,26.62],[73.52,26.61],[73.54,26.6],[73.57,26.59],[73.59,26.58],[73.61,26.57],[73.62,26.57],[73.64,26.56],[73.66,26.55],[73.69,26.55],[73.71,26.54],[73.74,26.53],[73.76,26.52],[73.77,26.52],[73.79,26.51],[73.81,26.5],[73.83,26.5],[73.85,26.49],[73.88,26.48],[73.91,26.48],[73.93,26.47],[73.94,26.46],[73.96,26.46],[73.97,26.46],[74.0,26.45],[74.02,26.44],[74.05,26.44],[74.08,26.43],[74.1,26.43],[74.12,26.42],[74.13,26.42],[74.15,26.42],[74.17,26.41],[74.2,26.41],[74.23,26.4],[74.26,26.39],[74.28,26.39],[74.3,26.39],[74.31,26.38],[74.32,26.38],[74.35,26.38],[74.38,26.37],[74.41,26.37],[74.44,26.36],[74.46,26.36],[74.47,26.36],[74.48,26.36],[74.5,26.35],[74.53,26.35],[74.56,26.34],[74.59,26.34],[74.61,26.33],[74.62,26.33],[74.63,26.33],[74.65,26.33],[74.67,26.32],[74.71,26.32],[74.74,26.31],[74.76,26.31],[74.77,26.31],[74.78,26.31],[74.8,26.3],[74.82,26.3],[74.86,26.29],[74.89,26.29],[74.91,26.29],[74.92,26.29],[74.93,26.28],[74.94,26.28],[74.97,26.28],[75.01,26.27],[75.04,26.27],[75.05,26.26],[75.06,26.26],[75.07,26.26],[75.09,26.26],[75.12,26.25],[75.16,26.25],[75.18,26.24],[75.2,26.24],[75.21,26.24],[75.22,26.24],[75.24,26.24],[75.27,26.23],[75.31,26.23],[75.33,26.22],[75.35,26.22],[75.36,26.22],[75.37,26.22],[75.39,26.21],[75.42,26.21],[75.46,26.2],[75.48,26.2],[75.5,26.2],[75.51,26.2],[75.52,26.19],[75.54,26.19],[75.56,26.19],[75.59,26.18],[75.62,26.18],[75.65,26.18],[75.68,26.17],[75.71,26.17],[75.73,26.16],[75.76,26.16],[75.79,26.15],[75.81,26.14],[75.84,26.14],[75.87,26.13],[75.89,26.13],[75.92,26.12],[75.94,26.11],[75.97,26.11],[75.99,26.1],[76.02,26.09],[76.05,26.08],[76.07,26.08],[76.1,26.07],[76.12,26.06],[76.15,26.05],[76.17,26.04],[76.2,26.03],[76.22,26.03],[76.25,26.02],[76.28,26.01],[76.3,26.0],[76.33,25.99],[76.35,25.98],[76.38,25.96],[76.41,25.95],[76.44,25.94],[76.47,25.93],[76.5,25.91],[76.53,25.9],[76.57,25.88],[76.6,25.87],[76.63,25.85],[76.67,25.84],[76.7,25.82],[76.74,25.81],[76.77,25.79],[76.8,25.78],[76.84,25.76],[76.87,25.75],[76.91,25.73],[76.94,25.72],[76.97,25.71],[77.01,25.69],[77.04,25.68],[77.08,25.66],[77.11,25.65],[77.14,25.63],[77.18,25.62],[77.21,25.6],[77.25,25.59],[77.28,25.57],[77.32,25.56],[77.35,25.54],[77.38,25.53],[77.42,25.51],[77.45,25.5],[77.48,25.49],[77.51,25.47],[77.54,25.46],[77.57,25.45],[77.6,25.43],[77.63,25.42],[77.66,25.41],[77.68,25.4],[77.71,25.39],[77.73,25.37],[77.75,25.36],[77.78,25.35],[77.8,25.34],[77.82,25.33],[77.84,25.32],[77.86,25.31],[77.88,25.3],[77.9,25.29],[77.92,25.28],[77.94,25.27],[77.95,25.26],[77.97,25.25],[77.99,25.24],[78.0,25.23],[78.01,25.22],[78.03,25.22],[78.04,25.21],[78.05,25.2],[78.06,25.19],[78.07,25.19],[78.08,25.18],[78.09,25.17],[78.1,25.16],[78.12,25.15],[78.13,25.15],[78.13,25.14],[78.14,25.14],[78.14,25.13],[78.15,25.13],[78.16,25.12],[78.17,25.11],[78.19,25.1],[78.21,25.09],[78.22,25.08],[78.23,25.08],[78.23,25.07],[78.24,25.06],[78.26,25.05],[78.28,25.04],[78.29,25.03],[78.3,25.02],[78.31,25.02],[78.32,25.01],[78.33,25.0],[78.34,25.0],[78.36,24.98],[78.38,24.97],[78.39,24.97],[78.39,24.96],[78.4,24.96],[78.4,24.95],[78.41,24.95],[78.43,24.94],[78.45,24.93],[78.46,24.92],[78.47,24.91],[78.48,24.91],[78.48,24.9],[78.49,24.9],[78.5,24.89],[78.49,24.89],[78.49,24.88],[78.48,24.88],[78.47,24.88],[78.47,24.87],[78.46,24.87],[78.44,24.86],[78.42,24.85],[78.4,24.84],[78.39,24.83],[78.38,24.83],[78.37,24.82],[78.36,24.82],[78.34,24.81],[78.32,24.8],[78.31,24.79],[78.29,24.78],[78.28,24.77],[78.27,24.77],[78.25,24.76],[78.23,24.74],[78.21,24.74],[78.2,24.73],[78.19,24.72],[78.18,24.72],[78.17,24.71],[78.15,24.7],[78.13,24.69],[78.11,24.68],[78.1,24.67],[78.09,24.67],[78.08,24.66],[78.07,24.65],[78.05,24.64],[78.03,24.63],[78.01,24.62],[78.0,24.61],[77.99,24.61],[77.98,24.6],[77.97,24.6],[77.95,24.59],[77.93,24.57],[77.91,24.56],[77.9,24.56],[77.89,24.55],[77.88,24.54],[77.87,24.54],[77.85,24.53],[77.83,24.51],[77.82,24.5],[77.8,24.5],[77.8,24.49],[77.79,24.49],[77.79,24.48],[77.77,24.48],[77.76,24.47],[77.74,24.45],[77.72,24.44],[77.71,24.43],[77.7,24.43],[77.69,24.42],[77.68,24.41],[77.66,24.4],[77.64,24.39],[77.62,24.38],[77.61,24.37],[77.6,24.37],[77.6,24.36],[77.59,24.36],[77.58,24.35],[77.57,24.34],[77.55,24.33],[77.53,24.31],[77.52,24.31],[77.51,24.3],[77.5,24.3],[77.49,24.29],[77.48,24.29],[77.47,24.29],[77.45,24.28],[77.44,24.28],[77.42,24.28],[77.39,24.27],[77.37,24.27],[77.35,24.26],[77.32,24.26],[77.29,24.26],[77.26,24.25],[77.22,24.25],[77.19,24.25],[77.15,24.24],[77.12,24.24],[77.08,24.24],[77.04,24.24],[76.99,24.23],[76.95,24.23],[76.9,24.23],[76.85,24.23],[76.81,24.23],[76.78,24.23],[76.77,24.23],[76.76,24.23],[76.75,24.23],[76.72,24.23],[76.67,24.23],[76.62,24.22],[76.57,24.22],[76.54,24.22],[76.53,24.22],[76.52,24.22],[76.51,24.22],[76.48,24.22],[76.44,24.22],[76.38,24.21],[76.34,24.21],[76.31,24.21],[76.29,24.21],[76.27,24.21],[76.24,24.21],[76.2,24.2],[76.14,24.2],[76.1,24.2],[76.07,24.2],[76.05,24.2],[76.03,24.19],[76.0,24.19],[75.96,24.19],[75.91,24.19],[75.86,24.18],[75.83,24.18],[75.82,24.18],[75.81,24.18],[75.8,24.18],[75.77,24.17],[75.72,24.17],[75.67,24.17],[75.63,24.16],[75.6,24.16],[75.58,24.16],[75.56,24.16],[75.53,24.15],[75.49,24.15],[75.43,24.14],[75.39,24.14],[75.36,24.14],[75.34,24.14],[75.32,24.13],[75.29,24.13],[75.25,24.13],[75.2,24.12],[75.15,24.12],[75.12,24.11],[75.11,24.11],[75.1,24.11],[75.09,24.11],[75.06,24.1],[75.02,24.1],[74.96,24.09],[74.92,24.09],[74.89,24.08],[74.87,24.08],[74.85,24.08],[74.82,24.08],[74.78,24.07],[74.73,24.06],[74.68,24.06],[74.65,24.05],[74.64,24.05],[74.62,24.05],[74.59,24.04],[74.55,24.04],[74.49,24.03],[74.45,24.02],[74.42,24.02],[74.4,24.02],[74.38,24.01],[74.36,24.01],[74.31,24.0],[74.26,23.99],[74.22,23.99],[74.19,23.98],[74.17,23.98],[74.15,23.98],[74.12,23.97],[74.08,23.97],[74.03,23.96],[73.98,23.95],[73.95,23.94],[73.94,23.94],[73.93,23.94],[73.92,23.94],[73.89,23.93],[73.85,23.92],[73.79,23.91],[73.75,23.91],[73.72,23.9],[73.7,23.9],[73.69,23.9],[73.66,23.89],[73.61,23.88],[73.56,23.87],[73.52,23.86],[73.49,23.86],[73.47,23.85],[73.45,23.85],[73.42,23.84],[73.38,23.84],[73.33,23.83],[73.29,23.82],[73.26,23.81],[73.24,23.81],[73.22,23.8],[73.19,23.8],[73.15,23.79],[73.1,23.78],[73.05,23.77],[73.0,23.76],[72.95,23.75],[72.9,23.74],[72.85,23.73],[72.81,23.72],[72.76,23.71],[72.71,23.7],[72.66,23.69],[72.61,23.69],[72.56,23.68],[72.51,23.67],[72.46,23.67],[72.41,23.66],[72.37,23.65],[72.32,23.65],[72.27,23.64],[72.22,23.63],[72.17,23.63],[72.12,23.62],[72.07,23.62],[72.02,23.61],[71.97,23.61],[71.92,23.61],[71.87,23.6],[71.82,23.6],[71.77,23.6],[71.72,23.59],[71.67,23.59],[71.62,23.59],[71.57,23.58],[71.52,23.58],[71.46,23.58],[71.41,23.58],[71.36,23.58],[71.3,23.57],[71.25,23.57],[71.19,23.57],[71.13,23.57],[71.08,23.57],[71.02,23.56],[70.97,23.56],[70.91,23.56],[70.86,23.56],[70.8,23.56],[70.75,23.55],[70.69,23.55],[70.63,23.55],[70.58,23.55],[70.52,23.55],[70.47,23.55],[70.41,23.54],[70.36,23.54],[70.3,23.54],[70.25,23.54],[70.19,23.54],[70.14,23.54],[70.08,23.53],[70.02,23.53],[69.97,23.53],[69.91,23.53],[69.86,23.53],[69.8,23.53],[69.75,23.52],[69.7,23.52],[69.67,23.52],[69.65,23.52],[69.63,23.52],[69.6,23.52],[69.56,23.52],[69.5,23.51],[69.46,23.51],[69.43,23.51],[69.41,23.51],[69.4,23.51],[69.38,23.51],[69.35,23.51],[69.31,23.5],[69.25,23.5],[69.21,23.5],[69.18,23.5],[69.16,23.49],[69.14,23.49],[69.11,23.49],[69.06,23.49],[69.01,23.48],[68.97,23.48],[68.94,23.47],[68.92,23.47],[68.91,23.47],[68.89,23.47],[68.86,23.47],[68.82,23.46],[68.76,23.46],[68.72,23.45],[68.69,23.45],[68.67,23.45],[68.65,23.44],[68.62,23.44],[68.58,23.43],[68.52,23.43],[68.48,23.42],[68.45,23.42],[68.43,23.42],[68.42,23.41],[68.4,23.41],[68.37,23.41],[68.33,23.4],[68.28,23.39],[68.23,23.39],[68.2,23.38],[68.18,23.38],[68.16,23.38],[68.13,23.37],[68.09,23.36],[68.03,23.35],[67.99,23.35],[67.96,23.34],[67.94,23.34],[67.92,23.33],[67.89,23.33],[67.85,23.32],[67.79,23.31],[67.74,23.3],[67.69,23.29],[67.64,23.28],[67.59,23.27],[67.54,23.26],[67.48,23.26],[67.43,23.25],[67.38,23.24],[67.33,23.23],[67.28,23.22],[67.23,23.21],[67.18,23.21],[67.13,23.2],[67.07,23.19],[67.02,23.18],[66.97,23.18],[66.92,23.17],[66.87,23.16],[66.82,23.16],[66.77,23.15],[66.71,23.15],[66.66,23.14],[66.61,23.13],[66.56,23.13],[66.51,23.12],[66.46,23.12],[66.4,23.11],[66.35,23.11],[66.3,23.1],[66.25,23.1],[66.19,23.09],[66.14,23.09],[66.1,23.09],[66.07,23.08],[66.06,23.08],[66.04,23.08],[66.02,23.08],[65.97,23.08],[65.92,23.07],[65.88,23.07],[65.85,23.07],[65.83,23.06],[65.82,23.06],[65.79,23.06],[65.75,23.06],[65.69,23.05],[65.65,23.05],[65.62,23.05],[65.61,23.05],[65.6,23.04],[65.57,23.04],[65.53,23.04],[65.47,23.03],[65.43,23.03],[65.4,23.03],[65.39,23.03],[65.37,23.02],[65.34,23.02],[65.3,23.02],[65.25,23.01],[65.2,23.01],[65.18,23.01],[65.16,23.01],[65.15,23.0],[65.12,23.0],[65.08,23.0],[65.02,22.99],[64.98,22.99],[64.95,22.99],[64.94,22.99],[64.94,22.98],[64.92,22.98],[64.89,22.98],[64.85,22.98],[64.8,22.97],[64.75,22.97],[64.73,22.97],[64.71,22.96],[64.7,22.96],[64.67,22.96],[64.63,22.96],[64.57,22.95],[64.53,22.95],[64.5,22.94],[64.49,22.94],[64.47,22.94],[64.45,22.94],[64.41,22.93],[64.35,22.93],[64.3,22.92],[64.25,22.92],[64.2,22.92],[64.15,22.91],[64.1,22.91],[64.05,22.9],[64.0,22.9],[63.95,22.9],[63.9,22.9],[63.85,22.89],[63.8,22.89],[63.75,22.89],[63.7,22.89],[63.65,22.89],[63.6,22.88],[63.55,22.88],[63.5,22.88],[63.46,22.88],[63.41,22.88],[63.36,22.88],[63.31,22.88],[63.26,22.88],[63.21,22.88],[63.16,22.88],[63.11,22.89],[63.06,22.89],[63.01,22.89],[62.96,22.89],[62.91,22.89],[62.86,22.9],[62.81,22.9],[62.76,22.9],[62.71,22.9],[62.66,22.91],[62.61,22.91],[62.55,22.91],[62.5,22.92],[62.45,22.92],[62.4,22.93],[62.35,22.93],[62.29,22.93],[62.24,22.94],[62.19,22.94],[62.14,22.95],[62.09,22.95],[62.04,22.96],[61.98,22.96],[61.93,22.97],[61.88,22.97],[61.83,22.98],[61.78,22.98],[61.73,22.99],[61.67,22.99],[61.62,23.0],[61.57,23.01],[61.52,23.01],[61.47,23.02],[61.41,23.03],[61.36,23.03],[61.31,23.04],[61.26,23.05],[61.21,23.05],[61.15,23.06],[61.1,23.07],[61.06,23.07],[61.03,23.08],[61.02,23.08],[61.0,23.08],[60.98,23.09],[60.93,23.09],[60.88,23.1],[60.84,23.1],[60.81,23.11],[60.8,23.11],[60.79,23.11],[60.78,23.11],[60.75,23.12],[60.71,23.12],[60.65,23.13],[60.61,23.13],[60.59,23.14],[60.57,23.14],[60.55,23.14],[60.53,23.14],[60.48,23.15],[60.43,23.16],[60.39,23.16],[60.36,23.16],[60.35,23.17],[60.34,23.17],[60.33,23.17],[60.3,23.17],[60.26,23.18],[60.2,23.18],[60.16,23.19],[60.14,23.19],[60.12,23.19],[60.1,23.19],[60.08,23.2],[60.03,23.2],[59.98,23.21],[59.94,23.21],[59.91,23.22],[59.9,23.22],[59.89,23.22],[59.88,23.22],[59.85,23.22],[59.81,23.23],[59.75,23.23],[59.71,23.24],[59.69,23.24],[59.67,23.24],[59.65,23.24],[59.63,23.25],[59.58,23.25],[59.53,23.25],[59.49,23.26],[59.46,23.26],[59.44,23.26],[59.43,23.26],[59.4,23.27],[59.36,23.27],[59.3,23.28],[59.25,23.28],[59.2,23.29],[59.14,23.29],[59.09,23.3],[59.03,23.3],[58.98,23.31],[58.92,23.31],[58.87,23.32],[58.82,23.32],[58.76,23.33],[58.71,23.33],[58.65,23.34],[58.6,23.34],[58.55,23.35],[58.49,23.36],[58.44,23.36],[58.38,23.37],[58.33,23.37],[58.27,23.38],[58.22,23.38],[58.17,23.39],[58.11,23.39],[58.06,23.4],[58.0,23.41],[57.95,23.41],[57.9,23.42],[57.84,23.42],[57.79,23.43],[57.73,23.43],[57.68,23.44],[57.62,23.45],[57.57,23.45],[57.53,23.46],[57.49,23.46],[57.47,23.46],[57.46,23.46],[57.44,23.46],[57.4,23.47],[57.36,23.47],[57.31,23.47],[57.26,23.48],[57.23,23.48],[57.21,23.48],[57.19,23.48],[57.17,23.48],[57.14,23.48],[57.09,23.48],[57.04,23.48],[57.0,23.49],[56.96,23.49],[56.94,23.49],[56.93,23.49],[56.91,23.49],[56.87,23.49],[56.83,23.48],[56.78,23.48],[56.73,23.48],[56.7,23.48],[56.68,23.48],[56.67,23.48],[56.64,23.48],[56.61,23.48],[56.57,23.48],[56.51,23.47],[56.47,23.47],[56.44,23.47],[56.42,23.47],[56.4,23.46],[56.38,23.46],[56.35,23.46],[56.31,23.45],[56.25,23.45],[56.21,23.44],[56.18,23.44],[56.15,23.44],[56.14,23.44],[56.12,23.43],[56.09,23.43],[56.05,23.42],[55.99,23.41],[55.95,23.41],[55.92,23.4],[55.9,23.4],[55.88,23.4],[55.86,23.39],[55.83,23.38],[55.79,23.38],[55.73,23.37],[55.69,23.36],[55.66,23.35],[55.64,23.35],[55.63,23.34],[55.6,23.34],[55.57,23.33],[55.53,23.32],[55.48,23.31],[55.44,23.3],[55.41,23.29],[55.4,23.29],[55.39,23.29],[55.36,23.28],[55.32,23.27],[55.27,23.26],[55.23,23.25],[55.21,23.24],[55.19,23.24],[55.18,23.23],[55.15,23.23],[55.11,23.22],[55.06,23.2],[55.02,23.19],[55.0,23.19],[54.98,23.18],[54.97,23.18],[54.94,23.17],[54.9,23.16],[54.85,23.15],[54.82,23.14],[54.79,23.13],[54.78,23.13],[54.77,23.13],[54.76,23.13],[54.74,23.12],[54.7,23.11],[54.65,23.1],[54.61,23.09],[54.58,23.08],[54.57,23.08],[54.55,23.07],[54.53,23.07],[54.49,23.05],[54.44,23.04],[54.4,23.03],[54.37,23.02],[54.36,23.02],[54.35,23.02],[54.32,23.01],[54.28,23.0],[54.23,22.99],[54.19,22.98],[54.17,22.97],[54.15,22.96],[54.14,22.96],[54.11,22.95],[54.07,22.94],[54.02,22.93],[53.98,22.92],[53.96,22.91],[53.94,22.91],[53.93,22.9],[53.91,22.9],[53.87,22.89],[53.82,22.87],[53.78,22.86],[53.73,22.85],[53.68,22.84],[53.64,22.83],[53.6,22.82],[53.55,22.81],[53.51,22.8],[53.46,22.79],[53.42,22.78],[53.37,22.77],[53.33,22.76],[53.28,22.75],[53.24,22.74],[53.19,22.73],[53.15,22.72],[53.1,22.71],[53.06,22.71],[53.01,22.7],[52.97,22.69],[52.92,22.68],[52.87,22.68],[52.83,22.67],[52.78,22.66],[52.74,22.66],[52.69,22.65],[52.65,22.65],[52.6,22.64],[52.55,22.64],[52.51,22.63],[52.46,22.63],[52.41,22.62],[52.36,22.62],[52.32,22.62],[52.3,22.61],[52.28,22.61],[52.27,22.61],[52.26,22.61],[52.23,22.61],[52.19,22.6],[52.13,22.6],[52.09,22.59],[52.06,22.59],[52.05,22.59],[52.04,22.59],[52.02,22.59],[51.99,22.58],[51.95,22.58],[51.9,22.57],[51.86,22.57],[51.83,22.56],[51.81,22.56],[51.79,22.56],[51.76,22.55],[51.72,22.55],[51.67,22.54],[51.63,22.53],[51.6,22.53],[51.58,22.53],[51.56,22.52],[51.53,22.52],[51.49,22.51],[51.44,22.5],[51.4,22.5],[51.37,22.49],[51.35,22.49],[51.33,22.49],[51.3,22.48],[51.26,22.47],[51.21,22.46],[51.17,22.46],[51.14,22.45],[51.12,22.45],[51.1,22.44],[51.07,22.44],[51.03,22.43],[50.98,22.42],[50.94,22.41],[50.91,22.4],[50.89,22.4],[50.87,22.39],[50.84,22.39],[50.8,22.38],[50.75,22.37],[50.71,22.36],[50.68,22.35],[50.66,22.35],[50.64,22.34],[50.61,22.34],[50.57,22.33],[50.52,22.31],[50.48,22.3],[50.46,22.3],[50.44,22.29],[50.43,22.29],[50.41,22.28],[50.37,22.28],[50.32,22.26],[50.28,22.25],[50.26,22.25],[50.25,22.25],[50.23,22.24],[50.21,22.24],[50.18,22.23],[50.13,22.22],[50.09,22.21],[50.07,22.2],[50.06,22.2],[50.05,22.2],[50.02,22.19],[49.99,22.18],[49.95,22.17],[49.91,22.16],[49.89,22.16],[49.88,22.15],[49.87,22.15],[49.85,22.15],[49.82,22.14],[49.77,22.13],[49.74,22.12],[49.72,22.11],[49.71,22.11],[49.7,22.11],[49.68,22.1],[49.65,22.1],[49.61,22.09],[49.58,22.08],[49.56,22.07],[49.55,22.07],[49.54,22.07],[49.52,22.06],[49.5,22.06],[49.46,22.05],[49.43,22.04],[49.41,22.03],[49.4,22.03],[49.39,22.03],[49.38,22.03],[49.35,22.02],[49.31,22.01],[49.29,22.0],[49.27,22.0],[49.26,22.0],[49.25,21.99],[49.24,21.99],[49.21,21.98],[49.18,21.97],[49.15,21.97],[49.12,21.96],[49.08,21.95],[49.05,21.94],[49.02,21.93],[48.99,21.92],[48.95,21.92],[48.92,21.91],[48.89,21.9],[48.86,21.89],[48.82,21.88],[48.79,21.87],[48.76,21.87],[48.73,21.86],[48.7,21.85],[48.66,21.84],[48.63,21.83],[48.6,21.82],[48.57,21.81],[48.53,21.81],[48.5,21.8],[48.47,21.79],[48.44,21.78],[48.41,21.77],[48.37,21.76],[48.34,21.75],[48.31,21.75],[48.28,21.74],[48.24,21.73],[48.21,21.72],[48.18,21.71],[48.15,21.7],[48.12,21.7],[48.1,21.69],[48.09,21.69],[48.08,21.69],[48.07,21.68],[48.05,21.68],[48.02,21.67],[47.99,21.66],[47.97,21.65],[47.95,21.65],[47.93,21.64],[47.91,21.64],[47.89,21.63],[47.87,21.62],[47.84,21.61],[47.81,21.6],[47.79,21.6],[47.78,21.59],[47.77,21.59],[47.76,21.59],[47.74,21.58],[47.71,21.57],[47.68,21.56],[47.66,21.55],[47.64,21.54],[47.63,21.54],[47.62,21.54],[47.61,21.53],[47.59,21.52],[47.56,21.52],[47.53,21.5],[47.51,21.49],[47.49,21.49],[47.47,21.48],[47.46,21.47],[47.44,21.47],[47.41,21.46],[47.38,21.44],[47.36,21.43],[47.34,21.43],[47.33,21.42],[47.32,21.42],[47.31,21.41],[47.29,21.4],[47.26,21.39],[47.23,21.38],[47.21,21.37],[47.19,21.36],[47.18,21.36],[47.17,21.35],[47.16,21.35],[47.14,21.34],[47.12,21.33],[47.09,21.31],[47.06,21.3],[47.04,21.29],[47.03,21.29],[47.02,21.28],[47.01,21.28],[46.99,21.27],[46.97,21.26],[46.94,21.24],[46.92,21.23],[46.89,21.22],[46.86,21.2],[46.83,21.19],[46.81,21.18],[46.78,21.17],[46.75,21.15],[46.73,21.14],[46.7,21.13],[46.67,21.11],[46.64,21.1],[46.62,21.09],[46.59,21.08],[46.56,21.07],[46.54,21.05],[46.51,21.04],[46.48,21.03],[46.45,21.02],[46.43,21.01],[46.4,20.99],[46.37,20.98],[46.34,20.97],[46.32,20.96],[46.29,20.95],[46.26,20.94],[46.23,20.92],[46.21,20.91],[46.18,20.9],[46.15,20.89],[46.12,20.88],[46.09,20.87],[46.06,20.86],[46.04,20.85],[46.02,20.84],[46.01,20.84],[46.0,20.83],[45.98,20.82],[45.95,20.81],[45.92,20.8],[45.9,20.79],[45.88,20.78],[45.87,20.78],[45.86,20.78],[45.85,20.77],[45.84,20.77],[45.81,20.75],[45.78,20.74],[45.76,20.73],[45.74,20.72],[45.73,20.72],[45.72,20.72],[45.71,20.71],[45.69,20.7],[45.67,20.69],[45.64,20.68],[45.61,20.67],[45.6,20.66],[45.58,20.66],[45.58,20.65],[45.57,20.65],[45.55,20.64],[45.53,20.63],[45.5,20.61],[45.47,20.6],[45.45,20.59],[45.44,20.59],[45.43,20.58],[45.41,20.57],[45.38,20.56],[45.35,20.55],[45.33,20.53],[45.31,20.52],[45.3,20.52],[45.29,20.51],[45.27,20.5],[45.24,20.49],[45.21,20.47],[45.19,20.46],[45.17,20.45],[45.16,20.45],[45.15,20.45],[45.14,20.44],[45.13,20.43],[45.1,20.42],[45.07,20.4],[45.05,20.39],[45.03,20.38],[45.02,20.37],[45.01,20.37],[45.0,20.37],[44.98,20.36],[44.96,20.34],[44.93,20.32],[44.9,20.31],[44.89,20.3],[44.88,20.3],[44.87,20.29],[44.86,20.29],[44.84,20.28],[44.82,20.26],[44.79,20.25],[44.76,20.23],[44.75,20.22],[44.74,20.22],[44.73,20.21],[44.72,20.21],[44.7,20.2],[44.68,20.18],[44.65,20.16],[44.62,20.15],[44.61,20.14],[44.6,20.13],[44.59,20.13],[44.58,20.13],[44.56,20.11],[44.54,20.1],[44.51,20.08],[44.49,20.07],[44.47,20.06],[44.46,20.05],[44.45,20.05],[44.44,20.04],[44.43,20.03],[44.4,20.02],[44.37,20.0],[44.35,19.98],[44.33,19.97],[44.32,19.96],[44.31,19.95],[44.29,19.94],[44.27,19.93],[44.24,19.91],[44.21,19.89],[44.2,19.88],[44.19,19.88],[44.18,19.87],[44.17,19.87],[44.16,19.85],[44.13,19.84],[44.1,19.82],[44.08,19.8],[44.06,19.79],[44.05,19.78],[44.04,19.78],[44.02,19.76],[44.0,19.75],[43.97,19.73],[43.95,19.71],[43.93,19.7],[43.92,19.69],[43.91,19.68],[43.89,19.67],[43.87,19.65],[43.84,19.63],[43.82,19.62],[43.8,19.6],[43.79,19.6],[43.79,19.59],[43.78,19.59],[43.76,19.58],[43.74,19.56],[43.71,19.54],[43.69,19.52],[43.67,19.51],[43.66,19.5],[43.65,19.49],[43.63,19.48],[43.61,19.46],[43.58,19.44],[43.56,19.42],[43.54,19.41],[43.53,19.4],[43.52,19.39],[43.5,19.38],[43.48,19.36],[43.45,19.34],[43.43,19.32],[43.42,19.31],[43.41,19.3],[43.4,19.3],[43.39,19.29],[43.38,19.28],[43.36,19.26],[43.33,19.24],[43.31,19.22],[43.29,19.21],[43.28,19.2],[43.27,19.19],[43.26,19.18],[43.23,19.16],[43.21,19.13],[43.19,19.12],[43.17,19.1],[43.16,19.1],[43.16,19.09],[43.15,19.08],[43.13,19.07],[43.11,19.05],[43.09,19.03],[43.06,19.01],[43.05,19.0],[43.04,18.99],[43.03,18.98],[43.01,18.96],[42.99,18.95],[42.97,18.92],[42.94,18.9],[42.93,18.89],[42.92,18.88],[42.91,18.87],[42.89,18.86],[42.87,18.84],[42.85,18.81],[42.83,18.79],[42.81,18.78],[42.8,18.77],[42.79,18.76],[42.77,18.74],[42.74,18.71],[42.72,18.7],[42.71,18.68],[42.7,18.68],[42.69,18.67],[42.68,18.66],[42.66,18.64],[42.63,18.61],[42.62,18.6],[42.6,18.58],[42.59,18.58],[42.59,18.57],[42.57,18.56],[42.56,18.54],[42.53,18.51],[42.51,18.5],[42.5,18.48],[42.49,18.48],[42.48,18.47],[42.47,18.46],[42.45,18.44],[42.42,18.41],[42.4,18.4],[42.39,18.38],[42.38,18.38],[42.38,18.37],[42.36,18.36],[42.34,18.34],[42.32,18.31],[42.3,18.3],[42.29,18.28],[42.28,18.28],[42.27,18.27],[42.26,18.26],[42.24,18.24],[42.21,18.21],[42.19,18.2],[42.18,18.18],[42.17,18.18],[42.17,18.17],[42.15,18.16],[42.13,18.14],[42.11,18.11],[42.09,18.1],[42.08,18.08],[42.07,18.08],[42.06,18.07],[42.06,18.06],[42.04,18.05],[42.02,18.03],[42.01,18.02],[42.0,18.01],[41.99,18.0],[41.98,17.99],[41.97,17.99],[41.96,17.98],[41.95,17.97],[41.94,17.97],[41.94,17.96],[41.93,17.96],[41.92,17.96],[41.92,17.95],[41.91,17.95],[41.9,17.95],[41.89,17.95],[41.89,17.94],[41.88,17.94],[41.87,17.94],[41.86,17.94],[41.85,17.94],[41.84,17.94],[41.82,17.94],[41.8,17.94],[41.79,17.94],[41.78,17.94],[41.77,17.94],[41.75,17.94],[41.72,17.94],[41.69,17.94],[41.66,17.94],[41.65,17.94],[41.64,17.94],[41.63,17.94],[41.62,17.94],[41.6,17.94],[41.58,17.93],[41.54,17.93],[41.52,17.93],[41.5,17.93],[41.49,17.93],[41.48,17.93],[41.46,17.93],[41.43,17.93],[41.4,17.93],[41.37,17.92],[41.35,17.92],[41.34,17.92],[41.33,17.92],[41.31,17.92],[41.29,17.92],[41.25,17.92],[41.23,17.92],[41.21,17.91],[41.2,17.91],[41.19,17.91],[41.18,17.91],[41.17,17.91],[41.14,17.91],[41.11,17.91],[41.08,17.91],[41.06,17.9],[41.05,17.9],[41.04,17.9],[41.02,17.9],[40.99,17.9],[40.96,17.9],[40.94,17.89],[40.92,17.89],[40.91,17.89],[40.9,17.89],[40.89,17.89],[40.88,17.89],[40.85,17.88],[40.82,17.88],[40.79,17.88],[40.77,17.88],[40.76,17.88],[40.75,17.87],[40.73,17.87],[40.71,17.87],[40.69,17.87],[40.66,17.87],[40.64,17.86],[40.62,17.86],[40.6,17.86],[40.58,17.86],[40.56,17.86],[40.54,17.86],[40.52,17.86],[40.5,17.86],[40.48,17.86],[40.46,17.86],[40.44,17.86],[40.42,17.86],[40.4,17.86],[40.38,17.86],[40.36,17.86],[40.34,17.86],[40.32,17.86],[40.3,17.87],[40.28,17.87],[40.26,17.87],[40.24,17.87],[40.22,17.88],[40.2,17.88],[40.18,17.88],[40.16,17.89],[40.14,17.89],[40.12,17.89],[40.1,17.9],[40.08,17.9],[40.05,17.91],[40.03,17.92],[40.0,17.92],[39.99,17.93],[39.98,17.93],[39.97,17.93],[39.96,17.93],[39.94,17.94],[39.91,17.94],[39.88,17.95],[39.86,17.96],[39.84,17.96],[39.82,17.96],[39.81,17.97],[39.79,17.97],[39.76,17.98],[39.73,17.98],[39.7,17.99],[39.68,17.99],[39.67,17.99],[39.66,18.0],[39.65,18.0],[39.63,18.0],[39.61,18.01],[39.57,18.01],[39.55,18.02],[39.53,18.02],[39.52,18.02],[39.51,18.02],[39.5,18.03],[39.48,18.03],[39.45,18.03],[39.42,18.04],[39.39,18.04],[39.37,18.04],[39.36,18.05],[39.34,18.05],[39.32,18.05],[39.3,18.06],[39.27,18.06],[39.24,18.06],[39.22,18.07],[39.21,18.07],[39.2,18.07],[39.19,18.07],[39.17,18.07],[39.14,18.08],[39.11,18.08],[39.08,18.08],[39.06,18.09],[39.05,18.09],[39.04,18.09],[39.03,18.09],[39.02,18.09],[39.0,18.09],[38.99,18.09],[38.98,18.09],[38.98,18.1],[38.97,18.12],[38.97,18.14],[38.96,18.16],[38.95,18.19],[38.94,18.22],[38.93,18.24],[38.92,18.27],[38.91,18.29],[38.9,18.32],[38.89,18.35],[38.88,18.37],[38.87,18.4],[38.86,18.43],[38.85,18.45],[38.84,18.48],[38.83,18.51],[38.83,18.53],[38.82,18.56],[38.81,18.59],[38.8,18.62],[38.79,18.64],[38.79,18.67],[38.78,18.7],[38.77,18.72],[38.76,18.75],[38.75,18.78],[38.75,18.81],[38.74,18.83],[38.73,18.85],[38.73,18.86],[38.73,18.87],[38.72,18.89],[38.72,18.91],[38.71,18.94],[38.7,18.97],[38.7,18.98],[38.69,18.99],[38.69,19.0],[38.69,19.01],[38.69,19.02],[38.68,19.05],[38.67,19.08],[38.66,19.1],[38.66,19.12],[38.65,19.13],[38.65,19.14],[38.65,19.16],[38.64,19.18],[38.63,19.22],[38.62,19.24],[38.62,19.26],[38.61,19.27],[38.61,19.28],[38.61,19.29],[38.6,19.32],[38.59,19.35],[38.58,19.37],[38.58,19.39],[38.57,19.4],[38.57,19.41],[38.56,19.43],[38.56,19.45],[38.55,19.49],[38.54,19.51],[38.53,19.53],[38.53,19.54],[38.53,19.55],[38.52,19.56],[38.51,19.59],[38.5,19.62],[38.5,19.64],[38.49,19.66],[38.49,19.67],[38.48,19.68],[38.48,19.7],[38.47,19.72],[38.46,19.75],[38.45,19.78],[38.45,19.8],[38.44,19.8],[38.44,19.81],[38.44,19.82],[38.43,19.83],[38.42,19.86],[38.41,19.89],[38.41,19.91],[38.4,19.93],[38.4,19.94],[38.39,19.95],[38.39,19.96],[38.38,19.98],[38.37,20.02],[38.36,20.04],[38.36,20.06],[38.35,20.06],[38.35,20.07],[38.34,20.09],[38.34,20.11],[38.33,20.14],[38.32,20.17],[38.31,20.18],[38.31,20.19],[38.31,20.2],[38.3,20.22],[38.29,20.24],[38.28,20.27],[38.27,20.3],[38.27,20.31],[38.27,20.32],[38.26,20.32],[38.26,20.33],[38.26,20.34],[38.25,20.37],[38.24,20.4],[38.23,20.42],[38.22,20.44],[38.22,20.45],[38.22,20.46],[38.21,20.47],[38.2,20.49],[38.19,20.53],[38.18,20.55],[38.18,20.57],[38.17,20.58],[38.17,20.6],[38.16,20.62],[38.15,20.65],[38.14,20.68],[38.13,20.69],[38.13,20.7],[38.13,20.71],[38.12,20.73],[38.11,20.75],[38.1,20.78],[38.09,20.8],[38.09,20.82],[38.08,20.83],[38.08,20.84],[38.08,20.85],[38.07,20.88],[38.06,20.91],[38.05,20.93],[38.04,20.95],[38.04,20.96],[38.03,20.97],[38.03,20.99],[38.02,21.01],[38.0,21.05],[38.0,21.07],[37.99,21.09],[37.99,21.1],[37.98,21.1],[37.98,21.11],[37.97,21.13],[37.96,21.15],[37.95,21.19],[37.94,21.21],[37.93,21.23],[37.93,21.24],[37.93,21.25],[37.92,21.27],[37.91,21.3],[37.89,21.33],[37.88,21.36],[37.88,21.37],[37.87,21.38],[37.87,21.39],[37.87,21.4],[37.86,21.41],[37.85,21.44],[37.84,21.47],[37.83,21.5],[37.82,21.52],[37.81,21.53],[37.81,21.54],[37.8,21.56],[37.79,21.59],[37.77,21.62],[37.76,21.65],[37.76,21.67],[37.75,21.68],[37.75,21.69],[37.74,21.71],[37.73,21.74],[37.71,21.77],[37.7,21.8],[37.69,21.82],[37.69,21.83],[37.68,21.84],[37.67,21.86],[37.66,21.89],[37.64,21.92],[37.63,21.95],[37.62,21.97],[37.62,21.98],[37.61,21.99],[37.61,22.01],[37.59,22.04],[37.58,22.07],[37.56,22.1],[37.55,22.14],[37.53,22.17],[37.52,22.2],[37.51,22.24],[37.49,22.27],[37.48,22.3],[37.46,22.33],[37.45,22.37],[37.44,22.4],[37.42,22.43],[37.41,22.46],[37.4,22.5],[37.39,22.53],[37.37,22.56],[37.36,22.6],[37.35,22.63],[37.34,22.66],[37.32,22.7],[37.31,22.73],[37.3,22.76],[37.29,22.8],[37.28,22.83],[37.27,22.86],[37.25,22.9],[37.24,22.93],[37.23,22.96],[37.22,23.0],[37.21,23.03],[37.2,23.06],[37.19,23.1],[37.18,23.13],[37.17,23.16],[37.16,23.2],[37.15,23.23],[37.14,23.26],[37.13,23.3],[37.12,23.33],[37.11,23.36],[37.11,23.39],[37.1,23.43],[37.09,23.46],[37.08,23.49],[37.07,23.52],[37.07,23.56],[37.06,23.59],[37.05,23.62],[37.04,23.66],[37.04,23.69],[37.03,23.72],[37.02,23.76],[37.02,23.79],[37.01,23.82],[37.01,23.86],[37.0,23.89],[36.99,23.92],[36.99,23.96],[36.98,23.99],[36.98,24.02],[36.97,24.06],[36.97,24.09],[36.96,24.13],[36.96,24.16],[36.95,24.2],[36.95,24.23],[36.95,24.25],[36.95,24.26],[36.94,24.27],[36.94,24.28],[36.94,24.3],[36.93,24.33],[36.93,24.37],[36.92,24.4],[36.92,24.42],[36.92,24.44],[36.92,24.46],[36.91,24.48],[36.91,24.51],[36.9,24.55],[36.9,24.58],[36.89,24.6],[36.89,24.62],[36.89,24.63],[36.88,24.66],[36.88,24.69],[36.87,24.73],[36.87,24.76],[36.86,24.78],[36.86,24.79],[36.86,24.8],[36.86,24.81],[36.85,24.83],[36.84,24.86],[36.84,24.9],[36.83,24.93],[36.83,24.95],[36.82,24.97],[36.82,24.99],[36.82,25.01],[36.81,25.04],[36.8,25.08],[36.79,25.11],[36.79,25.13],[36.79,25.14],[36.78,25.15],[36.78,25.16],[36.78,25.18],[36.77,25.21],[36.76,25.25],[36.75,25.28],[36.75,25.3],[36.75,25.32],[36.74,25.32],[36.74,25.34],[36.74,25.36],[36.73,25.39],[36.72,25.43],[36.71,25.46],[36.7,25.48],[36.7,25.49],[36.7,25.5],[36.7,25.51],[36.69,25.53],[36.68,25.56],[36.67,25.6],[36.66,25.64],[36.65,25.68],[36.64,25.71],[36.63,25.75],[36.62,25.79],[36.61,25.83],[36.6,25.87],[36.59,25.9],[36.58,25.94],[36.57,25.98],[36.56,26.02],[36.55,26.06],[36.54,26.09],[36.53,26.13],[36.52,26.17],[36.51,26.21],[36.5,26.25],[36.49,26.29],[36.48,26.32],[36.47,26.36],[36.46,26.4],[36.45,26.44],[36.44,26.48],[36.43,26.51],[36.42,26.55],[36.41,26.59],[36.4,26.63],[36.39,26.67],[36.38,26.71],[36.38,26.74],[36.37,26.78],[36.36,26.82],[36.35,26.85],[36.34,26.87],[36.34,26.89],[36.33,26.91],[36.33,26.93],[36.32,26.96],[36.31,27.0],[36.3,27.03],[36.3,27.05],[36.29,27.06],[36.29,27.07],[36.29,27.08],[36.28,27.11],[36.27,27.14],[36.26,27.17],[36.25,27.21],[36.24,27.23],[36.24,27.24],[36.24,27.25],[36.23,27.26],[36.23,27.28],[36.22,27.31],[36.21,27.35],[36.2,27.38],[36.19,27.4],[36.19,27.42],[36.18,27.42],[36.18,27.43],[36.17,27.46],[36.16,27.49],[36.15,27.52],[36.14,27.55],[36.13,27.58],[36.13,27.59],[36.12,27.61],[36.11,27.63],[36.1,27.66],[36.09,27.7],[36.08,27.73],[36.07,27.75],[36.07,27.76],[36.06,27.77],[36.06,27.78],[36.05,27.8],[36.04,27.83],[36.03,27.87],[36.01,27.9],[36.01,27.92],[36.0,27.93],[36.0,27.94],[35.99,27.95],[35.98,27.97],[35.97,28.0],[35.96,28.04],[35.95,28.07],[35.94,28.09],[35.93,28.1],[35.93,28.11],[35.92,28.12],[35.92,28.14],[35.9,28.17],[35.89,28.2],[35.88,28.24],[35.86,28.27],[35.85,28.3],[35.84,28.33],[35.82,28.37],[35.81,28.4],[35.8,28.43],[35.78,28.46],[35.77,28.5],[35.76,28.53],[35.75,28.56],[35.74,28.59],[35.73,28.63],[35.71,28.66],[35.7,28.69],[35.69,28.72],[35.68,28.76],[35.67,28.79],[35.66,28.82],[35.65,28.86],[35.64,28.89],[35.63,28.92],[35.62,28.95],[35.61,28.99],[35.6,29.02],[35.59,29.05],[35.58,29.09],[35.57,29.12],[35.56,29.15],[35.55,29.19],[35.54,29.22],[35.53,29.26],[35.53,29.29],[35.52,29.31],[35.52,29.32],[35.51,29.33],[35.51,29.35],[35.5,29.38],[35.49,29.42],[35.48,29.45],[35.48,29.47],[35.48,29.48],[35.47,29.49],[35.47,29.51],[35.46,29.54],[35.45,29.58],[35.44,29.61],[35.44,29.63],[35.43,29.64],[35.43,29.65],[35.42,29.67],[35.42,29.7],[35.41,29.74],[35.4,29.77],[35.39,29.79],[35.39,29.8],[35.39,29.81],[35.38,29.83],[35.37,29.86],[35.36,29.9],[35.35,29.93],[35.35,29.95],[35.35,29.96],[35.34,29.97],[35.34,29.99],[35.33,30.02],[35.32,30.06],[35.31,30.08],[35.3,30.1],[35.3,30.12],[35.3,30.13],[35.29,30.15],[35.28,30.18],[35.27,30.21],[35.26,30.24],[35.26,30.26],[35.26,30.27],[35.25,30.28],[35.25,30.29],[35.25,30.31],[35.24,30.34],[35.23,30.37],[35.22,30.4],[35.21,30.42],[35.21,30.43],[35.21,30.44],[35.2,30.46],[35.19,30.49],[35.18,30.53],[35.17,30.57],[35.16,30.6],[35.15,30.64],[35.14,30.68],[35.13,30.71],[35.12,30.75],[35.11,30.78],[35.1,30.82],[35.09,30.85],[35.08,30.89],[35.07,30.92],[35.06,30.96],[35.05,30.99],[35.04,31.03],[35.03,31.06],[35.02,31.1],[35.01,31.13],[35.0,31.16],[34.99,31.2],[34.98,31.23],[34.98,31.26],[34.97,31.3],[34.96,31.33],[34.95,31.36],[34.94,31.39],[34.94,31.43],[34.93,31.46],[34.92,31.49],[34.91,31.52],[34.9,31.56],[34.9,31.59],[34.89,31.62],[34.88,31.65],[34.88,31.67],[34.88,31.68],[34.87,31.68],[34.87,31.69],[34.87,31.71],[34.86,31.74],[34.85,31.77],[34.85,31.8],[34.84,31.82],[34.84,31.83],[34.83,31.85],[34.83,31.86],[34.82,31.89],[34.81,31.92],[34.8,31.95],[34.8,31.97],[34.8,31.98],[34.8,31.99],[34.79,32.0],[34.79,32.02],[34.78,32.04],[34.77,32.08],[34.76,32.1],[34.76,32.12],[34.75,32.13],[34.75,32.14],[34.75,32.15],[34.74,32.17],[34.74,32.19],[34.73,32.23],[34.72,32.25],[34.71,32.27],[34.71,32.28],[34.71,32.29],[34.7,32.3],[34.7,32.32],[34.69,32.34],[34.68,32.38],[34.67,32.4],[34.66,32.42],[34.66,32.43],[34.66,32.44],[34.65,32.45],[34.65,32.47],[34.64,32.49],[34.63,32.52],[34.62,32.55],[34.61,32.57],[34.61,32.58],[34.6,32.6],[34.6,32.61],[34.59,32.64],[34.58,32.67],[34.57,32.7],[34.56,32.72],[34.56,32.73],[34.55,32.73],[34.55,32.74],[34.54,32.76],[34.53,32.79],[34.52,32.82],[34.51,32.84],[34.51,32.86],[34.5,32.87],[34.5,32.88],[34.49,32.9],[34.48,32.92],[34.47,32.95],[34.46,32.98],[34.46,32.99],[34.45,33.0],[34.45,33.01],[34.44,33.03],[34.43,33.05],[34.42,33.09],[34.41,33.11],[34.41,33.13],[34.4,33.14],[34.4,33.15],[34.39,33.16],[34.38,33.19],[34.37,33.22],[34.36,33.24],[34.35,33.26],[34.35,33.27],[34.35,33.28],[34.34,33.3],[34.33,33.32],[34.32,33.35],[34.31,33.38],[34.3,33.39],[34.3,33.4],[34.29,33.41],[34.29,33.43],[34.28,33.45],[34.27,33.48],[34.26,33.51],[34.25,33.53],[34.24,33.54],[34.24,33.56],[34.23,33.58],[34.21,33.62],[34.2,33.64],[34.2,33.66],[34.19,33.67],[34.19,33.68],[34.18,33.69],[34.17,33.72],[34.16,33.75],[34.15,33.77],[34.14,33.79],[34.14,33.8],[34.14,33.81],[34.13,33.82],[34.12,33.85],[34.11,33.88],[34.1,33.91],[34.08,33.94],[34.07,33.97],[34.06,34.0],[34.05,34.03],[34.04,34.06],[34.03,34.09],[34.01,34.12],[34.0,34.15],[33.99,34.18],[33.98,34.21],[33.97,34.24],[33.96,34.27],[33.95,34.3],[33.94,34.33],[33.92,34.36],[33.91,34.39],[33.9,34.42],[33.89,34.45],[33.88,34.48],[33.87,34.51],[33.86,34.54],[33.85,34.57],[33.84,34.6],[33.83,34.63],[33.82,34.66],[33.81,34.69],[33.8,34.72],[33.79,34.75],[33.78,34.77],[33.77,34.79],[33.77,34.81],[33.76,34.83],[33.76,34.84],[33.76,34.85],[33.75,34.86],[33.75,34.87],[33.75,34.88],[33.75,34.89],[33.75,34.9],[33.75,34.91],[33.75,34.92],[33.75,34.93],[33.75,34.94],[33.75,34.95],[33.75,34.96],[33.76,34.97],[33.76,34.98],[33.76,34.99],[33.77,35.0],[33.77,35.01],[33.78,35.02],[33.78,35.04],[33.79,35.06],[33.8,35.08],[33.81,35.1],[33.83,35.13],[33.84,35.16],[33.86,35.19],[33.87,35.22],[33.88,35.25],[33.9,35.28],[33.91,35.31],[33.93,35.34],[33.94,35.37],[33.95,35.4],[33.97,35.43],[33.98,35.46],[34.0,35.49],[34.01,35.52],[34.03,35.54],[34.04,35.57],[34.06,35.6],[34.07,35.63],[34.09,35.66],[34.1,35.69],[34.12,35.72],[34.13,35.75],[34.15,35.78],[34.16,35.81],[34.18,35.84],[34.19,35.87],[34.21,35.9],[34.22,35.93],[34.24,35.96],[34.26,35.99],[34.27,36.01],[34.28,36.03],[34.29,36.05],[34.29,36.06],[34.3,36.07],[34.31,36.09],[34.32,36.12],[34.34,36.15],[34.35,36.18],[34.36,36.2],[34.37,36.21],[34.37,36.22],[34.38,36.24],[34.39,36.26],[34.4,36.29],[34.41,36.32],[34.43,36.35],[34.43,36.37],[34.44,36.38],[34.45,36.39],[34.45,36.41],[34.46,36.43],[34.47,36.46],[34.48,36.49],[34.49,36.52],[34.5,36.54],[34.51,36.56],[34.51,36.57],[34.52,36.58],[34.53,36.61],[34.53,36.63],[34.55,36.67],[34.55,36.69],[34.56,36.72],[34.57,36.73],[34.57,36.74],[34.58,36.76],[34.58,36.78],[34.59,36.81],[34.6,36.84],[34.61,36.87],[34.61,36.89],[34.62,36.91],[34.62,36.92],[34.63,36.94],[34.63,36.96],[34.64,36.99],[34.65,37.02],[34.65,37.05],[34.66,37.07],[34.66,37.09],[34.67,37.1],[34.67,37.12],[34.68,37.14],[34.68,37.17],[34.69,37.21],[34.69,37.23],[34.7,37.26],[34.7,37.27],[34.7,37.28],[34.71,37.3],[34.71,37.32],[34.71,37.35],[34.72,37.39],[34.73,37.42],[34.73,37.45],[34.74,37.49],[34.74,37.52],[34.75,37.55],[34.75,37.58],[34.76,37.62],[34.76,37.65],[34.77,37.68],[34.78,37.72],[34.78,37.75],[34.79,37.78],[34.79,37.81],[34.8,37.85],[34.81,37.88],[34.81,37.91],[34.82,37.94],[34.82,37.98],[34.83,38.01],[34.84,38.04],[34.84,38.08],[34.85,38.11],[34.86,38.14],[34.86,38.17],[34.87,38.21],[34.87,38.24],[34.88,38.27],[34.89,38.3],[34.89,38.34],[34.9,38.37],[34.91,38.4],[34.92,38.44],[34.92,38.47],[34.93,38.49],[34.93,38.52],[34.93,38.53],[34.94,38.56],[34.94,38.58],[34.95,38.61],[34.95,38.65],[34.95,38.68],[34.96,38.7],[34.96,38.73],[34.96,38.75],[34.96,38.77],[34.97,38.8],[34.97,38.83],[34.97,38.86],[34.97,38.89],[34.97,38.92],[34.97,38.94],[34.97,38.97],[34.98,38.99],[34.98,39.02],[34.97,39.05],[34.97,39.08],[34.97,39.11],[34.97,39.14],[34.97,39.16],[34.97,39.19],[34.97,39.22],[34.96,39.24],[34.96,39.27],[34.96,39.3],[34.95,39.33],[34.95,39.36],[34.95,39.38],[34.94,39.41],[34.94,39.44],[34.93,39.47],[34.93,39.49],[34.92,39.52],[34.92,39.55],[34.91,39.58],[34.9,39.61],[34.89,39.63],[34.89,39.66],[34.88,39.69],[34.87,39.72],[34.86,39.74],[34.85,39.77],[34.84,39.8],[34.83,39.82],[34.82,39.85],[34.81,39.88],[34.8,39.91],[34.79,39.93],[34.78,39.96],[34.77,39.98],[34.76,40.01],[34.74,40.04],[34.73,40.06],[34.72,40.09],[34.7,40.11],[34.69,40.14],[34.67,40.16],[34.66,40.18],[34.66,40.2],[34.65,40.2],[34.65,40.21],[34.64,40.22],[34.64,40.23],[34.62,40.25],[34.61,40.27],[34.6,40.29],[34.59,40.31],[34.58,40.32],[34.58,40.33],[34.57,40.34],[34.56,40.36],[34.54,40.38],[34.53,40.4],[34.53,40.41],[34.52,40.42],[34.52,40.43],[34.51,40.43],[34.5,40.45],[34.49,40.47],[34.48,40.49],[34.47,40.51],[34.46,40.52],[34.45,40.53],[34.44,40.54],[34.44,40.55],[34.42,40.57],[34.41,40.6],[34.4,40.61],[34.39,40.63],[34.38,40.64],[34.37,40.65],[34.37,40.66],[34.35,40.68],[34.34,40.7],[34.33,40.72],[34.32,40.73],[34.31,40.74],[34.3,40.75],[34.29,40.77],[34.28,40.78],[34.27,40.81],[34.25,40.82],[34.25,40.84],[34.24,40.85],[34.23,40.86],[34.22,40.87],[34.21,40.89],[34.19,40.91],[34.18,40.93],[34.17,40.94],[34.17,40.95],[34.16,40.95],[34.16,40.96],[34.15,40.97],[34.13,40.99],[34.12,41.01],[34.11,41.03],[34.1,41.04],[34.09,41.05],[34.09,41.06],[34.08,41.07],[34.06,41.08],[34.05,41.11],[34.04,41.12],[34.03,41.13],[34.02,41.14],[34.02,41.15],[34.01,41.16],[33.99,41.18],[33.98,41.2],[33.96,41.22],[33.96,41.23],[33.95,41.23],[33.95,41.24],[33.94,41.24],[33.94,41.25],[33.92,41.27],[33.91,41.29],[33.89,41.31],[33.88,41.32],[33.88,41.33],[33.87,41.34],[33.86,41.35],[33.85,41.36],[33.83,41.38],[33.82,41.4],[33.81,41.41],[33.81,41.42],[33.8,41.43],[33.79,41.44],[33.78,41.46],[33.76,41.48],[33.75,41.49],[33.74,41.5],[33.73,41.51],[33.73,41.52],[33.72,41.53],[33.7,41.55],[33.69,41.57],[33.67,41.58],[33.67,41.6],[33.66,41.6],[33.65,41.61],[33.64,41.62],[33.63,41.64],[33.61,41.66],[33.6,41.68],[33.59,41.69],[33.58,41.69],[33.58,41.7],[33.57,41.71],[33.56,41.73],[33.54,41.75],[33.53,41.77],[33.52,41.78],[33.51,41.78],[33.51,41.79],[33.5,41.8],[33.48,41.82],[33.47,41.84],[33.45,41.85],[33.44,41.86],[33.44,41.87],[33.43,41.88],[33.42,41.89],[33.41,41.9],[33.39,41.93],[33.38,41.94],[33.37,41.95],[33.36,41.96],[33.36,41.97],[33.35,41.98],[33.34,41.99],[33.32,42.01],[33.3,42.03],[33.3,42.04],[33.29,42.05],[33.28,42.05],[33.28,42.06],[33.26,42.08],[33.24,42.1],[33.23,42.12],[33.22,42.13],[33.21,42.13],[33.21,42.14],[33.2,42.15],[33.19,42.17],[33.17,42.19],[33.16,42.2],[33.15,42.21],[33.14,42.22],[33.13,42.23],[33.13,42.24],[33.11,42.25],[33.09,42.27],[33.08,42.29],[33.07,42.3],[33.07,42.31],[33.06,42.31],[33.05,42.32],[33.04,42.34],[33.02,42.36],[33.0,42.38],[32.99,42.39],[32.98,42.4],[32.97,42.41],[32.96,42.43],[32.94,42.45],[32.93,42.46],[32.91,42.48],[32.9,42.49],[32.9,42.5],[32.88,42.51],[32.87,42.52],[32.85,42.54],[32.84,42.56],[32.82,42.58],[32.8,42.59],[32.79,42.6],[32.79,42.61],[32.78,42.62],[32.76,42.63],[32.74,42.65],[32.72,42.67],[32.71,42.69],[32.69,42.7],[32.68,42.71],[32.67,42.72],[32.66,42.73],[32.65,42.74],[32.63,42.76],[32.61,42.78],[32.59,42.8],[32.57,42.81],[32.56,42.82],[32.56,42.83],[32.54,42.84],[32.53,42.85],[32.51,42.87],[32.49,42.89],[32.47,42.9],[32.45,42.91],[32.44,42.92],[32.43,42.93],[32.42,42.94],[32.41,42.95],[32.39,42.97],[32.36,42.99],[32.34,43.0],[32.32,43.02],[32.31,43.03],[32.29,43.04],[32.28,43.05],[32.26,43.07],[32.23,43.09],[32.21,43.1],[32.19,43.12],[32.18,43.12],[32.17,43.13],[32.16,43.14],[32.15,43.15],[32.12,43.16],[32.1,43.18],[32.07,43.2],[32.06,43.21],[32.04,43.22],[32.03,43.23],[32.01,43.24],[31.99,43.26],[31.96,43.28],[31.93,43.3],[31.92,43.31],[31.91,43.31],[31.9,43.32],[31.88,43.33],[31.86,43.35],[31.83,43.37],[31.8,43.38],[31.79,43.39],[31.78,43.4],[31.77,43.4],[31.75,43.42],[31.73,43.43],[31.7,43.45],[31.67,43.46],[31.66,43.47],[31.65,43.48],[31.64,43.49],[31.62,43.5],[31.6,43.51],[31.57,43.53],[31.54,43.55],[31.53,43.56],[31.52,43.56],[31.51,43.56],[31.51,43.57],[31.49,43.58],[31.47,43.59],[31.43,43.61],[31.41,43.63],[31.4,43.64],[31.39,43.64],[31.38,43.64],[31.37,43.65],[31.36,43.66],[31.33,43.67],[31.3,43.69],[31.28,43.7],[31.26,43.71],[31.25,43.72],[31.24,43.73],[31.22,43.74],[31.2,43.75],[31.17,43.77],[31.15,43.78],[31.13,43.79],[31.12,43.8],[31.11,43.8],[31.09,43.81],[31.07,43.83],[31.03,43.84],[31.01,43.86],[30.99,43.87],[30.98,43.87],[30.97,43.88],[30.96,43.89],[30.94,43.9],[30.91,43.91],[30.88,43.93],[30.86,43.94],[30.83,43.96],[30.81,43.97],[30.79,43.98],[30.77,44.0],[30.75,44.01],[30.72,44.02],[30.7,44.04],[30.68,44.05],[30.66,44.07],[30.64,44.08],[30.62,44.09],[30.59,44.11],[30.57,44.12],[30.55,44.14],[30.53,44.16],[30.51,44.17],[30.49,44.19],[30.47,44.2],[30.45,44.22],[30.43,44.23],[30.41,44.25],[30.39,44.27],[30.37,44.28],[30.35,44.3],[30.33,44.32],[30.31,44.34],[30.29,44.35],[30.27,44.37],[30.25,44.39],[30.23,44.41],[30.21,44.43],[30.18,44.45],[30.16,44.47],[30.14,44.5],[30.12,44.52],[30.09,44.54],[30.07,44.56],[30.05,44.58],[30.03,44.61],[30.0,44.63],[29.98,44.65],[29.96,44.67],[29.94,44.7],[29.91,44.72],[29.89,44.74],[29.87,44.77],[29.85,44.79],[29.83,44.81],[29.8,44.83],[29.78,44.86],[29.76,44.88],[29.74,44.9],[29.72,44.93],[29.7,44.95],[29.68,44.97],[29.65,45.0],[29.63,45.02],[29.61,45.04],[29.59,45.07],[29.57,45.09],[29.55,45.12],[29.53,45.14],[29.51,45.16],[29.49,45.19],[29.47,45.21],[29.45,45.23],[29.43,45.25],[29.41,45.27],[29.4,45.3],[29.38,45.32],[29.36,45.34],[29.35,45.36],[29.33,45.38],[29.31,45.4],[29.3,45.42],[29.28,45.44],[29.27,45.46],[29.25,45.48],[29.24,45.5],[29.23,45.51],[29.21,45.53],[29.2,45.55],[29.19,45.57],[29.18,45.59],[29.17,45.6],[29.15,45.62],[29.14,45.64],[29.13,45.65],[29.12,45.67],[29.11,45.68],[29.1,45.7],[29.09,45.71],[29.08,45.73],[29.07,45.75],[29.06,45.76],[29.06,45.77],[29.05,45.78],[29.05,45.79],[29.04,45.79],[29.04,45.81],[29.03,45.82],[29.01,45.84],[29.0,45.86],[28.99,45.87],[28.99,45.88],[28.99,45.89],[28.98,45.9],[28.97,45.91],[28.96,45.93],[28.95,45.95],[28.94,45.96],[28.93,45.97],[28.92,45.98],[28.92,45.99],[28.91,46.0],[28.91,46.01],[28.9,46.02],[28.88,46.05],[28.87,46.06],[28.86,46.07],[28.86,46.08],[28.85,46.09],[28.85,46.1],[28.84,46.11],[28.83,46.12],[28.81,46.14],[28.8,46.16],[28.79,46.17],[28.79,46.18],[28.78,46.18],[28.78,46.19],[28.77,46.2],[28.76,46.22],[28.74,46.24],[28.73,46.26],[28.72,46.27],[28.72,46.28],[28.71,46.28],[28.71,46.29],[28.7,46.3],[28.69,46.32],[28.67,46.34],[28.66,46.35],[28.65,46.36],[28.64,46.37],[28.64,46.38],[28.63,46.38],[28.63,46.4],[28.61,46.41],[28.6,46.43],[28.59,46.45],[28.58,46.46],[28.57,46.47],[28.56,46.48],[28.55,46.49],[28.54,46.5],[28.53,46.51],[28.52,46.53],[28.51,46.54],[28.5,46.55],[28.49,46.56],[28.49,46.57],[28.48,46.59],[28.47,46.6],[28.46,46.61],[28.45,46.62],[28.45,46.63],[28.44,46.64],[28.43,46.65],[28.43,46.66],[28.42,46.67],[28.41,46.68],[28.41,46.7],[28.4,46.71],[28.39,46.72],[28.39,46.73],[28.38,46.74],[28.37,46.75],[28.37,46.77],[28.36,46.78],[28.36,46.79],[28.35,46.8],[28.35,46.81],[28.34,46.83],[28.33,46.84],[28.33,46.85],[28.32,46.87],[28.32,46.88],[28.31,46.9],[28.3,46.91],[28.3,46.93],[28.29,46.95],[28.28,46.97],[28.28,46.99],[28.27,47.01],[28.26,47.03],[28.26,47.05],[28.25,47.07],[28.24,47.08],[28.23,47.1],[28.23,47.12],[28.22,47.14],[28.22,47.16],[28.21,47.18],[28.2,47.2],[28.2,47.22],[28.19,47.24],[28.18,47.26],[28.18,47.28],[28.17,47.3],[28.17,47.32],[28.16,47.34],[28.15,47.36],[28.15,47.38],[28.14,47.4],[28.14,47.42],[28.13,47.44],[28.13,47.46],[28.12,47.47],[28.12,47.49],[28.11,47.5],[28.11,47.52],[28.11,47.53],[28.1,47.54],[28.1,47.55],[28.1,47.56],[28.1,47.57],[28.1,47.58],[28.1,47.59],[28.09,47.6],[28.09,47.62],[28.09,47.63],[28.09,47.64],[28.09,47.65],[28.09,47.66],[28.09,47.67],[28.09,47.69],[28.09,47.7],[28.09,47.71],[28.09,47.72],[28.09,47.74],[28.09,47.75],[28.09,47.76],[28.09,47.78],[28.09,47.79],[28.09,47.81],[28.09,47.82],[28.09,47.84],[28.09,47.85],[28.09,47.87],[28.09,47.88],[28.1,47.9],[28.1,47.92],[28.1,47.94],[28.1,47.96],[28.11,47.98],[28.11,48.01],[28.11,48.03],[28.12,48.05],[28.12,48.07],[28.12,48.1],[28.13,48.12],[28.13,48.14],[28.13,48.16],[28.14,48.19],[28.14,48.21],[28.15,48.23],[28.15,48.25],[28.15,48.27],[28.16,48.3],[28.16,48.32],[28.17,48.34],[28.17,48.36],[28.18,48.39],[28.18,48.41],[28.19,48.43],[28.19,48.45],[28.2,48.47],[28.2,48.5],[28.21,48.52],[28.22,48.54],[28.22,48.56],[28.23,48.59],[28.23,48.61],[28.24,48.63],[28.25,48.65],[28.25,48.66],[28.25,48.67],[28.25,48.68],[28.26,48.69],[28.26,48.71],[28.27,48.74],[28.27,48.76],[28.28,48.78],[28.28,48.79],[28.29,48.81],[28.29,48.83],[28.3,48.85],[28.3,48.87],[28.31,48.89],[28.31,48.9],[28.32,48.92],[28.32,48.94],[28.33,48.96],[28.33,48.99],[28.34,49.0],[28.34,49.01],[28.34,49.02],[28.35,49.03],[28.35,49.05],[28.36,49.08],[28.36,49.1],[28.37,49.11],[28.37,49.12],[28.37,49.13],[28.37,49.14],[28.38,49.16],[28.39,49.19],[28.39,49.21],[28.4,49.22],[28.4,49.23],[28.4,49.24],[28.4,49.25],[28.41,49.27],[28.42,49.3],[28.42,49.32],[28.42,49.33],[28.43,49.34],[28.43,49.35],[28.43,49.36],[28.44,49.39],[28.44,49.41],[28.45,49.43],[28.45,49.45],[28.45,49.46],[28.46,49.46],[28.46,49.48],[28.46,49.5],[28.47,49.52],[28.48,49.55],[28.48,49.56],[28.48,49.57],[28.48,49.58],[28.49,49.6],[28.49,49.62],[28.5,49.64],[28.5,49.67],[28.51,49.68],[28.51,49.69],[28.51,49.7],[28.52,49.72],[28.52,49.74],[28.53,49.76],[28.53,49.79],[28.53,49.8],[28.54,49.81],[28.54,49.82],[28.54,49.84],[28.55,49.86],[28.55,49.88],[28.56,49.91],[28.56,49.92],[28.56,49.93],[28.56,49.94],[28.57,49.96],[28.57,49.98],[28.58,50.0],[28.58,50.03],[28.59,50.04],[28.59,50.05],[28.59,50.06],[28.59,50.08],[28.6,50.1],[28.6,50.13],[28.61,50.15],[28.61,50.16],[28.61,50.17],[28.61,50.18],[28.62,50.2],[28.62,50.22],[28.62,50.25],[28.63,50.27],[28.63,50.28],[28.63,50.29],[28.63,50.3],[28.64,50.32],[28.64,50.34],[28.65,50.37],[28.65,50.39],[28.65,50.4],[28.65,50.41],[28.65,50.42],[28.66,50.43],[28.66,50.44],[28.66,50.46],[28.66,50.47],[28.66,50.48],[28.67,50.49],[28.67,50.5],[28.67,50.51],[28.68,50.52],[28.68,50.53],[28.69,50.54],[28.69,50.55],[28.69,50.56],[28.7,50.57],[28.71,50.58],[28.71,50.59],[28.72,50.6],[28.73,50.62],[28.73,50.63],[28.74,50.64],[28.75,50.66],[28.76,50.67],[28.77,50.69],[28.79,50.71],[28.8,50.72],[28.81,50.74],[28.82,50.76],[28.84,50.77],[28.85,50.79],[28.87,50.82],[28.89,50.84],[28.91,50.86],[28.93,50.89],[28.96,50.91],[28.98,50.94],[29.0,50.97],[29.03,50.99],[29.05,51.02],[29.07,51.04],[29.1,51.07],[29.12,51.1],[29.15,51.12],[29.17,51.15],[29.19,51.17],[29.22,51.2],[29.24,51.23],[29.27,51.25],[29.29,51.28],[29.32,51.3],[29.34,51.33],[29.36,51.35],[29.39,51.38],[29.41,51.4],[29.44,51.43],[29.46,51.45],[29.49,51.48],[29.51,51.5],[29.54,51.53],[29.56,51.55],[29.59,51.58],[29.61,51.6],[29.64,51.63],[29.67,51.65],[29.69,51.68],[29.72,51.7],[29.74,51.73],[29.77,51.75],[29.79,51.77],[29.82,51.8],[29.85,51.82],[29.87,51.85],[29.9,51.87],[29.92,51.89],[29.95,51.92],[29.98,51.94],[30.0,51.96],[30.03,51.99],[30.06,52.01],[30.08,52.03],[30.11,52.06],[30.14,52.08],[30.16,52.1],[30.19,52.13],[30.22,52.15],[30.24,52.17],[30.27,52.2],[30.3,52.22],[30.33,52.24],[30.35,52.26],[30.38,52.29],[30.41,52.31],[30.42,52.32]]},"properties":{"l":"road","c":"primary","n":"Harbor Drive"}},{"type":"Feature","geometry":{"type":"LineString","coordinates":[[32.06,54.56],[32.06,54.58],[32.06,54.62],[32.06,54.65],[32.06,54.69],[32.06,54.72],[32.05,54.75],[32.05,54.79],[32.05,54.81],[32.04,54.84],[32.04,54.87],[32.03,54.89],[32.03,54.92],[32.02,54.95],[32.02,54.99],[32.01,55.02],[32.0,55.05],[31.99,55.08],[31.98,55.12],[31.97,55.15],[31.95,55.17],[31.94,55.2],[31.93,55.22],[31.92,55.25],[31.91,55.27],[31.9,55.3],[31.89,55.33],[31.87,55.35],[31.86,55.38],[31.84,55.41],[31.83,55.43],[31.81,55.46],[31.8,55.48],[31.78,55.51],[31.76,55.53],[31.75,55.55],[31.73,55.57],[31.72,55.59],[31.7,55.61],[31.69,55.63],[31.67,55.65],[31.65,55.67],[31.64,55.69],[31.62,55.71],[31.6,55.73],[31.58,55.75],[31.56,55.77],[31.54,55.79],[31.51,55.82],[31.49,55.84],[31.47,55.86],[31.45,55.88],[31.43,55.9],[31.41,55.93],[31.38,55.95],[31.36,55.97],[31.34,55.99],[31.32,56.01],[31.3,56.03],[31.28,56.06],[31.25,56.08],[31.23,56.1],[31.21,56.12],[31.19,56.14],[31.17,56.17],[31.15,56.19],[31.12,56.21],[31.1,56.23],[31.08,56.25],[31.06,56.28],[31.04,56.3],[31.02,56.32],[31.0,56.34],[30.97,56.36],[30.95,56.38],[30.93,56.41],[30.91,56.43],[30.89,56.45],[30.87,56.47],[30.85,56.49],[30.82,56.52],[30.8,56.54],[30.78,56.56],[30.76,56.58],[30.74,56.6],[30.72,56.62],[30.7,56.65],[30.68,56.67],[30.65,56.69],[30.63,56.71],[30.61,56.73],[30.59,56.75],[30.57,56.78],[30.55,56.8],[30.53,56.82],[30.51,56.84],[30.49,56.86],[30.46,56.89],[30.44,56.91],[30.42,56.93],[30.4,56.95],[30.38,56.97],[30.36,57.0],[30.34,57.02],[30.32,57.04],[30.3,57.06],[30.28,57.08],[30.25,57.11],[30.23,57.13],[30.21,57.15],[30.19,57.17],[30.18,57.19],[30.16,57.2],[30.16,57.21],[30.15,57.22],[30.14,57.23],[30.12,57.25],[30.1,57.27],[30.08,57.28],[30.07,57.3],[30.06,57.31],[30.05,57.32],[30.03,57.34],[30.01,57.36],[29.99,57.38],[29.98,57.39],[29.97,57.4],[29.96,57.41],[29.95,57.42],[29.93,57.44],[29.91,57.46],[29.9,57.47],[29.88,57.49],[29.87,57.5],[29.86,57.51],[29.84,57.53],[29.82,57.55],[29.8,57.57],[29.79,57.58],[29.78,57.59],[29.77,57.59],[29.76,57.61],[29.75,57.62],[29.72,57.64],[29.71,57.66],[29.69,57.67],[29.69,57.68],[29.68,57.69],[29.67,57.7],[29.65,57.72],[29.63,57.74],[29.61,57.75],[29.6,57.76],[29.59,57.77],[29.58,57.78],[29.57,57.79],[29.55,57.81],[29.53,57.83],[29.51,57.84],[29.5,57.86],[29.49,57.86],[29.49,57.87],[29.47,57.88],[29.46,57.9],[29.43,57.92],[29.42,57.94],[29.4,57.95],[29.39,57.96],[29.38,57.97],[29.36,57.99],[29.34,58.01],[29.32,58.02],[29.31,58.04],[29.3,58.04],[29.29,58.05],[29.28,58.06],[29.26,58.08],[29.23,58.1],[29.21,58.12],[29.2,58.13],[29.19,58.14],[29.19,58.15],[29.17,58.16],[29.15,58.18],[29.12,58.2],[29.1,58.22],[29.09,58.23],[29.08,58.24],[29.08,58.25],[29.06,58.26],[29.04,58.28],[29.01,58.31],[28.99,58.33],[28.97,58.34],[28.97,58.35],[28.96,58.35],[28.94,58.37],[28.92,58.39],[28.89,58.42],[28.86,58.45],[28.83,58.47],[28.79,58.5],[28.76,58.53],[28.73,58.56],[28.7,58.59],[28.66,58.62],[28.63,58.66],[28.59,58.69],[28.56,58.72],[28.52,58.75],[28.49,58.78],[28.46,58.81],[28.44,58.83],[28.43,58.84],[28.42,58.84],[28.41,58.85],[28.39,58.87],[28.37,58.89],[28.33,58.92],[28.3,58.95],[28.28,58.96],[28.27,58.97],[28.27,58.98],[28.25,58.99],[28.23,59.0],[28.21,59.03],[28.17,59.06],[28.14,59.08],[28.12,59.1],[28.11,59.11],[28.09,59.12],[28.07,59.14],[28.04,59.16],[28.01,59.19],[27.98,59.22],[27.96,59.23],[27.95,59.24],[27.94,59.25],[27.93,59.26],[27.91,59.27],[27.88,59.3],[27.84,59.33],[27.81,59.35],[27.79,59.36],[27.78,59.37],[27.78,59.38],[27.77,59.39],[27.74,59.4],[27.72,59.43],[27.68,59.45],[27.65,59.48],[27.63,59.49],[27.61,59.5],[27.6,59.51],[27.58,59.53],[27.55,59.55],[27.51,59.58],[27.48,59.6],[27.46,59.62],[27.44,59.63],[27.43,59.64],[27.41,59.65],[27.38,59.68],[27.34,59.7],[27.31,59.72],[27.29,59.74],[27.27,59.75],[27.26,59.76],[27.23,59.78],[27.2,59.8],[27.16,59.82],[27.13,59.84],[27.11,59.86],[27.1,59.87],[27.09,59.88],[27.07,59.89],[27.04,59.91],[27.0,59.94],[26.97,59.96],[26.95,59.97],[26.93,59.98],[26.92,59.99],[26.9,60.0],[26.87,60.02],[26.83,60.05],[26.8,60.07],[26.78,60.08],[26.77,60.09],[26.76,60.09],[26.75,60.1],[26.73,60.11],[26.7,60.13],[26.66,60.16],[26.63,60.18],[26.61,60.19],[26.6,60.2],[26.59,60.2],[26.58,60.21],[26.56,60.22],[26.53,60.24],[26.49,60.27],[26.46,60.29],[26.44,60.3],[26.42,60.31],[26.41,60.32],[26.39,60.33],[26.36,60.35],[26.32,60.38],[26.29,60.39],[26.26,60.41],[26.25,60.42],[26.24,60.42],[26.22,60.44],[26.19,60.46],[26.14,60.48],[26.11,60.5],[26.09,60.51],[26.08,60.52],[26.07,60.53],[26.04,60.54],[26.01,60.56],[25.97,60.58],[25.94,60.6],[25.92,60.62],[25.91,60.62],[25.9,60.62],[25.89,60.63],[25.87,60.64],[25.84,60.66],[25.8,60.69],[25.76,60.71],[25.72,60.73],[25.68,60.76],[25.64,60.78],[25.6,60.8],[25.56,60.82],[25.52,60.85],[25.48,60.87],[25.44,60.9],[25.4,60.92],[25.36,60.94],[25.32,60.97],[25.29,60.99],[25.25,61.01],[25.21,61.04],[25.17,61.06],[25.13,61.09],[25.09,61.11],[25.05,61.13],[25.01,61.16],[24.97,61.18],[24.94,61.21],[24.9,61.23],[24.86,61.26],[24.82,61.28],[24.78,61.31],[24.74,61.33],[24.7,61.36],[24.67,61.38],[24.63,61.4],[24.6,61.43],[24.56,61.45],[24.53,61.47],[24.5,61.49],[24.47,61.51],[24.44,61.53],[24.41,61.55],[24.38,61.57],[24.36,61.59],[24.33,61.61],[24.31,61.63],[24.28,61.66],[24.26,61.68],[24.23,61.7],[24.21,61.72],[24.18,61.74],[24.16,61.76],[24.14,61.78],[24.12,61.8],[24.1,61.82],[24.07,61.85],[24.05,61.87],[24.03,61.89],[24.01,61.91],[23.99,61.93],[23.97,61.96],[23.96,61.98],[23.94,62.0],[23.92,62.02],[23.9,62.04],[23.88,62.07],[23.86,62.09],[23.84,62.12],[23.82,62.15],[23.81,62.17],[23.79,62.19],[23.79,62.2],[23.78,62.21],[23.78,62.22],[23.76,62.24],[23.74,62.26],[23.72,62.3],[23.7,62.32],[23.68,62.34],[23.67,62.36],[23.66,62.37],[23.65,62.39],[23.63,62.42],[23.6,62.45],[23.58,62.48],[23.56,62.5],[23.56,62.51],[23.55,62.51],[23.54,62.52],[23.53,62.54],[23.51,62.57],[23.48,62.6],[23.46,62.63],[23.44,62.65],[23.44,62.66],[23.43,62.66],[23.42,62.68],[23.41,62.69],[23.39,62.72],[23.36,62.75],[23.34,62.78],[23.32,62.8],[23.31,62.81],[23.3,62.82],[23.28,62.84],[23.26,62.87],[23.23,62.9],[23.21,62.92],[23.2,62.94],[23.19,62.95],[23.18,62.96],[23.17,62.97],[23.16,62.99],[23.13,63.01],[23.11,63.04],[23.08,63.07],[23.07,63.09],[23.06,63.1],[23.05,63.1],[23.04,63.11],[23.03,63.13],[23.0,63.15],[22.98,63.19],[22.95,63.21],[22.94,63.23],[22.93,63.24],[22.92,63.24],[22.91,63.25],[22.9,63.27],[22.87,63.29],[22.85,63.32],[22.82,63.35],[22.79,63.38],[22.77,63.41],[22.74,63.43],[22.71,63.46],[22.69,63.49],[22.66,63.52],[22.64,63.55],[22.61,63.58],[22.59,63.6],[22.56,63.63],[22.54,63.66],[22.51,63.69],[22.49,63.72],[22.46,63.75],[22.44,63.78],[22.41,63.8],[22.39,63.83],[22.36,63.86],[22.34,63.89],[22.32,63.92],[22.29,63.95],[22.27,63.98],[22.24,64.01],[22.22,64.04],[22.2,64.07],[22.17,64.1],[22.15,64.13],[22.13,64.16],[22.1,64.19],[22.08,64.23],[22.06,64.26],[22.04,64.28],[22.02,64.3],[22.02,64.31],[22.01,64.32],[22.01,64.33],[21.99,64.35],[21.97,64.37],[21.94,64.41],[21.92,64.43],[21.91,64.45],[21.9,64.46],[21.89,64.48],[21.88,64.49],[21.86,64.52],[21.83,64.55],[21.81,64.58],[21.79,64.6],[21.79,64.61],[21.78,64.61],[21.77,64.62],[21.76,64.64],[21.74,64.67],[21.71,64.7],[21.69,64.73],[21.68,64.74],[21.67,64.76],[21.66,64.76],[21.66,64.77],[21.64,64.79],[21.62,64.81],[21.59,64.85],[21.57,64.87],[21.56,64.89],[21.55,64.9],[21.54,64.9],[21.54,64.91],[21.52,64.93],[21.5,64.96],[21.47,64.99],[21.45,65.01],[21.43,65.03],[21.42,65.04],[21.41,65.06],[21.4,65.07],[21.37,65.1],[21.35,65.13],[21.32,65.15],[21.31,65.17],[21.3,65.18],[21.3,65.19],[21.29,65.2],[21.27,65.21],[21.25,65.24],[21.22,65.27],[21.2,65.29],[21.18,65.31],[21.17,65.32],[21.16,65.33],[21.15,65.35],[21.13,65.37],[21.1,65.4],[21.07,65.43],[21.05,65.45],[21.03,65.48],[21.0,65.5],[20.98,65.53],[20.96,65.55],[20.94,65.58],[20.92,65.6],[20.9,65.63],[20.88,65.66],[20.86,65.68],[20.83,65.71],[20.81,65.74],[20.79,65.76],[20.77,65.79],[20.75,65.82],[20.73,65.85],[20.71,65.87],[20.69,65.9],[20.68,65.93],[20.66,65.96],[20.64,65.99],[20.62,66.02],[20.6,66.05],[20.58,66.08],[20.56,66.11],[20.55,66.14],[20.53,66.17],[20.51,66.2],[20.49,66.23],[20.47,66.26],[20.45,66.3],[20.44,66.32],[20.43,66.34],[20.42,66.35],[20.42,66.37],[20.41,66.39],[20.39,66.42],[20.37,66.45],[20.35,66.48],[20.34,66.5],[20.33,66.51],[20.33,66.52],[20.33,66.53],[20.31,66.55],[20.3,66.58],[20.28,66.61],[20.26,66.64],[20.25,66.66],[20.24,66.68],[20.23,66.69],[20.22,66.71],[20.21,66.74],[20.18,66.78],[20.17,66.8],[20.16,66.82],[20.15,66.84],[20.14,66.85],[20.13,66.87],[20.11,66.9],[20.09,66.94],[20.07,66.96],[20.06,66.98],[20.06,66.99],[20.05,67.0],[20.05,67.01],[20.04,67.03],[20.02,67.06],[20.0,67.09],[19.98,67.12],[19.97,67.14],[19.96,67.15],[19.96,67.16],[19.95,67.17],[19.94,67.19],[19.92,67.21],[19.9,67.25],[19.88,67.28],[19.87,67.3],[19.86,67.31],[19.86,67.32],[19.84,67.34],[19.83,67.37],[19.8,67.41],[19.78,67.44],[19.77,67.46],[19.77,67.47],[19.76,67.47],[19.76,67.48],[19.75,67.5],[19.73,67.53],[19.7,67.57],[19.68,67.6],[19.66,67.64],[19.63,67.68],[19.61,67.72],[19.59,67.75],[19.56,67.79],[19.54,67.83],[19.52,67.86],[19.49,67.9],[19.47,67.94],[19.45,67.97],[19.42,68.01],[19.4,68.05],[19.38,68.09],[19.35,68.12],[19.33,68.16],[19.31,68.2],[19.28,68.23],[19.26,68.27],[19.24,68.31],[19.21,68.35],[19.19,68.38],[19.17,68.42],[19.14,68.46],[19.12,68.5],[19.1,68.53],[19.07,68.57],[19.05,68.61],[19.03,68.64],[19.01,68.68],[18.98,68.72],[18.96,68.75],[18.94,68.79],[18.92,68.82],[18.9,68.86],[18.88,68.89],[18.85,68.93],[18.83,68.96],[18.81,69.0],[18.79,69.03],[18.77,69.07],[18.75,69.1],[18.73,69.14],[18.71,69.17],[18.69,69.21],[18.67,69.24],[18.65,69.28],[18.63,69.31],[18.61,69.35],[18.59,69.38],[18.57,69.42],[18.56,69.46],[18.54,69.49],[18.52,69.53],[18.5,69.56],[18.48,69.6],[18.46,69.64],[18.44,69.67],[18.42,69.71],[18.41,69.74],[18.39,69.78],[18.37,69.81],[18.36,69.84],[18.34,69.87],[18.33,69.9],[18.32,69.93],[18.3,69.96],[18.29,69.98],[18.28,70.0],[18.28,70.03],[18.27,70.05],[18.26,70.07],[18.25,70.09],[18.25,70.12],[18.24,70.14],[18.23,70.16],[18.23,70.18],[18.22,70.2],[18.22,70.22],[18.21,70.24],[18.21,70.26],[18.21,70.28],[18.2,70.3],[18.2,70.32],[18.2,70.33],[18.2,70.35],[18.2,70.37],[18.19,70.39],[18.19,70.41],[18.19,70.43],[18.19,70.44],[18.19,70.46],[18.19,70.48],[18.2,70.5],[18.2,70.53],[18.2,70.56],[18.2,70.59],[18.2,70.62],[18.21,70.65],[18.21,70.69],[18.21,70.72],[18.22,70.76],[18.22,70.8],[18.22,70.83],[18.23,70.87],[18.23,70.91],[18.23,70.94],[18.24,70.98],[18.24,71.02],[18.25,71.05],[18.25,71.09],[18.25,71.13],[18.26,71.16],[18.26,71.2],[18.27,71.24],[18.27,71.27],[18.28,71.31],[18.28,71.34],[18.28,71.38],[18.29,71.42],[18.29,71.45],[18.3,71.49],[18.3,71.53],[18.31,71.56],[18.31,71.6],[18.32,71.64],[18.32,71.67],[18.33,71.71],[18.33,71.74],[18.34,71.78],[18.34,71.81],[18.35,71.85],[18.35,71.88],[18.36,71.92],[18.36,71.95],[18.37,71.99],[18.38,72.02],[18.38,72.06],[18.39,72.09],[18.39,72.13],[18.4,72.16],[18.41,72.2],[18.41,72.23],[18.42,72.27],[18.42,72.3],[18.43,72.34],[18.44,72.37],[18.44,72.41],[18.45,72.44],[18.46,72.48],[18.47,72.51],[18.47,72.55],[18.48,72.58],[18.49,72.62],[18.49,72.65],[18.5,72.69],[18.51,72.72],[18.52,72.76],[18.53,72.8],[18.53,72.83],[18.54,72.86],[18.55,72.88],[18.55,72.89],[18.55,72.91],[18.56,72.93],[18.56,72.96],[18.57,72.99],[18.58,73.02],[18.58,73.04],[18.58,73.06],[18.59,73.07],[18.59,73.09],[18.6,73.12],[18.6,73.16],[18.61,73.19],[18.61,73.21],[18.62,73.22],[18.62,73.23],[18.62,73.24],[18.62,73.26],[18.63,73.29],[18.64,73.33],[18.64,73.36],[18.65,73.38],[18.65,73.39],[18.65,73.4],[18.65,73.42],[18.66,73.45],[18.67,73.49],[18.67,73.52],[18.68,73.54],[18.68,73.55],[18.68,73.56],[18.68,73.57],[18.68,73.59],[18.69,73.62],[18.69,73.66],[18.7,73.69],[18.7,73.71],[18.7,73.72],[18.71,73.73],[18.71,73.74],[18.71,73.76],[18.71,73.79],[18.72,73.83],[18.73,73.86],[18.73,73.88],[18.73,73.89],[18.73,73.9],[18.74,73.93],[18.74,73.96],[18.74,73.99],[18.75,74.02],[18.75,74.04],[18.75,74.06],[18.76,74.07],[18.76,74.09],[18.76,74.12],[18.77,74.16],[18.77,74.19],[18.77,74.22],[18.78,74.24],[18.78,74.26],[18.78,74.28],[18.78,74.3],[18.78,74.34],[18.79,74.37],[18.79,74.41],[18.79,74.43],[18.79,74.46],[18.79,74.47],[18.79,74.49],[18.79,74.52],[18.79,74.55],[18.79,74.59],[18.8,74.62],[18.8,74.65],[18.8,74.67],[18.8,74.69],[18.79,74.71],[18.79,74.73],[18.79,74.77],[18.79,74.8],[18.79,74.83],[18.79,74.86],[18.79,74.88],[18.79,74.9],[18.78,74.92],[18.78,74.95],[18.78,74.98],[18.78,75.02],[18.77,75.05],[18.77,75.07],[18.77,75.1],[18.77,75.11],[18.76,75.13],[18.76,75.16],[18.75,75.19],[18.75,75.23],[18.74,75.26],[18.74,75.29],[18.73,75.31],[18.73,75.32],[18.73,75.34],[18.72,75.37],[18.72,75.4],[18.71,75.44],[18.7,75.47],[18.69,75.49],[18.69,75.52],[18.69,75.53],[18.68,75.55],[18.67,75.58],[18.66,75.61],[18.65,75.64],[18.65,75.68],[18.64,75.7],[18.63,75.72],[18.63,75.74],[18.62,75.76],[18.61,75.78],[18.6,75.81],[18.59,75.85],[18.58,75.88],[18.57,75.9],[18.57,75.91],[18.57,75.92],[18.56,75.93],[18.56,75.95],[18.55,75.98],[18.53,76.01],[18.52,76.04],[18.51,76.06],[18.51,76.07],[18.51,76.08],[18.5,76.09],[18.5,76.11],[18.48,76.14],[18.47,76.17],[18.46,76.2],[18.45,76.22],[18.45,76.23],[18.45,76.24],[18.44,76.25],[18.43,76.27],[18.42,76.3],[18.41,76.33],[18.4,76.36],[18.39,76.38],[18.38,76.39],[18.37,76.41],[18.37,76.43],[18.35,76.45],[18.34,76.49],[18.33,76.51],[18.32,76.53],[18.31,76.55],[18.3,76.56],[18.29,76.58],[18.28,76.61],[18.27,76.64],[18.25,76.67],[18.25,76.69],[18.24,76.7],[18.24,76.71],[18.23,76.72],[18.22,76.74],[18.21,76.76],[18.19,76.8],[18.18,76.82],[18.17,76.84],[18.16,76.86],[18.15,76.87],[18.14,76.89],[18.13,76.92],[18.11,76.95],[18.1,76.98],[18.09,77.0],[18.08,77.01],[18.07,77.03],[18.06,77.04],[18.05,77.07],[18.03,77.1],[18.02,77.13],[18.01,77.14],[18.01,77.15],[18.0,77.15],[18.0,77.16],[17.99,77.18],[17.98,77.2],[17.96,77.24],[17.95,77.26],[17.94,77.28],[17.93,77.29],[17.93,77.3],[17.92,77.31],[17.9,77.34],[17.88,77.37],[17.87,77.39],[17.86,77.41],[17.86,77.42],[17.85,77.43],[17.84,77.45],[17.83,77.47],[17.81,77.5],[17.8,77.53],[17.79,77.54],[17.78,77.55],[17.77,77.56],[17.77,77.58],[17.75,77.6],[17.73,77.64],[17.72,77.66],[17.71,77.68],[17.7,77.69],[17.7,77.7],[17.69,77.71],[17.67,77.74],[17.66,77.77],[17.64,77.79],[17.63,77.81],[17.63,77.82],[17.62,77.83],[17.61,77.84],[17.6,77.87],[17.58,77.9],[17.57,77.92],[17.56,77.94],[17.55,77.95],[17.54,77.96],[17.53,77.98],[17.52,78.0],[17.5,78.03],[17.49,78.06],[17.48,78.07],[17.47,78.08],[17.47,78.09],[17.46,78.11],[17.44,78.13],[17.42,78.16],[17.41,78.19],[17.39,78.22],[17.37,78.25],[17.35,78.28],[17.34,78.31],[17.32,78.34],[17.3,78.37],[17.28,78.4],[17.27,78.43],[17.25,78.46],[17.23,78.49],[17.21,78.52],[17.2,78.55],[17.18,78.58],[17.16,78.61],[17.15,78.64],[17.13,78.67],[17.11,78.7],[17.1,78.73],[17.08,78.76],[17.06,78.79],[17.05,78.82],[17.03,78.85],[17.01,78.88],[17.0,78.91],[16.98,78.94],[16.96,78.97],[16.95,79.0],[16.93,79.03],[16.92,79.06],[16.9,79.1],[16.88,79.13],[16.87,79.16],[16.85,79.19],[16.84,79.22],[16.82,79.25],[16.8,79.28],[16.79,79.31],[16.77,79.35],[16.75,79.38],[16.74,79.41],[16.72,79.44],[16.71,79.48],[16.69,79.51],[16.67,79.54],[16.66,79.57],[16.64,79.61],[16.62,79.64],[16.61,79.68],[16.59,79.71],[16.58,79.74],[16.56,79.78],[16.54,79.81],[16.53,79.85],[16.51,79.88],[16.49,79.92],[16.48,79.95],[16.46,79.99],[16.44,80.02],[16.43,80.06],[16.41,80.1],[16.39,80.13],[16.38,80.17],[16.36,80.2],[16.35,80.24],[16.33,80.28],[16.31,80.31],[16.3,80.35],[16.28,80.38],[16.27,80.42],[16.25,80.45],[16.24,80.49],[16.22,80.52],[16.21,80.56],[16.19,80.59],[16.18,80.63],[16.17,80.66],[16.15,80.7],[16.14,80.73],[16.12,80.77],[16.11,80.81],[16.1,80.84],[16.08,80.88],[16.07,80.91],[16.06,80.95],[16.04,80.98],[16.03,81.02],[16.02,81.06],[16.0,81.09],[15.99,81.13],[15.98,81.16],[15.97,81.2],[15.95,81.24],[15.94,81.27],[15.93,81.31],[15.91,81.35],[15.9,81.38],[15.9,81.4],[15.89,81.42],[15.89,81.43],[15.88,81.44],[15.87,81.47],[15.86,81.5],[15.85,81.54],[15.84,81.57],[15.83,81.59],[15.82,81.61],[15.82,81.62],[15.81,81.63],[15.8,81.66],[15.79,81.69],[15.78,81.73],[15.76,81.76],[15.75,81.78],[15.75,81.8],[15.74,81.8],[15.74,81.82],[15.73,81.84],[15.72,81.87],[15.7,81.91],[15.69,81.94],[15.68,81.96],[15.67,81.98],[15.66,81.99],[15.66,82.0],[15.65,82.03],[15.63,82.06],[15.62,82.09],[15.6,82.12],[15.59,82.15],[15.58,82.16],[15.58,82.17],[15.57,82.18],[15.56,82.21],[15.55,82.24],[15.53,82.27],[15.51,82.3],[15.5,82.33],[15.49,82.34],[15.49,82.35],[15.48,82.36],[15.47,82.39],[15.45,82.42],[15.43,82.45],[15.42,82.48],[15.4,82.5],[15.4,82.52],[15.39,82.53],[15.38,82.54],[15.37,82.56],[15.35,82.59],[15.33,82.63],[15.32,82.66],[15.3,82.68],[15.3,82.69],[15.29,82.7],[15.28,82.71],[15.27,82.73],[15.25,82.76],[15.23,82.79],[15.21,82.83],[15.19,82.86],[15.17,82.89],[15.16,82.92],[15.14,82.95],[15.12,82.98],[15.1,83.01],[15.09,83.05],[15.07,83.08],[15.05,83.11],[15.03,83.14],[15.02,83.17],[15.0,83.2],[14.98,83.24],[14.97,83.27],[14.95,83.3],[14.93,83.33],[14.92,83.36],[14.9,83.4],[14.89,83.43],[14.87,83.46],[14.86,83.49],[14.84,83.53],[14.83,83.56],[14.81,83.59],[14.8,83.63],[14.78,83.66],[14.77,83.69],[14.75,83.72],[14.74,83.75],[14.73,83.78],[14.72,83.81],[14.71,83.84],[14.7,83.86],[14.69,83.89],[14.68,83.91],[14.67,83.94],[14.67,83.96],[14.66,83.98],[14.65,84.01],[14.65,84.03],[14.64,84.05],[14.64,84.08],[14.63,84.1],[14.63,84.13],[14.62,84.15],[14.62,84.18],[14.61,84.2],[14.61,84.22],[14.61,84.25],[14.6,84.27],[14.6,84.3],[14.6,84.33],[14.6,84.35],[14.6,84.38],[14.6,84.4],[14.6,84.43],[14.6,84.46],[14.6,84.48],[14.6,84.51],[14.6,84.54],[14.6,84.57],[14.6,84.6],[14.61,84.64],[14.61,84.67],[14.61,84.69],[14.61,84.7],[14.61,84.71],[14.61,84.72],[14.61,84.75],[14.62,84.78],[14.62,84.82],[14.62,84.86],[14.62,84.88],[14.62,84.9],[14.62,84.92],[14.63,84.94],[14.63,84.97],[14.63,85.02],[14.63,85.05],[14.63,85.08],[14.63,85.09],[14.63,85.1],[14.63,85.11],[14.63,85.14],[14.63,85.17],[14.64,85.21],[14.64,85.25],[14.64,85.27],[14.64,85.29],[14.64,85.31],[14.64,85.33],[14.64,85.36],[14.64,85.41],[14.64,85.44],[14.64,85.47],[14.64,85.48],[14.64,85.49],[14.64,85.5],[14.64,85.53],[14.64,85.56],[14.64,85.6],[14.64,85.64],[14.64,85.66],[14.64,85.68],[14.64,85.7],[14.64,85.72],[14.64,85.75],[14.64,85.8],[14.64,85.83],[14.63,85.86],[14.63,85.87],[14.63,85.88],[14.63,85.89],[14.63,85.92],[14.63,85.95],[14.63,85.99],[14.63,86.03],[14.63,86.05],[14.63,86.07],[14.63,86.09],[14.62,86.11],[14.62,86.14],[14.62,86.18],[14.62,86.23],[14.62,86.27],[14.61,86.31],[14.61,86.35],[14.61,86.39],[14.61,86.43],[14.61,86.47],[14.61,86.5],[14.6,86.54],[14.6,86.58],[14.6,86.62],[14.6,86.66],[14.6,86.7],[14.6,86.74],[14.6,86.78],[14.6,86.82],[14.6,86.86],[14.6,86.9],[14.6,86.94],[14.6,86.98],[14.6,87.02],[14.6,87.06],[14.6,87.1],[14.61,87.14],[14.61,87.18],[14.61,87.22],[14.61,87.26],[14.61,87.3],[14.61,87.34],[14.61,87.38],[14.62,87.42],[14.62,87.46],[14.62,87.5],[14.62,87.52],[14.62,87.53],[14.62,87.54],[14.62,87.55],[14.62,87.58],[14.63,87.61],[14.63,87.65],[14.63,87.69],[14.63,87.71],[14.63,87.73],[14.63,87.75],[14.63,87.77],[14.63,87.8],[14.63,87.85],[14.63,87.88],[14.63,87.91],[14.63,87.92],[14.63,87.93],[14.63,87.94],[14.63,87.96],[14.63,88.0],[14.63,88.04],[14.64,88.08],[14.64,88.1],[14.64,88.11],[14.64,88.12],[14.64,88.13],[14.63,88.16],[14.63,88.19],[14.63,88.24],[14.63,88.27],[14.63,88.29],[14.63,88.31],[14.63,88.33],[14.63,88.35],[14.63,88.39],[14.63,88.43],[14.63,88.46],[14.63,88.49],[14.63,88.5],[14.63,88.51],[14.63,88.52],[14.63,88.55],[14.62,88.58],[14.62,88.62],[14.62,88.66],[14.62,88.68],[14.62,88.7],[14.62,88.71],[14.62,88.74],[14.61,88.77],[14.61,88.82],[14.61,88.85],[14.61,88.87],[14.61,88.89],[14.61,88.91],[14.6,88.93],[14.6,88.96],[14.6,88.99],[14.6,89.03],[14.6,89.06],[14.59,89.09],[14.59,89.12],[14.59,89.15],[14.59,89.18],[14.59,89.21],[14.59,89.24],[14.59,89.27],[14.6,89.3],[14.6,89.33],[14.6,89.36],[14.6,89.38],[14.6,89.41],[14.61,89.44],[14.61,89.47],[14.61,89.5],[14.62,89.52],[14.62,89.55],[14.63,89.58],[14.63,89.6],[14.64,89.63],[14.64,89.66],[14.65,89.69],[14.65,89.71],[14.66,89.74],[14.67,89.77],[14.67,89.79],[14.68,89.82],[14.69,89.85],[14.7,89.88],[14.71,89.91],[14.72,89.95],[14.73,89.98],[14.75,90.02],[14.76,90.06],[14.77,90.09],[14.78,90.13],[14.8,90.17],[14.81,90.21],[14.82,90.25],[14.83,90.28],[14.85,90.32],[14.86,90.36],[14.87,90.4],[14.89,90.43],[14.9,90.47],[14.91,90.51],[14.93,90.55],[14.94,90.58],[14.96,90.62],[14.97,90.66],[14.98,90.7],[15.0,90.73],[15.01,90.77],[15.02,90.81],[15.04,90.85],[15.05,90.88],[15.07,90.92],[15.08,90.96],[15.1,90.99],[15.11,91.03],[15.12,91.07],[15.14,91.1],[15.15,91.14],[15.17,91.17],[15.18,91.21],[15.2,91.24],[15.21,91.28],[15.22,91.31],[15.24,91.35],[15.25,91.38],[15.27,91.42],[15.28,91.45],[15.3,91.49],[15.32,91.52],[15.33,91.55],[15.35,91.59],[15.36,91.62],[15.38,91.66],[15.39,91.69],[15.41,91.72],[15.43,91.76],[15.44,91.79],[15.46,91.83],[15.48,91.86],[15.49,91.89],[15.51,91.93],[15.53,91.96],[15.54,91.99],[15.56,92.03],[15.58,92.06],[15.6,92.09],[15.62,92.13],[15.63,92.16],[15.65,92.2],[15.67,92.23],[15.69,92.27],[15.71,92.31],[15.73,92.34],[15.75,92.38],[15.77,92.42],[15.79,92.45],[15.81,92.49],[15.83,92.53],[15.85,92.56],[15.87,92.6],[15.89,92.64],[15.91,92.67],[15.93,92.71],[15.95,92.75],[15.97,92.79],[15.99,92.82],[16.01,92.86],[16.03,92.9],[16.05,92.93],[16.07,92.97],[16.09,93.01],[16.12,93.04],[16.14,93.08],[16.16,93.12],[16.18,93.15],[16.2,93.19],[16.22,93.23],[16.24,93.27],[16.26,93.3],[16.28,93.34],[16.3,93.38],[16.31,93.41],[16.33,93.43],[16.34,93.46],[16.35,93.47],[16.36,93.49],[16.37,93.52],[16.39,93.55],[16.4,93.59],[16.42,93.62],[16.43,93.65],[16.44,93.67],[16.45,93.69],[16.46,93.71],[16.47,93.74],[16.48,93.77],[16.49,93.81],[16.51,93.84],[16.52,93.87],[16.53,93.89],[16.53,93.91],[16.54,93.93],[16.55,93.96],[16.56,93.99],[16.57,94.03],[16.58,94.06],[16.59,94.09],[16.6,94.11],[16.6,94.13],[16.61,94.16],[16.62,94.19],[16.62,94.22],[16.63,94.26],[16.64,94.29],[16.65,94.32],[16.65,94.34],[16.66,94.36],[16.66,94.39],[16.67,94.42],[16.67,94.45],[16.68,94.49],[16.68,94.52],[16.69,94.55],[16.69,94.58],[16.69,94.6],[16.7,94.62],[16.7,94.65],[16.7,94.69],[16.71,94.72],[16.71,94.76],[16.71,94.79],[16.71,94.81],[16.71,94.83],[16.72,94.86],[16.72,94.89],[16.72,94.92],[16.72,94.96],[16.72,95.0],[16.72,95.02],[16.72,95.05],[16.72,95.07],[16.72,95.1],[16.72,95.12],[16.71,95.16],[16.71,95.19],[16.71,95.23],[16.71,95.27],[16.71,95.3],[16.7,95.34],[16.7,95.38],[16.7,95.41],[16.7,95.45],[16.7,95.48],[16.7,95.52],[16.69,95.55],[16.69,95.59],[16.69,95.63],[16.69,95.66],[16.69,95.7],[16.69,95.73],[16.69,95.77],[16.69,95.8],[16.69,95.84],[16.69,95.87],[16.69,95.91],[16.69,95.95],[16.69,95.98],[16.69,96.02],[16.69,96.05],[16.69,96.09],[16.69,96.12],[16.69,96.16],[16.69,96.2],[16.69,96.23],[16.69,96.27],[16.69,96.3],[16.69,96.34],[16.69,96.38],[16.69,96.41],[16.69,96.45],[16.69,96.49],[16.69,96.52],[16.69,96.56],[16.69,96.6],[16.69,96.64],[16.69,96.67],[16.69,96.71],[16.7,96.75],[16.7,96.78],[16.7,96.82],[16.7,96.86],[16.7,96.89],[16.7,96.93],[16.7,96.97],[16.7,97.0],[16.7,97.04],[16.71,97.08],[16.71,97.12],[16.71,97.15],[16.71,97.19],[16.71,97.23],[16.71,97.26],[16.72,97.3],[16.72,97.34],[16.72,97.37],[16.72,97.41],[16.72,97.45],[16.72,97.49],[16.73,97.52],[16.73,97.55],[16.73,97.57],[16.73,97.58],[16.73,97.6],[16.73,97.62],[16.73,97.65],[16.73,97.68],[16.74,97.71],[16.74,97.73],[16.74,97.74],[16.74,97.75],[16.74,97.76],[16.74,97.78],[16.74,97.81],[16.74,97.84],[16.74,97.87],[16.74,97.89],[16.74,97.91],[16.74,97.92],[16.74,97.94],[16.74,97.97],[16.75,98.01],[16.75,98.04],[16.75,98.06],[16.75,98.07],[16.75,98.08],[16.75,98.1],[16.75,98.13],[16.75,98.17],[16.75,98.2],[16.75,98.22],[16.75,98.23],[16.75,98.24],[16.75,98.26],[16.75,98.29],[16.75,98.33],[16.75,98.36],[16.75,98.38],[16.75,98.39],[16.75,98.4],[16.75,98.42],[16.75,98.45],[16.75,98.49],[16.75,98.52],[16.75,98.54],[16.75,98.55],[16.75,98.56],[16.75,98.58],[16.75,98.61],[16.75,98.65],[16.75,98.68],[16.75,98.7],[16.75,98.71],[16.75,98.72],[16.75,98.74],[16.75,98.77],[16.75,98.8],[16.75,98.83],[16.75,98.86],[16.76,98.89],[16.76,98.91],[16.76,98.94],[16.76,98.97],[16.76,98.99],[16.76,99.02],[16.76,99.04],[16.77,99.07],[16.77,99.09],[16.77,99.11],[16.77,99.14],[16.78,99.16],[16.78,99.19],[16.78,99.21],[16.79,99.23],[16.79,99.26],[16.8,99.28],[16.8,99.3],[16.81,99.32],[16.81,99.34],[16.82,99.37],[16.82,99.39],[16.83,99.41],[16.83,99.43],[16.84,99.45],[16.85,99.47],[16.85,99.49],[16.86,99.52],[16.87,99.54],[16.88,99.56],[16.89,99.59],[16.89,99.62],[16.9,99.64],[16.92,99.67],[16.93,99.7],[16.94,99.73],[16.95,99.75],[16.96,99.78],[16.97,99.81],[16.98,99.84],[16.99,99.86],[17.0,99.89],[17.01,99.92],[17.03,99.95],[17.04,99.97],[17.05,100.0],[17.06,100.03],[17.07,100.06],[17.08,100.08],[17.1,100.11],[17.11,100.14],[17.12,100.16],[17.13,100.19],[17.15,100.22],[17.16,100.24],[17.17,100.27],[17.19,100.3],[17.2,100.32],[17.21,100.35],[17.23,100.38],[17.24,100.41],[17.26,100.44],[17.27,100.46],[17.28,100.48],[17.29,100.49],[17.29,100.5],[17.3,100.52],[17.31,100.54],[17.32,100.56],[17.33,100.59],[17.35,100.62],[17.36,100.64],[17.36,100.66],[17.37,100.67],[17.37,100.68],[17.38,100.7],[17.39,100.73],[17.41,100.76],[17.42,100.79],[17.43,100.81],[17.43,100.82],[17.44,100.83],[17.44,100.85],[17.45,100.87],[17.46,100.9],[17.47,100.93],[17.48,100.95],[17.49,100.97],[17.5,100.99],[17.5,101.0],[17.51,101.02],[17.52,101.04],[17.52,101.06],[17.54,101.1],[17.54,101.12],[17.55,101.15],[17.56,101.16],[17.56,101.17],[17.57,101.19],[17.57,101.21],[17.58,101.24],[17.59,101.27],[17.6,101.3],[17.6,101.32],[17.61,101.33],[17.61,101.34],[17.62,101.36],[17.62,101.38],[17.63,101.41],[17.64,101.44],[17.65,101.47],[17.65,101.49],[17.66,101.51],[17.66,101.52],[17.66,101.53],[17.67,101.56],[17.67,101.58],[17.68,101.62],[17.69,101.65],[17.69,101.67],[17.69,101.68],[17.7,101.69],[17.7,101.71],[17.7,101.73],[17.71,101.76],[17.71,101.79],[17.72,101.82],[17.73,101.85],[17.73,101.88],[17.74,101.91],[17.74,101.95],[17.75,101.98],[17.76,102.01],[17.76,102.04],[17.77,102.07],[17.78,102.1],[17.78,102.13],[17.79,102.16],[17.8,102.19],[17.8,102.22],[17.81,102.25],[17.82,102.28],[17.83,102.31],[17.83,102.34],[17.84,102.37],[17.85,102.4],[17.86,102.43],[17.86,102.46],[17.87,102.49],[17.88,102.52],[17.89,102.55],[17.9,102.58],[17.9,102.6],[17.91,102.63],[17.92,102.66],[17.93,102.69],[17.94,102.72],[17.94,102.74],[17.95,102.76],[17.96,102.79],[17.97,102.81],[17.97,102.83],[17.98,102.85],[17.99,102.87],[18.0,102.89],[18.01,102.91],[18.01,102.93],[18.02,102.96],[18.03,102.98],[18.04,103.0],[18.06,103.02],[18.07,103.05],[18.08,103.07],[18.09,103.09],[18.1,103.12],[18.12,103.14],[18.13,103.17],[18.14,103.19],[18.16,103.21],[18.17,103.24],[18.19,103.26],[18.2,103.29],[18.22,103.31],[18.23,103.34],[18.25,103.37],[18.27,103.39],[18.29,103.42],[18.31,103.45],[18.33,103.48],[18.35,103.51],[18.37,103.54],[18.4,103.57],[18.42,103.6],[18.44,103.64],[18.47,103.67],[18.49,103.71],[18.52,103.74],[18.54,103.77],[18.57,103.81],[18.59,103.84],[18.62,103.88],[18.64,103.91],[18.67,103.94],[18.69,103.98],[18.72,104.01],[18.74,104.05],[18.77,104.08],[18.79,104.11],[18.82,104.15],[18.84,104.18],[18.87,104.21],[18.89,104.25],[18.92,104.28],[18.94,104.31],[18.97,104.35],[18.99,104.38],[19.02,104.42],[19.04,104.45],[19.07,104.48],[19.09,104.51],[19.11,104.55],[19.14,104.58],[19.16,104.61],[19.19,104.64],[19.21,104.67],[19.23,104.7],[19.26,104.73],[19.28,104.76],[19.3,104.79],[19.33,104.82],[19.35,104.85],[19.37,104.88],[19.4,104.91],[19.42,104.93],[19.45,104.96],[19.47,104.99],[19.5,105.02],[19.52,105.05],[19.55,105.08],[19.57,105.11],[19.6,105.13],[19.62,105.16],[19.65,105.19],[19.67,105.22],[19.7,105.25],[19.72,105.27],[19.75,105.3],[19.78,105.33],[19.8,105.36],[19.83,105.38],[19.85,105.41],[19.88,105.44],[19.91,105.47],[19.94,105.49],[19.96,105.52],[19.98,105.53],[19.98,105.54],[19.99,105.54],[19.99,105.55],[20.01,105.57],[20.03,105.59],[20.06,105.62],[20.09,105.64],[20.1,105.66],[20.11,105.67],[20.12,105.68],[20.14,105.69],[20.16,105.72],[20.19,105.75],[20.21,105.77],[20.23,105.79],[20.24,105.8],[20.25,105.81],[20.26,105.82],[20.28,105.85],[20.31,105.88],[20.34,105.9],[20.35,105.92],[20.36,105.93],[20.37,105.94],[20.39,105.95],[20.41,105.98],[20.44,106.01],[20.46,106.03],[20.47,106.05],[20.48,106.06],[20.49,106.07],[20.51,106.09],[20.53,106.11],[20.56,106.14],[20.58,106.16],[20.6,106.18],[20.61,106.19],[20.62,106.2],[20.63,106.22],[20.65,106.24],[20.68,106.27],[20.7,106.3],[20.72,106.31],[20.73,106.32],[20.74,106.33],[20.75,106.35],[20.77,106.37],[20.8,106.41],[20.82,106.43],[20.84,106.45],[20.85,106.46],[20.86,106.47],[20.87,106.48],[20.89,106.51],[20.92,106.54],[20.94,106.57],[20.96,106.59],[20.97,106.6],[20.98,106.6],[20.99,106.61],[21.0,106.63],[21.02,106.66],[21.05,106.69],[21.07,106.72],[21.09,106.73],[21.1,106.75],[21.11,106.76],[21.13,106.78],[21.15,106.81],[21.17,106.84],[21.19,106.87],[21.21,106.89],[21.22,106.9],[21.23,106.92],[21.25,106.94],[21.27,106.96],[21.29,106.99],[21.31,107.02],[21.32,107.04],[21.33,107.05],[21.34,107.06],[21.35,107.07],[21.36,107.09],[21.38,107.11],[21.4,107.15],[21.42,107.17],[21.43,107.19],[21.44,107.2],[21.45,107.21],[21.46,107.22],[21.47,107.24],[21.49,107.27],[21.51,107.3],[21.52,107.33],[21.54,107.34],[21.55,107.36],[21.55,107.37],[21.56,107.38],[21.57,107.4],[21.59,107.42],[21.61,107.46],[21.62,107.48],[21.64,107.5],[21.64,107.51],[21.65,107.52],[21.66,107.54],[21.67,107.56],[21.68,107.58],[21.7,107.61],[21.72,107.64],[21.73,107.66],[21.74,107.67],[21.74,107.68],[21.75,107.7],[21.76,107.71],[21.77,107.74],[21.79,107.77],[21.8,107.8],[21.82,107.83],[21.83,107.85],[21.85,107.88],[21.86,107.91],[21.88,107.94],[21.9,107.96],[21.91,107.99],[21.93,108.02],[21.94,108.05],[21.96,108.07],[21.97,108.1],[21.99,108.13],[22.01,108.16],[22.02,108.18],[22.04,108.21],[22.06,108.24],[22.07,108.26],[22.09,108.29],[22.11,108.32],[22.12,108.34],[22.14,108.37],[22.16,108.4],[22.17,108.43],[22.19,108.45],[22.21,108.48],[22.22,108.5],[22.24,108.53],[22.26,108.56],[22.28,108.58],[22.29,108.61],[22.31,108.63],[22.33,108.66],[22.34,108.68],[22.36,108.71],[22.38,108.73],[22.39,108.75],[22.41,108.78],[22.43,108.8],[22.44,108.82],[22.46,108.84],[22.48,108.87],[22.5,108.89],[22.51,108.91],[22.53,108.93],[22.55,108.96],[22.57,108.98],[22.59,109.0],[22.6,109.02],[22.62,109.04],[22.64,109.07],[22.66,109.09],[22.68,109.11],[22.7,109.13],[22.72,109.15],[22.73,109.17],[22.75,109.19],[22.77,109.22],[22.79,109.24],[22.81,109.26],[22.83,109.28],[22.85,109.3],[22.87,109.32],[22.9,109.34],[22.92,109.37],[22.94,109.39],[22.97,109.41],[22.99,109.44],[23.01,109.46],[23.04,109.48],[23.06,109.51],[23.08,109.53],[23.11,109.55],[23.13,109.58],[23.16,109.6],[23.18,109.62],[23.2,109.65],[23.23,109.67],[23.25,109.69],[23.28,109.72],[23.3,109.74],[23.32,109.76],[23.35,109.78],[23.37,109.81],[23.4,109.83],[23.42,109.85],[23.45,109.88],[23.47,109.9],[23.49,109.92],[23.52,109.94],[23.54,109.97],[23.57,109.99],[23.59,110.01],[23.62,110.04],[23.64,110.06],[23.67,110.08],[23.69,110.1],[23.72,110.13],[23.74,110.15],[23.77,110.18],[23.79,110.2],[23.81,110.23],[23.84,110.25],[23.86,110.28],[23.88,110.3],[23.89,110.32],[23.91,110.34],[23.92,110.36],[23.93,110.37],[23.95,110.39],[23.96,110.41],[23.97,110.42],[23.98,110.44],[24.0,110.46],[24.01,110.49],[24.03,110.51],[24.04,110.54],[24.06,110.56],[24.07,110.58],[24.08,110.6],[24.1,110.63],[24.11,110.65],[24.12,110.67],[24.13,110.69],[24.14,110.72],[24.15,110.74],[24.16,110.77],[24.17,110.79],[24.18,110.82],[24.19,110.84],[24.2,110.87],[24.21,110.9],[24.22,110.92],[24.23,110.95],[24.23,110.98],[24.24,111.0],[24.25,111.03],[24.25,111.06],[24.26,111.08],[24.26,111.11],[24.27,111.14],[24.27,111.16],[24.28,111.19],[24.28,111.22],[24.28,111.25],[24.29,111.28],[24.29,111.31],[24.29,111.34],[24.29,111.37],[24.29,111.39],[24.29,111.42],[24.29,111.45],[24.29,111.47],[24.29,111.5],[24.29,111.53],[24.28,111.56],[24.28,111.58],[24.28,111.61],[24.28,111.64],[24.27,111.67],[24.27,111.7],[24.26,111.72],[24.26,111.75],[24.25,111.78],[24.24,111.8],[24.24,111.83],[24.23,111.85],[24.23,111.88],[24.22,111.9],[24.21,111.92],[24.2,111.95],[24.19,111.97],[24.19,112.0],[24.18,112.02],[24.17,112.05],[24.15,112.08],[24.14,112.1],[24.13,112.12],[24.13,112.15],[24.12,112.17],[24.11,112.18],[24.1,112.2],[24.09,112.22],[24.08,112.24],[24.07,112.26],[24.05,112.29],[24.04,112.31],[24.02,112.34],[24.01,112.36],[23.99,112.39],[23.98,112.42],[23.96,112.44],[23.95,112.47],[23.93,112.5],[23.92,112.52],[23.9,112.55],[23.88,112.57],[23.87,112.6],[23.85,112.63],[23.84,112.65],[23.82,112.68],[23.81,112.71],[23.79,112.73],[23.78,112.76],[23.77,112.79],[23.75,112.81],[23.74,112.84],[23.72,112.86],[23.71,112.89],[23.69,112.92],[23.68,112.94],[23.66,112.97],[23.65,113.0],[23.63,113.02],[23.62,113.05],[23.6,113.08],[23.59,113.1],[23.57,113.13],[23.56,113.16],[23.55,113.19],[23.53,113.21],[23.53,113.22],[23.52,113.23],[23.52,113.24],[23.51,113.26],[23.5,113.28],[23.48,113.31],[23.47,113.33],[23.46,113.34],[23.46,113.35],[23.45,113.36],[23.44,113.38],[23.43,113.4],[23.41,113.43],[23.4,113.45],[23.39,113.46],[23.39,113.47],[23.39,113.48],[23.38,113.48],[23.37,113.5],[23.36,113.52],[23.34,113.55],[23.33,113.57],[23.32,113.59],[23.32,113.6],[23.31,113.6],[23.3,113.62],[23.29,113.64],[23.28,113.67],[23.26,113.69],[23.25,113.7],[23.25,113.71],[23.25,113.72],[23.24,113.72],[23.23,113.74],[23.22,113.76],[23.2,113.79],[23.19,113.81],[23.18,113.82],[23.18,113.83],[23.17,113.84],[23.16,113.86],[23.15,113.88],[23.13,113.91],[23.12,113.93],[23.11,113.94],[23.11,113.95],[23.1,113.95],[23.1,113.96],[23.09,113.98],[23.08,114.0],[23.06,114.02],[23.05,114.04],[23.04,114.06],[23.03,114.07],[23.03,114.08],[23.02,114.09],[23.0,114.11],[22.99,114.14],[22.97,114.17],[22.95,114.19],[22.93,114.22],[22.92,114.25],[22.9,114.28],[22.88,114.3],[22.87,114.33],[22.85,114.36],[22.83,114.38],[22.81,114.41],[22.8,114.44],[22.78,114.46],[22.76,114.49],[22.75,114.52],[22.73,114.55],[22.71,114.57],[22.69,114.6],[22.68,114.63],[22.66,114.65],[22.64,114.68],[22.62,114.71],[22.61,114.73],[22.59,114.76],[22.57,114.79],[22.56,114.82],[22.54,114.84],[22.52,114.87],[22.5,114.9],[22.49,114.92],[22.47,114.94],[22.46,114.97],[22.45,114.98],[22.44,115.0],[22.43,115.02],[22.42,115.04],[22.41,115.05],[22.4,115.07],[22.39,115.09],[22.38,115.11],[22.37,115.13],[22.36,115.15],[22.35,115.17],[22.34,115.2],[22.33,115.23],[22.31,115.25],[22.3,115.28],[22.29,115.31],[22.28,115.34],[22.27,115.38],[22.25,115.41],[22.24,115.44],[22.23,115.48],[22.22,115.52],[22.2,115.56],[22.19,115.6],[22.18,115.64],[22.17,115.68],[22.15,115.72],[22.14,115.76],[22.13,115.81],[22.11,115.86],[22.1,115.9],[22.09,115.95],[22.07,116.01],[22.06,116.05],[22.06,116.07],[22.05,116.09],[22.05,116.11],[22.04,116.14],[22.03,116.18],[22.01,116.23],[22.0,116.27],[21.99,116.3],[21.99,116.32],[21.99,116.34],[21.98,116.37],[21.97,116.41],[21.95,116.46],[21.94,116.5],[21.93,116.53],[21.93,116.55],[21.92,116.57],[21.91,116.6],[21.9,116.64],[21.88,116.69],[21.87,116.73],[21.86,116.76],[21.86,116.78],[21.85,116.8],[21.85,116.83],[21.83,116.87],[21.82,116.92],[21.8,116.96],[21.8,116.99],[21.79,117.01],[21.79,117.03],[21.78,117.05],[21.76,117.1],[21.75,117.15],[21.73,117.19],[21.73,117.22],[21.72,117.24],[21.72,117.25],[21.71,117.28],[21.69,117.32],[21.68,117.38],[21.66,117.42],[21.65,117.45],[21.65,117.46],[21.65,117.47],[21.64,117.48],[21.63,117.51],[21.62,117.55],[21.6,117.6],[21.59,117.65],[21.58,117.67],[21.57,117.69],[21.57,117.71],[21.56,117.73],[21.55,117.77],[21.53,117.83],[21.51,117.88],[21.49,117.93],[21.48,117.98],[21.46,118.03],[21.45,118.08],[21.43,118.13],[21.41,118.18],[21.4,118.23],[21.38,118.28],[21.37,118.33],[21.35,118.38],[21.34,118.43],[21.32,118.49],[21.31,118.54],[21.29,118.59],[21.28,118.64],[21.27,118.69],[21.25,118.74],[21.24,118.79],[21.23,118.84],[21.21,118.89],[21.2,118.95],[21.19,119.0],[21.18,119.05],[21.16,119.1],[21.15,119.15],[21.14,119.2],[21.13,119.26],[21.12,119.31],[21.1,119.36],[21.09,119.41],[21.08,119.47],[21.07,119.51],[21.07,119.54],[21.06,119.56],[21.06,119.58],[21.05,119.61],[21.04,119.66],[21.03,119.71],[21.02,119.75],[21.01,119.79],[21.0,119.8],[21.0,119.81],[21.0,119.83],[20.99,119.86],[20.98,119.9],[20.97,119.96],[20.95,120.0],[20.95,120.03],[20.94,120.05],[20.94,120.07],[20.93,120.1],[20.92,120.14],[20.9,120.2],[20.89,120.24],[20.88,120.27],[20.87,120.29],[20.87,120.3],[20.87,120.31],[20.86,120.35],[20.85,120.39],[20.83,120.44],[20.82,120.48],[20.81,120.51],[20.8,120.53],[20.8,120.54],[20.79,120.56],[20.78,120.59],[20.77,120.63],[20.75,120.68],[20.74,120.73],[20.73,120.76],[20.72,120.77],[20.72,120.78],[20.72,120.8],[20.71,120.83],[20.69,120.87],[20.67,120.92],[20.66,120.96],[20.65,120.99],[20.64,121.01],[20.64,121.02],[20.63,121.03],[20.62,121.06],[20.61,121.11],[20.59,121.16],[20.57,121.2],[20.56,121.23],[20.55,121.25],[20.55,121.27],[20.54,121.29],[20.52,121.33],[20.5,121.37],[20.49,121.42],[20.47,121.46],[20.46,121.49],[20.45,121.53],[20.44,121.56],[20.43,121.59],[20.42,121.62],[20.41,121.66],[20.41,121.69],[20.4,121.72],[20.4,121.75],[20.39,121.78],[20.39,121.81],[20.38,121.84],[20.38,121.87],[20.38,121.89],[20.37,121.92],[20.37,121.95],[20.37,121.98],[20.37,122.0],[20.37,122.03],[20.37,122.05],[20.38,122.08],[20.38,122.11],[20.38,122.13],[20.38,122.16],[20.39,122.18],[20.39,122.21],[20.4,122.23],[20.4,122.26],[20.41,122.3],[20.42,122.33],[20.43,122.36],[20.43,122.38],[20.43,122.4],[20.44,122.4],[20.44,122.42],[20.45,122.44],[20.45,122.48],[20.47,122.53],[20.47,122.57],[20.48,122.59],[20.48,122.61],[20.49,122.63],[20.49,122.65],[20.5,122.69],[20.51,122.74],[20.52,122.78],[20.53,122.8],[20.53,122.82],[20.53,122.84],[20.54,122.87],[20.55,122.9],[20.56,122.95],[20.56,122.99],[20.57,123.02],[20.57,123.03],[20.57,123.04],[20.58,123.05],[20.58,123.08],[20.59,123.12],[20.6,123.17],[20.6,123.2],[20.61,123.23],[20.61,123.25],[20.61,123.27],[20.62,123.29],[20.63,123.33],[20.63,123.38],[20.64,123.42],[20.64,123.45],[20.65,123.46],[20.65,123.47],[20.65,123.48],[20.65,123.51],[20.66,123.55],[20.67,123.6],[20.67,123.63],[20.68,123.66],[20.68,123.68],[20.68,123.7],[20.69,123.72],[20.69,123.76],[20.7,123.81],[20.7,123.85],[20.71,123.88],[20.71,123.89],[20.71,123.9],[20.71,123.91],[20.71,123.94],[20.72,123.98],[20.72,124.03],[20.73,124.06],[20.73,124.09],[20.73,124.11],[20.73,124.13],[20.74,124.16],[20.74,124.19],[20.75,124.24],[20.75,124.28],[20.75,124.31],[20.75,124.32],[20.75,124.33],[20.76,124.35],[20.76,124.37],[20.76,124.41],[20.77,124.46],[20.77,124.5],[20.77,124.53],[20.77,124.54],[20.77,124.55],[20.77,124.56],[20.78,124.59],[20.78,124.63],[20.78,124.68],[20.78,124.72],[20.79,124.74],[20.79,124.76],[20.79,124.78],[20.79,124.81],[20.79,124.85],[20.79,124.89],[20.8,124.93],[20.8,124.96],[20.8,124.98],[20.8,125.0],[20.8,125.02],[20.8,125.06],[20.8,125.11],[20.8,125.15],[20.8,125.18],[20.8,125.19],[20.8,125.2],[20.81,125.21],[20.81,125.24],[20.81,125.28],[20.81,125.33],[20.81,125.37],[20.81,125.4],[20.81,125.41],[20.81,125.42],[20.81,125.43],[20.81,125.46],[20.81,125.5],[20.81,125.55],[20.81,125.59],[20.81,125.61],[20.81,125.63],[20.81,125.65],[20.81,125.68],[20.81,125.71],[20.81,125.76],[20.81,125.81],[20.81,125.85],[20.8,125.9],[20.8,125.95],[20.8,125.99],[20.81,126.04],[20.81,126.08],[20.81,126.13],[20.81,126.17],[20.81,126.22],[20.81,126.26],[20.81,126.31],[20.81,126.35],[20.81,126.4],[20.81,126.45],[20.82,126.49],[20.82,126.54],[20.82,126.58],[20.82,126.63],[20.83,126.67],[20.83,126.72],[20.83,126.76],[20.83,126.81],[20.84,126.85],[20.84,126.9],[20.84,126.95],[20.85,126.99],[20.85,127.04],[20.86,127.08],[20.86,127.12],[20.86,127.16],[20.87,127.2],[20.87,127.24],[20.87,127.27],[20.88,127.3],[20.88,127.33],[20.89,127.35],[20.89,127.37],[20.9,127.4],[20.9,127.42],[20.91,127.44],[20.91,127.45],[20.92,127.47],[20.92,127.48],[20.92,127.49],[20.93,127.5],[20.93,127.51],[20.93,127.52]]},"properties":{"l":"road","c":"primary","n":"Harbor Drive"}},{"type":"Feature","geometry":{"type":"LineString","coordinates":[[41.04,62.89],[40.29,63.04],[39.66,63.26],[39.16,63.53],[38.77,63.85],[38.46,64.23],[38.23,64.68],[38.08,65.23],[38.0,65.93],[37.94,66.72],[37.9,67.55],[37.87,68.41],[37.87,69.31],[37.9,70.24],[37.94,71.21],[38.0,72.21],[38.09,73.24],[38.2,74.25],[38.33,75.23],[38.48,76.19],[38.65,77.13],[38.84,78.05],[39.05,78.94],[39.28,79.82],[39.53,80.64],[39.82,81.36],[40.15,82.0],[40.52,82.56],[40.94,83.04],[41.4,83.46],[41.9,83.81],[42.46,84.09],[43.11,84.33],[43.79,84.57],[44.48,84.78],[45.16,84.97],[45.84,85.14],[46.52,85.28],[47.2,85.41],[47.88,85.51],[48.53,85.6],[49.11,85.63],[49.64,85.61],[50.12,85.54],[50.54,85.44],[50.91,85.29],[51.24,85.11],[51.53,84.89],[51.8,84.63],[52.05,84.3],[52.29,83.91],[52.51,83.43],[52.71,82.89],[52.88,82.27],[53.03,81.58],[53.16,80.81],[53.25,79.97],[53.33,79.12],[53.38,78.27],[53.4,77.42],[53.4,76.58],[53.38,75.73],[53.33,74.88],[53.25,74.03],[53.16,73.19],[53.02,72.4],[52.82,71.62],[52.58,70.87],[52.29,70.14],[51.95,69.43],[51.56,68.74],[51.13,68.07],[50.63,67.4],[50.12,66.77],[49.61,66.18],[49.11,65.64],[48.61,65.14],[48.12,64.68],[47.63,64.27],[47.14,63.91],[46.68,63.6],[46.19,63.35],[45.64,63.15],[45.03,62.98],[44.35,62.86],[43.61,62.79],[42.81,62.77],[41.94,62.8],[41.04,62.89]]},"properties":{"l":"road","c":"secondary","n":"Park Drive"}},{"type":"Feature","geometry":{"type":"LineString","coordinates":[[14.6,20.4],[15.25,20.53],[16.55,20.78],[18.5,21.15],[21.1,21.65],[23.73,22.12],[26.38,22.57],[29.05,23.0],[31.75,23.4],[33.77,23.7],[35.13,23.9],[35.8,24.0]]},"properties":{"l":"road","c":"bridge","n":"Robert Kane Memorial Bridge"}},{"type":"Feature","geometry":{"type":"LineString","coordinates":[[12.4,37.6],[12.78,37.51],[13.53,37.34],[14.65,37.08],[16.15,36.73],[17.27,36.46],[18.02,36.29],[18.4,36.2]]},"properties":{"l":"road","c":"bridge","n":"Trigate Bridge"}},{"type":"Feature","geometry":{"type":"LineString","coordinates":[[24.6,35.0],[24.88,34.96],[25.43,34.89],[26.25,34.78],[27.35,34.63],[28.45,34.47],[29.55,34.33],[30.65,34.17],[31.75,34.03],[32.57,33.91],[33.13,33.84],[33.4,33.8]]},"properties":{"l":"road","c":"bridge","n":"Trigate Bridge"}},{"type":"Feature","geometry":{"type":"LineString","coordinates":[[24.2,38.6],[24.35,38.81],[24.65,39.24],[25.1,39.88],[25.7,40.72],[26.29,41.54],[26.86,42.31],[27.43,43.05],[27.98,43.75],[28.39,44.27],[28.66,44.62],[28.8,44.8]]},"properties":{"l":"road","c":"bridge","n":"Trigate Bridge"}},{"type":"Feature","geometry":{"type":"LineString","coordinates":[[5.2,100.8],[5.5,100.79],[6.1,100.78],[7.0,100.76],[8.2,100.74],[9.48,100.71],[10.83,100.69],[12.25,100.66],[13.75,100.64],[14.88,100.62],[15.63,100.61],[16.0,100.6]]},"properties":{"l":"road","c":"bridge","n":"Vincefinkel Bridge"}},{"type":"Feature","geometry":{"type":"LineString","coordinates":[[83.4,31.6],[83.69,31.25],[84.26,30.55],[85.13,29.5],[86.28,28.1],[87.51,26.61],[88.84,25.04],[90.25,23.38],[91.75,21.63],[93.19,19.98],[94.56,18.42],[95.88,16.97],[97.13,15.62],[98.06,14.61],[98.69,13.94],[99.0,13.6]]},"properties":{"l":"road","c":"bridge","n":"Pioneers Bridge"}},{"type":"Feature","geometry":{"type":"LineString","coordinates":[[50.0,21.4],[50.03,21.0],[50.08,20.2],[50.15,19.0],[50.25,17.4],[50.35,15.86],[50.45,14.39],[50.55,12.98],[50.65,11.62],[50.72,10.61],[50.77,9.94],[50.8,9.6]]},"properties":{"l":"road","c":"bridge","n":"Otisburg Bridge"}},{"type":"Feature","geometry":{"type":"LineString","coordinates":[[86.6,40.6],[86.87,40.58],[87.42,40.53],[88.25,40.45],[89.35,40.35],[90.46,40.25],[91.59,40.15],[92.73,40.05],[93.88,39.95],[94.74,39.88],[95.31,39.82],[95.6,39.8]]},"properties":{"l":"road","c":"bridge","n":"Burnside Bridge"}},{"type":"Feature","geometry":{"type":"LineString","coordinates":[[83.8,97.0],[84.19,97.01],[84.96,97.04],[86.12,97.07],[87.68,97.13],[89.2,97.18],[90.7,97.23],[92.18,97.28],[93.62,97.33],[94.71,97.36],[95.44,97.39],[95.8,97.4]]},"properties":{"l":"road","c":"bridge","n":"Gotham Harbor Bridge"}},{"type":"Feature","geometry":{"type":"LineString","coordinates":[[66.0,112.8],[66.03,112.94],[66.07,113.21],[66.15,113.62],[66.25,114.18],[66.35,114.73],[66.45,115.28],[66.55,115.82],[66.65,116.38],[66.72,116.79],[66.77,117.06],[66.8,117.2]]},"properties":{"l":"road","c":"bridge","n":"Blackgate Causeway"}},{"type":"Feature","geometry":{"type":"LineString","coordinates":[[33.0,51.6],[33.0,51.83],[33.0,52.28],[33.0,52.95],[33.0,53.85],[33.0,54.53],[33.0,54.98],[33.0,55.2]]},"properties":{"l":"road","c":"bridge","n":"Sprang Bridge"}},{"type":"Feature","geometry":{"type":"LineString","coordinates":[[41.6,51.6],[41.6,51.8],[41.6,52.2],[41.6,52.8],[41.6,53.6],[41.6,54.2],[41.6,54.6],[41.6,54.8]]},"properties":{"l":"road","c":"bridge","n":"Sprang Bridge"}},{"type":"Feature","geometry":{"type":"LineString","coordinates":[[57.4,51.4],[57.4,51.6],[57.4,52.0],[57.4,52.6],[57.4,53.4],[57.4,54.0],[57.4,54.4],[57.4,54.6]]},"properties":{"l":"road","c":"bridge","n":"Grand Avenue Bridge"}},{"type":"Feature","geometry":{"type":"LineString","coordinates":[[49.4,51.4],[49.4,51.6],[49.4,52.0],[49.4,52.6],[49.4,53.4],[49.4,54.0],[49.4,54.4],[49.4,54.6]]},"properties":{"l":"road","c":"bridge","n":"Sprang Bridge"}},{"type":"Feature","geometry":{"type":"Polygon","coordinates":[[[19.36,116.11],[20.84,116.54],[20.91,116.29],[19.43,115.86],[19.36,116.11]]]},"properties":{"l":"pier"}},{"type":"Feature","geometry":{"type":"Polygon","coordinates":[[[18.78,116.78],[20.57,117.37],[20.66,117.12],[18.86,116.53],[18.78,116.78]]]},"properties":{"l":"pier"}},{"type":"Feature","geometry":{"type":"Polygon","coordinates":[[[18.4,118.0],[20.23,118.5],[20.3,118.25],[18.47,117.74],[18.4,118.0]]]},"properties":{"l":"pier"}},{"type":"Feature","geometry":{"type":"Polygon","coordinates":[[[18.34,119.26],[19.96,119.65],[20.02,119.4],[18.4,119.01],[18.34,119.26]]]},"properties":{"l":"pier"}},{"type":"Feature","geometry":{"type":"Polygon","coordinates":[[[17.65,119.92],[19.67,120.62],[19.75,120.37],[17.73,119.67],[17.65,119.92]]]},"properties":{"l":"pier"}},{"type":"Feature","geometry":{"type":"Polygon","coordinates":[[[17.83,121.24],[19.35,121.58],[19.41,121.33],[17.89,120.99],[17.83,121.24]]]},"properties":{"l":"pier"}},{"type":"Feature","geometry":{"type":"Polygon","coordinates":[[[17.61,122.81],[19.38,122.52],[19.34,122.26],[17.57,122.55],[17.61,122.81]]]},"properties":{"l":"pier"}},{"type":"Feature","geometry":{"type":"Polygon","coordinates":[[[17.52,123.97],[19.61,123.63],[19.57,123.37],[17.48,123.72],[17.52,123.97]]]},"properties":{"l":"pier"}},{"type":"Feature","geometry":{"type":"Polygon","coordinates":[[[18.14,125.01],[19.74,124.9],[19.73,124.64],[18.13,124.75],[18.14,125.01]]]},"properties":{"l":"pier"}},{"type":"Feature","geometry":{"type":"Polygon","coordinates":[[[17.59,125.93],[19.75,125.94],[19.76,125.68],[17.59,125.67],[17.59,125.93]]]},"properties":{"l":"pier"}},{"type":"Feature","geometry":{"type":"Polygon","coordinates":[[[18.03,127.33],[19.81,127.18],[19.79,126.93],[18.01,127.08],[18.03,127.33]]]},"properties":{"l":"pier"}},{"type":"Feature","geometry":{"type":"Polygon","coordinates":[[[18.6,129.46],[20.18,128.28],[20.03,128.07],[18.44,129.25],[18.6,129.46]]]},"properties":{"l":"pier"}},{"type":"Feature","geometry":{"type":"Polygon","coordinates":[[[19.75,130.1],[20.81,128.75],[20.61,128.59],[19.55,129.94],[19.75,130.1]]]},"properties":{"l":"pier"}},{"type":"Feature","geometry":{"type":"Polygon","coordinates":[[[20.1,130.81],[21.48,129.32],[21.29,129.14],[19.91,130.63],[20.1,130.81]]]},"properties":{"l":"pier"}},{"type":"Feature","geometry":{"type":"Polygon","coordinates":[[[20.79,131.09],[22.11,130.01],[21.95,129.81],[20.63,130.89],[20.79,131.09]]]},"properties":{"l":"pier"}},{"type":"Feature","geometry":{"type":"Polygon","coordinates":[[[22.85,132.1],[23.01,130.7],[22.75,130.67],[22.59,132.08],[22.85,132.1]]]},"properties":{"l":"pier"}},{"type":"Feature","geometry":{"type":"Polygon","coordinates":[[[24.09,132.38],[23.81,130.58],[23.55,130.62],[23.83,132.42],[24.09,132.38]]]},"properties":{"l":"pier"}},{"type":"Feature","geometry":{"type":"Polygon","coordinates":[[[24.93,132.09],[24.77,130.47],[24.51,130.49],[24.67,132.12],[24.93,132.09]]]},"properties":{"l":"pier"}},{"type":"Feature","geometry":{"type":"Polygon","coordinates":[[[26.05,131.84],[26.0,130.4],[25.74,130.41],[25.79,131.85],[26.05,131.84]]]},"properties":{"l":"pier"}},{"type":"Feature","geometry":{"type":"Polygon","coordinates":[[[27.18,132.03],[27.09,130.37],[26.83,130.38],[26.92,132.04],[27.18,132.03]]]},"properties":{"l":"pier"}},{"type":"Feature","geometry":{"type":"Polygon","coordinates":[[[28.22,132.33],[27.94,130.28],[27.69,130.32],[27.96,132.36],[28.22,132.33]]]},"properties":{"l":"pier"}},{"type":"Feature","geometry":{"type":"Polygon","coordinates":[[[29.25,131.93],[28.88,130.11],[28.63,130.16],[29.0,131.99],[29.25,131.93]]]},"properties":{"l":"pier"}},{"type":"Feature","geometry":{"type":"Polygon","coordinates":[[[30.41,131.63],[29.99,129.85],[29.73,129.91],[30.15,131.69],[30.41,131.63]]]},"properties":{"l":"pier"}},{"type":"Feature","geometry":{"type":"Polygon","coordinates":[[[31.35,131.73],[31.05,129.66],[30.79,129.69],[31.09,131.77],[31.35,131.73]]]},"properties":{"l":"pier"}},{"type":"Feature","geometry":{"type":"Polygon","coordinates":[[[32.53,131.54],[32.25,129.51],[31.99,129.54],[32.28,131.57],[32.53,131.54]]]},"properties":{"l":"pier"}},{"type":"Feature","geometry":{"type":"Polygon","coordinates":[[[33.59,131.11],[33.26,129.34],[33.0,129.39],[33.34,131.15],[33.59,131.11]]]},"properties":{"l":"pier"}},{"type":"Feature","geometry":{"type":"Polygon","coordinates":[[[34.81,130.95],[34.25,129.09],[34.0,129.17],[34.57,131.03],[34.81,130.95]]]},"properties":{"l":"pier"}},{"type":"Feature","geometry":{"type":"Polygon","coordinates":[[[35.97,130.59],[35.05,128.78],[34.82,128.89],[35.73,130.71],[35.97,130.59]]]},"properties":{"l":"pier"}},{"type":"Feature","geometry":{"type":"Polygon","coordinates":[[[37.25,129.2],[35.7,128.17],[35.55,128.39],[37.1,129.42],[37.25,129.2]]]},"properties":{"l":"pier"}},{"type":"Feature","geometry":{"type":"Polygon","coordinates":[[[37.47,128.21],[36.16,127.43],[36.02,127.66],[37.34,128.43],[37.47,128.21]]]},"properties":{"l":"pier"}},{"type":"Feature","geometry":{"type":"Polygon","coordinates":[[[38.11,127.49],[36.67,126.56],[36.53,126.78],[37.97,127.71],[38.11,127.49]]]},"properties":{"l":"pier"}},{"type":"Feature","geometry":{"type":"Polygon","coordinates":[[[38.9,126.8],[37.33,125.64],[37.18,125.85],[38.75,127.01],[38.9,126.8]]]},"properties":{"l":"pier"}},{"type":"Feature","geometry":{"type":"Polygon","coordinates":[[[39.22,125.78],[37.85,124.9],[37.71,125.12],[39.08,126.0],[39.22,125.78]]]},"properties":{"l":"pier"}},{"type":"Feature","geometry":{"type":"Polygon","coordinates":[[[39.64,124.14],[38.18,123.9],[38.13,124.16],[39.6,124.39],[39.64,124.14]]]},"properties":{"l":"pier"}},{"type":"Feature","geometry":{"type":"Polygon","coordinates":[[[40.22,123.16],[38.31,122.86],[38.28,123.12],[40.18,123.41],[40.22,123.16]]]},"properties":{"l":"pier"}},{"type":"Feature","geometry":{"type":"Polygon","coordinates":[[[40.06,122.11],[38.51,121.8],[38.46,122.06],[40.01,122.37],[40.06,122.11]]]},"properties":{"l":"pier"}},{"type":"Feature","geometry":{"type":"Polygon","coordinates":[[[40.43,121.36],[38.68,120.99],[38.63,121.25],[40.38,121.61],[40.43,121.36]]]},"properties":{"l":"pier"}},{"type":"Feature","geometry":{"type":"Polygon","coordinates":[[[40.28,120.43],[38.88,120.08],[38.82,120.33],[40.22,120.69],[40.28,120.43]]]},"properties":{"l":"pier"}},{"type":"Feature","geometry":{"type":"Polygon","coordinates":[[[40.93,119.87],[39.13,119.27],[39.05,119.52],[40.85,120.12],[40.93,119.87]]]},"properties":{"l":"pier"}},{"type":"Feature","geometry":{"type":"Polygon","coordinates":[[[41.51,119.14],[39.64,118.09],[39.51,118.31],[41.38,119.37],[41.51,119.14]]]},"properties":{"l":"pier"}},{"type":"Feature","geometry":{"type":"Polygon","coordinates":[[[81.0,25.88],[81.51,27.59],[81.76,27.51],[81.25,25.81],[81.0,25.88]]]},"properties":{"l":"pier"}},{"type":"Feature","geometry":{"type":"Polygon","coordinates":[[[80.2,26.67],[80.62,27.89],[80.86,27.81],[80.45,26.59],[80.2,26.67]]]},"properties":{"l":"pier"}},{"type":"Feature","geometry":{"type":"Polygon","coordinates":[[[79.17,26.81],[79.83,28.21],[80.07,28.1],[79.41,26.7],[79.17,26.81]]]},"properties":{"l":"pier"}},{"type":"Feature","geometry":{"type":"Polygon","coordinates":[[[78.07,27.54],[78.75,28.8],[78.98,28.67],[78.29,27.42],[78.07,27.54]]]},"properties":{"l":"pier"}},{"type":"Feature","geometry":{"type":"Polygon","coordinates":[[[77.1,27.61],[77.69,29.27],[77.94,29.18],[77.34,27.52],[77.1,27.61]]]},"properties":{"l":"pier"}},{"type":"Feature","geometry":{"type":"Polygon","coordinates":[[[75.93,28.41],[76.48,29.71],[76.72,29.6],[76.17,28.3],[75.93,28.41]]]},"properties":{"l":"pier"}},{"type":"Feature","geometry":{"type":"Polygon","coordinates":[[[75.59,28.32],[75.53,29.85],[75.79,29.86],[75.85,28.33],[75.59,28.32]]]},"properties":{"l":"pier"}},{"type":"Feature","geometry":{"type":"Polygon","coordinates":[[[74.76,27.94],[74.53,29.73],[74.78,29.76],[75.02,27.98],[74.76,27.94]]]},"properties":{"l":"pier"}},{"type":"Feature","geometry":{"type":"Polygon","coordinates":[[[73.43,28.28],[73.41,29.65],[73.67,29.65],[73.69,28.28],[73.43,28.28]]]},"properties":{"l":"pier"}},{"type":"Feature","geometry":{"type":"Polygon","coordinates":[[[74.24,29.56],[73.09,28.14],[72.88,28.3],[74.04,29.73],[74.24,29.56]]]},"properties":{"l":"pier"}},{"type":"Feature","geometry":{"type":"Polygon","coordinates":[[[74.51,28.73],[73.83,27.62],[73.61,27.75],[74.29,28.87],[74.51,28.73]]]},"properties":{"l":"pier"}},{"type":"Feature","geometry":{"type":"Polygon","coordinates":[[[74.92,28.75],[74.69,27.38],[74.43,27.43],[74.66,28.8],[74.92,28.75]]]},"properties":{"l":"pier"}},{"type":"Feature","geometry":{"type":"Polygon","coordinates":[[[75.99,28.92],[75.75,27.22],[75.49,27.26],[75.74,28.95],[75.99,28.92]]]},"properties":{"l":"pier"}},{"type":"Feature","geometry":{"type":"Polygon","coordinates":[[[77.61,28.48],[76.9,26.88],[76.67,26.99],[77.37,28.59],[77.61,28.48]]]},"properties":{"l":"pier"}},{"type":"Feature","geometry":{"type":"Polygon","coordinates":[[[78.17,27.75],[77.65,26.56],[77.41,26.66],[77.93,27.85],[78.17,27.75]]]},"properties":{"l":"pier"}},{"type":"Feature","geometry":{"type":"Polygon","coordinates":[[[79.32,27.16],[78.65,26.06],[78.43,26.2],[79.1,27.29],[79.32,27.16]]]},"properties":{"l":"pier"}},{"type":"Feature","geometry":{"type":"Polygon","coordinates":[[[80.32,27.27],[79.33,25.61],[79.11,25.75],[80.1,27.4],[80.32,27.27]]]},"properties":{"l":"pier"}},{"type":"Feature","geometry":{"type":"Polygon","coordinates":[[[81.21,26.12],[79.94,25.05],[79.77,25.25],[81.04,26.32],[81.21,26.12]]]},"properties":{"l":"pier"}},{"type":"Feature","geometry":{"type":"Polygon","coordinates":[[[81.74,23.89],[80.31,24.47],[80.41,24.71],[81.83,24.13],[81.74,23.89]]]},"properties":{"l":"pier"}},{"type":"Feature","geometry":{"type":"Polygon","coordinates":[[[80.12,22.8],[79.51,24.22],[79.75,24.32],[80.36,22.9],[80.12,22.8]]]},"properties":{"l":"pier"}},{"type":"Feature","geometry":{"type":"Polygon","coordinates":[[[76.79,111.41],[76.5,109.99],[76.24,110.04],[76.53,111.46],[76.79,111.41]]]},"properties":{"l":"pier"}},{"type":"Feature","geometry":{"type":"Polygon","coordinates":[[[77.91,110.95],[77.51,109.78],[77.27,109.86],[77.66,111.04],[77.91,110.95]]]},"properties":{"l":"pier"}},{"type":"Feature","geometry":{"type":"Polygon","coordinates":[[[79.7,110.18],[78.43,109.06],[78.25,109.25],[79.53,110.38],[79.7,110.18]]]},"properties":{"l":"pier"}},{"type":"Feature","geometry":{"type":"Polygon","coordinates":[[[80.34,108.99],[79.18,108.12],[79.03,108.32],[80.18,109.2],[80.34,108.99]]]},"properties":{"l":"pier"}},{"type":"Feature","geometry":{"type":"Polygon","coordinates":[[[81.46,108.2],[79.84,107.16],[79.7,107.38],[81.32,108.42],[81.46,108.2]]]},"properties":{"l":"pier"}},{"type":"Feature","geometry":{"type":"Polygon","coordinates":[[[81.49,107.02],[80.36,106.32],[80.22,106.54],[81.36,107.24],[81.49,107.02]]]},"properties":{"l":"pier"}},{"type":"Feature","geometry":{"type":"Polygon","coordinates":[[[82.35,106.21],[80.94,105.37],[80.81,105.6],[82.22,106.43],[82.35,106.21]]]},"properties":{"l":"pier"}},{"type":"Feature","geometry":{"type":"Polygon","coordinates":[[[82.76,104.67],[81.46,104.23],[81.38,104.47],[82.68,104.92],[82.76,104.67]]]},"properties":{"l":"pier"}},{"type":"Feature","geometry":{"type":"Polygon","coordinates":[[[82.94,103.86],[81.77,103.41],[81.67,103.65],[82.84,104.1],[82.94,103.86]]]},"properties":{"l":"pier"}},{"type":"Feature","geometry":{"type":"Polygon","coordinates":[[[83.38,102.87],[82.19,102.38],[82.09,102.62],[83.28,103.11],[83.38,102.87]]]},"properties":{"l":"pier"}},{"type":"Feature","geometry":{"type":"Polygon","coordinates":[[[84.02,101.92],[82.65,101.31],[82.54,101.55],[83.92,102.16],[84.02,101.92]]]},"properties":{"l":"pier"}},{"type":"Feature","geometry":{"type":"Polygon","coordinates":[[[84.57,101.01],[83.11,100.34],[83.0,100.57],[84.46,101.25],[84.57,101.01]]]},"properties":{"l":"pier"}},{"type":"Feature","geometry":{"type":"Polygon","coordinates":[[[85.18,99.48],[83.46,99.15],[83.41,99.4],[85.13,99.74],[85.18,99.48]]]},"properties":{"l":"pier"}},{"type":"Feature","geometry":{"type":"Polygon","coordinates":[[[84.87,98.26],[83.6,98.13],[83.57,98.39],[84.84,98.52],[84.87,98.26]]]},"properties":{"l":"pier"}},{"type":"Feature","geometry":{"type":"Polygon","coordinates":[[[85.15,97.21],[83.69,97.07],[83.66,97.33],[85.13,97.47],[85.15,97.21]]]},"properties":{"l":"pier"}},{"type":"Feature","geometry":{"type":"Polygon","coordinates":[[[85.13,95.98],[83.86,95.78],[83.81,96.04],[85.09,96.24],[85.13,95.98]]]},"properties":{"l":"pier"}},{"type":"Feature","geometry":{"type":"Polygon","coordinates":[[[85.53,95.1],[84.01,94.9],[83.97,95.16],[85.5,95.35],[85.53,95.1]]]},"properties":{"l":"pier"}},{"type":"Feature","geometry":{"type":"Polygon","coordinates":[[[85.08,93.65],[83.9,94.03],[83.98,94.28],[85.16,93.9],[85.08,93.65]]]},"properties":{"l":"pier"}},{"type":"Feature","geometry":{"type":"Polygon","coordinates":[[[84.67,92.61],[83.51,93.18],[83.63,93.41],[84.78,92.84],[84.67,92.61]]]},"properties":{"l":"pier"}},{"type":"Feature","geometry":{"type":"Polygon","coordinates":[[[13.69,92.89],[14.59,92.43],[14.47,92.2],[13.57,92.66],[13.69,92.89]]]},"properties":{"l":"pier"}},{"type":"Feature","geometry":{"type":"Polygon","coordinates":[[[14.08,93.83],[15.06,93.3],[14.93,93.07],[13.95,93.6],[14.08,93.83]]]},"properties":{"l":"pier"}},{"type":"Feature","geometry":{"type":"Polygon","coordinates":[[[14.39,94.8],[15.59,94.42],[15.52,94.17],[14.31,94.55],[14.39,94.8]]]},"properties":{"l":"pier"}},{"type":"Feature","geometry":{"type":"Polygon","coordinates":[[[14.18,95.65],[15.64,95.69],[15.65,95.43],[14.19,95.39],[14.18,95.65]]]},"properties":{"l":"pier"}},{"type":"Feature","geometry":{"type":"Polygon","coordinates":[[[14.48,96.72],[15.64,96.7],[15.64,96.44],[14.47,96.46],[14.48,96.72]]]},"properties":{"l":"pier"}},{"type":"Feature","geometry":{"type":"Polygon","coordinates":[[[14.34,97.73],[15.68,97.66],[15.67,97.4],[14.33,97.47],[14.34,97.73]]]},"properties":{"l":"pier"}},{"type":"Feature","geometry":{"type":"Polygon","coordinates":[[[14.53,98.92],[15.7,98.93],[15.7,98.67],[14.53,98.66],[14.53,98.92]]]},"properties":{"l":"pier"}},{"type":"Feature","geometry":{"type":"Polygon","coordinates":[[[14.59,100.06],[15.83,99.75],[15.77,99.5],[14.53,99.81],[14.59,100.06]]]},"properties":{"l":"pier"}},{"type":"Feature","geometry":{"type":"Polygon","coordinates":[[[15.11,101.43],[16.29,100.85],[16.17,100.62],[15.0,101.2],[15.11,101.43]]]},"properties":{"l":"pier"}},{"type":"Feature","geometry":{"type":"Polygon","coordinates":[[[15.51,102.04],[16.63,101.73],[16.56,101.48],[15.45,101.79],[15.51,102.04]]]},"properties":{"l":"pier"}},{"type":"Feature","geometry":{"type":"Polygon","coordinates":[[[15.52,103.1],[16.86,102.76],[16.79,102.51],[15.46,102.85],[15.52,103.1]]]},"properties":{"l":"pier"}},{"type":"Feature","geometry":{"type":"Polygon","coordinates":[[[16.43,104.29],[17.29,103.81],[17.16,103.58],[16.3,104.07],[16.43,104.29]]]},"properties":{"l":"pier"}},{"type":"Feature","geometry":{"type":"Polygon","coordinates":[[[17.0,105.54],[17.99,104.8],[17.84,104.59],[16.84,105.33],[17.0,105.54]]]},"properties":{"l":"pier"}},{"type":"Feature","geometry":{"type":"Polygon","coordinates":[[[17.63,106.26],[18.55,105.52],[18.38,105.32],[17.47,106.06],[17.63,106.26]]]},"properties":{"l":"pier"}},{"type":"Feature","geometry":{"type":"Polygon","coordinates":[[[18.48,107.32],[19.38,106.43],[19.2,106.24],[18.3,107.14],[18.48,107.32]]]},"properties":{"l":"pier"}},{"type":"Feature","geometry":{"type":"Polygon","coordinates":[[[19.23,107.95],[20.09,107.18],[19.91,106.99],[19.06,107.75],[19.23,107.95]]]},"properties":{"l":"pier"}},{"type":"Feature","geometry":{"type":"Polygon","coordinates":[[[111.17,7.05],[110.42,5.64],[110.19,5.77],[110.94,7.18],[111.17,7.05]]]},"properties":{"l":"pier"}},{"type":"Feature","geometry":{"type":"Polygon","coordinates":[[[112.02,6.87],[111.26,5.23],[111.02,5.34],[111.79,6.98],[112.02,6.87]]]},"properties":{"l":"pier"}},{"type":"Feature","geometry":{"type":"Polygon","coordinates":[[[113.16,6.71],[112.18,4.78],[111.95,4.9],[112.93,6.83],[113.16,6.71]]]},"properties":{"l":"pier"}},{"type":"Feature","geometry":{"type":"Polygon","coordinates":[[[113.89,6.21],[112.96,4.38],[112.72,4.5],[113.65,6.33],[113.89,6.21]]]},"properties":{"l":"pier"}},{"type":"Feature","geometry":{"type":"Polygon","coordinates":[[[114.54,5.53],[113.92,3.97],[113.67,4.06],[114.3,5.63],[114.54,5.53]]]},"properties":{"l":"pier"}},{"type":"Feature","geometry":{"type":"Polygon","coordinates":[[[117.3,5.02],[116.85,3.2],[116.6,3.26],[117.05,5.09],[117.3,5.02]]]},"properties":{"l":"pier"}},{"type":"Feature","geometry":{"type":"Polygon","coordinates":[[[118.36,4.97],[117.86,2.94],[117.61,3.0],[118.11,5.03],[118.36,4.97]]]},"properties":{"l":"pier"}},{"type":"Feature","geometry":{"type":"Polygon","coordinates":[[[119.49,4.42],[119.09,2.65],[118.83,2.71],[119.24,4.48],[119.49,4.42]]]},"properties":{"l":"pier"}},{"type":"Feature","geometry":{"type":"Polygon","coordinates":[[[120.4,4.47],[120.02,2.46],[119.77,2.51],[120.15,4.52],[120.4,4.47]]]},"properties":{"l":"pier"}},{"type":"Feature","geometry":{"type":"Polygon","coordinates":[[[121.32,4.21],[121.02,2.29],[120.76,2.33],[121.06,4.25],[121.32,4.21]]]},"properties":{"l":"pier"}},{"type":"Feature","geometry":{"type":"Polygon","coordinates":[[[122.17,3.98],[121.89,2.16],[121.64,2.19],[121.91,4.02],[122.17,3.98]]]},"properties":{"l":"pier"}},{"type":"Feature","geometry":{"type":"Polygon","coordinates":[[[123.11,3.65],[122.88,2.01],[122.62,2.05],[122.86,3.69],[123.11,3.65]]]},"properties":{"l":"pier"}},{"type":"Feature","geometry":{"type":"Polygon","coordinates":[[[123.94,3.71],[123.79,1.91],[123.53,1.93],[123.68,3.73],[123.94,3.71]]]},"properties":{"l":"pier"}},{"type":"Feature","geometry":{"type":"Polygon","coordinates":[[[124.82,3.68],[124.82,1.88],[124.56,1.88],[124.56,3.68],[124.82,3.68]]]},"properties":{"l":"pier"}},{"type":"Feature","geometry":{"type":"Polygon","coordinates":[[[126.47,3.9],[126.08,1.78],[125.83,1.83],[126.21,3.95],[126.47,3.9]]]},"properties":{"l":"pier"}},{"type":"Feature","geometry":{"type":"Polygon","coordinates":[[[127.88,3.45],[127.1,1.46],[126.86,1.56],[127.64,3.54],[127.88,3.45]]]},"properties":{"l":"pier"}},{"type":"Feature","geometry":{"type":"Polygon","coordinates":[[[128.73,3.04],[128.19,1.11],[127.94,1.18],[128.48,3.11],[128.73,3.04]]]},"properties":{"l":"pier"}},{"type":"Feature","geometry":{"type":"Polygon","coordinates":[[[129.72,2.9],[129.27,0.85],[129.02,0.91],[129.47,2.95],[129.72,2.9]]]},"properties":{"l":"pier"}},{"type":"Feature","geometry":{"type":"Polygon","coordinates":[[[33.88,131.06],[33.5,129.29],[33.25,129.35],[33.62,131.12],[33.88,131.06]]]},"properties":{"l":"pier"}},{"type":"Feature","geometry":{"type":"Polygon","coordinates":[[[35.28,130.69],[34.66,128.95],[34.42,129.04],[35.03,130.78],[35.28,130.69]]]},"properties":{"l":"pier"}},{"type":"Feature","geometry":{"type":"Polygon","coordinates":[[[36.63,129.79],[35.49,128.45],[35.29,128.62],[36.43,129.95],[36.63,129.79]]]},"properties":{"l":"pier"}},{"type":"Feature","geometry":{"type":"Polygon","coordinates":[[[37.44,128.65],[35.97,127.74],[35.84,127.96],[37.3,128.87],[37.44,128.65]]]},"properties":{"l":"pier"}},{"type":"Feature","geometry":{"type":"Polygon","coordinates":[[[38.19,127.62],[36.62,126.64],[36.48,126.86],[38.05,127.84],[38.19,127.62]]]},"properties":{"l":"pier"}},{"type":"Feature","geometry":{"type":"Polygon","coordinates":[[[39.35,127.14],[37.33,125.65],[37.17,125.86],[39.19,127.35],[39.35,127.14]]]},"properties":{"l":"pier"}},{"type":"Feature","geometry":{"type":"Polygon","coordinates":[[[39.3,126.03],[37.81,124.97],[37.66,125.19],[39.15,126.24],[39.3,126.03]]]},"properties":{"l":"pier"}},{"type":"Feature","geometry":{"type":"Polygon","coordinates":[[[40.26,124.26],[38.17,123.92],[38.13,124.18],[40.22,124.51],[40.26,124.26]]]},"properties":{"l":"pier"}},{"type":"Feature","geometry":{"type":"Polygon","coordinates":[[[40.49,123.16],[38.32,122.83],[38.28,123.08],[40.45,123.42],[40.49,123.16]]]},"properties":{"l":"pier"}},{"type":"Feature","geometry":{"type":"Polygon","coordinates":[[[40.81,122.2],[38.53,121.74],[38.48,121.99],[40.76,122.45],[40.81,122.2]]]},"properties":{"l":"pier"}},{"type":"Feature","geometry":{"type":"Polygon","coordinates":[[[40.42,121.0],[38.75,120.65],[38.7,120.91],[40.36,121.26],[40.42,121.0]]]},"properties":{"l":"pier"}},{"type":"Feature","geometry":{"type":"Polygon","coordinates":[[[41.26,120.2],[39.05,119.51],[38.97,119.76],[41.18,120.45],[41.26,120.2]]]},"properties":{"l":"pier"}},{"type":"Feature","geometry":{"type":"Polygon","coordinates":[[[41.71,119.52],[39.4,118.56],[39.3,118.8],[41.61,119.76],[41.71,119.52]]]},"properties":{"l":"pier"}},{"type":"Feature","geometry":{"type":"Point","coordinates":[1.0,10.0]},"properties":{"l":"place","n":"Wayne Manor","k":"landmark","i":"manor","a":"Gotham County"}},{"type":"Feature","geometry":{"type":"Point","coordinates":[7.6,16.4]},"properties":{"l":"place","n":"Drake Manor","k":"landmark","i":"manor","a":"Bristol"}},{"type":"Feature","geometry":{"type":"Point","coordinates":[5.0,22.0]},"properties":{"l":"place","n":"Bristol","k":"district","i":"","a":"Bristol"}},{"type":"Feature","geometry":{"type":"Point","coordinates":[5.2,35.4]},"properties":{"l":"place","n":"Gotham Cemetery","k":"landmark","i":"cemetery","a":"Gotham County"}},{"type":"Feature","geometry":{"type":"Point","coordinates":[2.0,92.0]},"properties":{"l":"place","n":"Sionis Steel Mill","k":"landmark","i":"industry","a":"Gotham County"}},{"type":"Feature","geometry":{"type":"Point","coordinates":[21.6,36.0]},"properties":{"l":"place","n":"The Narrows","k":"district","i":"","a":"The Narrows"}},{"type":"Feature","geometry":{"type":"Point","coordinates":[38.4,28.6]},"properties":{"l":"place","n":"Cherry Hills","k":"district","i":"","a":"Cherry Hills"}},{"type":"Feature","geometry":{"type":"Point","coordinates":[49.0,30.2]},"properties":{"l":"place","n":"Otisburg","k":"district","i":"","a":"Otisburg"}},{"type":"Feature","geometry":{"type":"Point","coordinates":[52.4,26.4]},"properties":{"l":"place","n":"Knightsdome","k":"landmark","i":"stadium","a":"Otisburg"}},{"type":"Feature","geometry":{"type":"Point","coordinates":[47.4,33.4]},"properties":{"l":"place","n":"S.T.A.R. Labs","k":"landmark","i":"lab","a":"Otisburg"}},{"type":"Feature","geometry":{"type":"Point","coordinates":[64.0,24.6]},"properties":{"l":"place","n":"Amusement Mile","k":"district","i":"","a":"Amusement Mile"}},{"type":"Feature","geometry":{"type":"Point","coordinates":[65.0,34.2]},"properties":{"l":"place","n":"New Town","k":"district","i":"","a":"New Town"}},{"type":"Feature","geometry":{"type":"Point","coordinates":[52.0,42.0]},"properties":{"l":"place","n":"Burnley","k":"district","i":"","a":"Burnley"}},{"type":"Feature","geometry":{"type":"Point","coordinates":[67.4,44.6]},"properties":{"l":"place","n":"Crime Alley","k":"district","i":"","a":"Crime Alley"}},{"type":"Feature","geometry":{"type":"Point","coordinates":[63.4,44.4]},"properties":{"l":"place","n":"Park Row","k":"quarter","i":"","a":"Crime Alley"}},{"type":"Feature","geometry":{"type":"Point","coordinates":[65.4,43.0]},"properties":{"l":"place","n":"Monarch Theatre","k":"landmark","i":"theatre","a":"Crime Alley"}},{"type":"Feature","geometry":{"type":"Point","coordinates":[70.4,46.8]},"properties":{"l":"place","n":"Thompkins Clinic","k":"landmark","i":"hospital","a":"Crime Alley"}},{"type":"Feature","geometry":{"type":"Point","coordinates":[67.0,50.2]},"properties":{"l":"place","n":"The Bowery","k":"district","i":"","a":"The Bowery"}},{"type":"Feature","geometry":{"type":"Point","coordinates":[80.4,44.0]},"properties":{"l":"place","n":"Robinsville","k":"district","i":"","a":"Robinsville"}},{"type":"Feature","geometry":{"type":"Point","coordinates":[85.4,60.2]},"properties":{"l":"place","n":"Iceberg Lounge","k":"landmark","i":"nightlife","a":"Robinsville"}},{"type":"Feature","geometry":{"type":"Point","coordinates":[34.2,46.4]},"properties":{"l":"place","n":"Arkham Island","k":"district","i":"","a":"Arkham Island"}},{"type":"Feature","geometry":{"type":"Point","coordinates":[36.0,47.6]},"properties":{"l":"place","n":"Arkham Asylum","k":"landmark","i":"asylum","a":"Arkham Island"}},{"type":"Feature","geometry":{"type":"Point","coordinates":[39.0,57.8]},"properties":{"l":"place","n":"Coventry","k":"district","i":"","a":"Coventry"}},{"type":"Feature","geometry":{"type":"Point","coordinates":[28.4,69.4]},"properties":{"l":"place","n":"University District","k":"district","i":"","a":"University District"}},{"type":"Feature","geometry":{"type":"Point","coordinates":[25.6,66.6]},"properties":{"l":"place","n":"Gotham University","k":"landmark","i":"university","a":"University District"}},{"type":"Feature","geometry":{"type":"Point","coordinates":[33.4,75.0]},"properties":{"l":"place","n":"Gotham General Hospital","k":"landmark","i":"hospital","a":"University District"}},{"type":"Feature","geometry":{"type":"Point","coordinates":[45.6,79.0]},"properties":{"l":"place","n":"Robinson Park","k":"district","i":"","a":"Robinson Park"}},{"type":"Feature","geometry":{"type":"Point","coordinates":[42.4,65.6]},"properties":{"l":"place","n":"Wayne Botanical Garden","k":"landmark","i":"garden","a":"Robinson Park"}},{"type":"Feature","geometry":{"type":"Point","coordinates":[44.2,72.6]},"properties":{"l":"place","n":"The Reservoir","k":"landmark","i":"water","a":"Robinson Park"}},{"type":"Feature","geometry":{"type":"Point","coordinates":[49.6,83.0]},"properties":{"l":"place","n":"Saul Erdel Planetarium","k":"landmark","i":"museum","a":"Robinson Park"}},{"type":"Feature","geometry":{"type":"Point","coordinates":[62.4,70.2]},"properties":{"l":"place","n":"Upper East Side","k":"district","i":"","a":"Upper East Side"}},{"type":"Feature","geometry":{"type":"Point","coordinates":[58.6,64.6]},"properties":{"l":"place","n":"Gotham Museum","k":"landmark","i":"museum","a":"Upper East Side"}},{"type":"Feature","geometry":{"type":"Point","coordinates":[70.4,66.6]},"properties":{"l":"place","n":"Ace Chemicals","k":"landmark","i":"industry","a":"Upper East Side"}},{"type":"Feature","geometry":{"type":"Point","coordinates":[69.6,75.0]},"properties":{"l":"place","n":"Janus Cosmetics","k":"landmark","i":"industry","a":"Upper East Side"}},{"type":"Feature","geometry":{"type":"Point","coordinates":[24.6,88.0]},"properties":{"l":"place","n":"Upper West Side","k":"district","i":"","a":"Upper West Side"}},{"type":"Feature","geometry":{"type":"Point","coordinates":[20.6,93.4]},"properties":{"l":"place","n":"Gotham Heights","k":"quarter","i":"","a":"Upper West Side"}},{"type":"Feature","geometry":{"type":"Point","coordinates":[46.0,95.0]},"properties":{"l":"place","n":"Diamond District","k":"district","i":"","a":"Diamond District"}},{"type":"Feature","geometry":{"type":"Point","coordinates":[45.2,100.0]},"properties":{"l":"place","n":"Wayne Tower","k":"landmark","i":"tower","a":"Diamond District"}},{"type":"Feature","geometry":{"type":"Point","coordinates":[51.6,90.0]},"properties":{"l":"place","n":"Theater District","k":"quarter","i":"","a":"Diamond District"}},{"type":"Feature","geometry":{"type":"Point","coordinates":[53.6,91.6]},"properties":{"l":"place","n":"Gotham Opera House","k":"landmark","i":"theatre","a":"Diamond District"}},{"type":"Feature","geometry":{"type":"Point","coordinates":[39.6,97.2]},"properties":{"l":"place","n":"Union Station","k":"landmark","i":"station","a":"Diamond District"}},{"type":"Feature","geometry":{"type":"Point","coordinates":[51.0,99.0]},"properties":{"l":"place","n":"Financial District","k":"quarter","i":"","a":"Diamond District"}},{"type":"Feature","geometry":{"type":"Point","coordinates":[54.4,102.4]},"properties":{"l":"place","n":"GCPD Central","k":"landmark","i":"police","a":"Diamond District"}},{"type":"Feature","geometry":{"type":"Point","coordinates":[64.0,90.4]},"properties":{"l":"place","n":"Fashion District","k":"district","i":"","a":"Fashion District"}},{"type":"Feature","geometry":{"type":"Point","coordinates":[66.2,95.2]},"properties":{"l":"place","n":"Gotham Zoo","k":"landmark","i":"zoo","a":"Fashion District"}},{"type":"Feature","geometry":{"type":"Point","coordinates":[60.0,98.4]},"properties":{"l":"place","n":"Gotham Gazette","k":"landmark","i":"news","a":"Fashion District"}},{"type":"Feature","geometry":{"type":"Point","coordinates":[70.4,103.4]},"properties":{"l":"place","n":"City Hall District","k":"district","i":"","a":"City Hall District"}},{"type":"Feature","geometry":{"type":"Point","coordinates":[76.0,96.0]},"properties":{"l":"place","n":"City Hall","k":"landmark","i":"civic","a":"City Hall District"}},{"type":"Feature","geometry":{"type":"Point","coordinates":[75.6,100.8]},"properties":{"l":"place","n":"Mercy Hospital","k":"landmark","i":"hospital","a":"City Hall District"}},{"type":"Feature","geometry":{"type":"Point","coordinates":[71.4,107.0]},"properties":{"l":"place","n":"Gotham Superior Courthouse","k":"landmark","i":"civic","a":"City Hall District"}},{"type":"Feature","geometry":{"type":"Point","coordinates":[79.0,104.0]},"properties":{"l":"place","n":"East End","k":"quarter","i":"","a":"City Hall District"}},{"type":"Feature","geometry":{"type":"Point","coordinates":[27.0,103.6]},"properties":{"l":"place","n":"Chinatown","k":"district","i":"","a":"Chinatown"}},{"type":"Feature","geometry":{"type":"Point","coordinates":[17.4,98.0]},"properties":{"l":"place","n":"Gotham Marina","k":"landmark","i":"marina","a":"Chinatown"}},{"type":"Feature","geometry":{"type":"Point","coordinates":[47.0,108.6]},"properties":{"l":"place","n":"Old Gotham","k":"district","i":"","a":"Old Gotham"}},{"type":"Feature","geometry":{"type":"Point","coordinates":[49.0,104.6]},"properties":{"l":"place","n":"The Clocktower","k":"landmark","i":"clock","a":"Old Gotham"}},{"type":"Feature","geometry":{"type":"Point","coordinates":[43.6,106.0]},"properties":{"l":"place","n":"Gotham Cathedral","k":"landmark","i":"church","a":"Old Gotham"}},{"type":"Feature","geometry":{"type":"Point","coordinates":[29.0,121.0]},"properties":{"l":"place","n":"Tricorner","k":"district","i":"","a":"Tricorner"}},{"type":"Feature","geometry":{"type":"Point","coordinates":[36.0,124.6]},"properties":{"l":"place","n":"Tricorner Naval Yard","k":"landmark","i":"naval","a":"Tricorner"}},{"type":"Feature","geometry":{"type":"Point","coordinates":[26.0,128.6]},"properties":{"l":"place","n":"Gotham Docks","k":"landmark","i":"dock","a":"Tricorner"}},{"type":"Feature","geometry":{"type":"Point","coordinates":[69.0,122.6]},"properties":{"l":"place","n":"Blackgate Penitentiary","k":"landmark","i":"prison","a":"Blackgate Isle"}},{"type":"Feature","geometry":{"type":"Point","coordinates":[49.6,121.2]},"properties":{"l":"place","n":"Paris Island","k":"district","i":"","a":"Paris Island"}},{"type":"Feature","geometry":{"type":"Point","coordinates":[106.0,66.0]},"properties":{"l":"place","n":"Burnside","k":"district","i":"","a":"Burnside"}},{"type":"Feature","geometry":{"type":"Point","coordinates":[122.0,-9.0]},"properties":{"l":"place","n":"Central Business District","k":"district","i":"","a":"Blüdhaven"}},{"type":"Feature","geometry":{"type":"Point","coordinates":[117.6,1.0]},"properties":{"l":"place","n":"Waterloo Docks","k":"landmark","i":"dock","a":"Blüdhaven"}},{"type":"Feature","geometry":{"type":"Point","coordinates":[131.0,-17.0]},"properties":{"l":"place","n":"Avalon Heights","k":"district","i":"","a":"Blüdhaven"}},{"type":"Feature","geometry":{"type":"Point","coordinates":[127.0,-2.5]},"properties":{"l":"place","n":"Halyard Square","k":"district","i":"","a":"Blüdhaven"}},{"type":"Feature","geometry":{"type":"Point","coordinates":[119.4,-6.4]},"properties":{"l":"place","n":"Blüdhaven Precinct","k":"landmark","i":"police","a":"Blüdhaven"}},{"type":"Feature","geometry":{"type":"Point","coordinates":[135.5,-5.0]},"properties":{"l":"place","n":"Port's Park","k":"district","i":"","a":"Blüdhaven"}},{"type":"Feature","geometry":{"type":"Point","coordinates":[109.5,-8.0]},"properties":{"l":"place","n":"Fort Joseph","k":"district","i":"","a":"Blüdhaven"}},{"type":"Feature","geometry":{"type":"Point","coordinates":[106.0,-16.0]},"properties":{"l":"place","n":"Haly's Circus Winter Quarters","k":"landmark","i":"circus","a":"Blüdhaven"}},{"type":"Feature","geometry":{"type":"Point","coordinates":[11.6,76.0]},"properties":{"l":"water_label","n":"Gotham River","r":-82}},{"type":"Feature","geometry":{"type":"Point","coordinates":[26.0,15.0]},"properties":{"l":"water_label","n":"Gotham River","r":0}},{"type":"Feature","geometry":{"type":"Point","coordinates":[45.0,53.0]},"properties":{"l":"water_label","n":"Sprang River","r":0}},{"type":"Feature","geometry":{"type":"Point","coordinates":[70.0,81.4]},"properties":{"l":"water_label","n":"Finger River","r":-40}},{"type":"Feature","geometry":{"type":"Point","coordinates":[52.0,128.0]},"properties":{"l":"water_label","n":"Gotham Harbor","r":0}},{"type":"Feature","geometry":{"type":"Point","coordinates":[104.0,30.0]},"properties":{"l":"water_label","n":"Atlantic Ocean","r":0}},{"type":"Feature","geometry":{"type":"Point","coordinates":[110.0,120.0]},"properties":{"l":"water_label","n":"Atlantic Ocean","r":0}},{"type":"Feature","geometry":{"type":"Point","coordinates":[-30.0,52.0]},"properties":{"l":"water_label","n":"Kane River","r":18}},{"type":"Feature","geometry":{"type":"Point","coordinates":[-6.0,50.0]},"properties":{"l":"area_label","n":"Gotham County"}},{"type":"Feature","geometry":{"type":"Point","coordinates":[69.0,126.6]},"properties":{"l":"area_label","n":"Blackgate Isle"}},{"type":"Feature","geometry":{"type":"Point","coordinates":[121.0,-22.0]},"properties":{"l":"area_label","n":"Blüdhaven"}},{"type":"Feature","geometry":{"type":"Point","coordinates":[52.0,2.0]},"properties":{"l":"area_label","n":"Gotham"}}]}